chunk_feature,timing_feature,n,rho,p_value
size,deliberation_time_median,195,-0.4722426321837219,3.1762284631925166e-12
size,mean_rt_median,195,-0.6097444528961464,3.0689954888335994e-21
n_chunks_total,deliberation_time_median,195,0.416139533723629,1.44498247196939e-09
n_chunks_total,mean_rt_median,195,0.38583380605309336,2.5409381119894574e-08
n_cells,deliberation_time_median,195,-0.43958147890401206,1.2822140803136024e-10
n_cells,mean_rt_median,195,-0.5925261777986373,7.208491240772741e-20
is_connected,deliberation_time_median,195,-0.0017462655165158844,0.9806703370252163
is_connected,mean_rt_median,195,-0.28219262328246125,6.420290082119088e-05
fill_ratio,deliberation_time_median,195,0.1234944731262846,0.08543074286682802
fill_ratio,mean_rt_median,195,-0.09826668177183641,0.17171706944663775
color_homogeneity,deliberation_time_median,195,-0.19518037191085788,0.0062499609799443485
color_homogeneity,mean_rt_median,195,-0.2988460729256016,2.198505364600437e-05
bbox_area,deliberation_time_median,195,-0.20456553755522824,0.00412246846942381
bbox_area,mean_rt_median,195,-0.1630613863309003,0.022747164787521836
nn_chain_rate,deliberation_time_median,195,0.02279208273317257,0.7517983802726719
nn_chain_rate,mean_rt_median,195,-0.207619479195326,0.003586498976114389
success_iou_best,deliberation_time_median,195,-0.021748207609768724,0.7628195125756267
success_iou_best,mean_rt_median,195,-0.28960332745310646,4.01810437394813e-05
