subject,n_gaps,median_gap_ms,antimode_ms,prefers_bimodal,accuracy
r99uy0qb,2600,229.0,373.2486094620018,True,0.5352112676056338
idma9086,3590,266.5499999821186,708.9782264998591,True,0.8055555555555556
0fy66fv2,1014,327.19999999925494,94.60698548176941,True,0.05
7nszfy43,1419,518.0,1832.6607709427776,True,
b73rrttr,1324,419.8999999994412,2138.83443744516,False,0.1111111111111111
yebzokh4,3526,559.9500000029802,94.40458135222379,False,0.8333333333333334
kavvl57w,2099,306.69999998807907,680.458458894136,True,0.9636363636363636
qfiy90jx,3247,282.7999999523163,460.47288582565625,True,0.8356164383561644
8oohxrrz,3363,200.70000004768372,573.6850930755369,True,0.8904109589041096
x5id5i5q,2315,566.0,2526.777789167735,True,0.7
g3vslpjv,3581,349.8999999985099,292.761218403772,True,0.8767123287671232
2d8q4qkc,3075,133.0,274.03891558128214,True,1.0
o2ho0580,3751,219.10000038146973,188.60065477130397,True,0.1506849315068493
bx44xwzb,3385,564.7999999970198,191.11208799942074,True,0.958904109589041
c9sps7bl,3616,182.9000000357628,315.54987137174504,True,1.0
jqeesfz7,3176,397.90000000037253,33.66568855155683,True,0.9452054794520548
xji13cu2,1181,243.0,636.2911787911696,True,
9pjr0waw,1632,293.34999999962747,412.1037128087419,False,0.7619047619047619
kck1uue7,4094,275.84999990463257,927.801836195097,True,0.9041095890410958
nx0vccp8,3721,577.1999999284744,131.13499512018382,True,0.8356164383561644
8psac9uo,4092,609.5499999523163,95.16418568209596,True,0.9178082191780822
aypxap78,3413,185.0999999642372,294.03330382863123,True,0.9726027397260274
l0nln4b2,3423,399.5999999642372,192.78897492676973,False,0.8767123287671232
ascil7wf,3712,397.80000000447035,539.0980181051457,False,0.9452054794520548
8y2nd2sh,3995,266.19999998807907,386.2572583170062,True,0.9863013698630136
c2lwacqc,2989,333.5,841.1743926680842,False,0.8333333333333334
g7svteiz,3527,556.5999999046326,138.1684016082084,True,0.9726027397260274
cw4tyx7n,1424,581.5,105.28081596240837,True,0.3125
189iqcds,2758,375.1000000014901,1239.256986171224,True,0.8970588235294118
mzi8f2hv,3658,144.70000000018626,358.0563384015775,True,0.863013698630137
fgxp8fzz,3118,233.29999995231628,699.7988171577286,True,0.8333333333333334
rhbgnqhz,3551,250.19999998807907,117.74845799547039,False,0.9285714285714286
72p6pxny,5020,195.35000002384186,290.80117018365127,True,0.821917808219178
hd5k29qy,4014,297.0,1539.6760232020765,True,0.8082191780821918
ldo5smvx,2398,266.9500002861023,333.97125926742984,False,0.8103448275862069
qu0lm98m,4600,180.20000000298023,143.19995704620726,True,0.8493150684931506
jayyv6lz,3691,389.0,261.4240284834431,False,0.9295774647887324
yfyhejim,4333,107.89999961853027,315.55560446934595,True,0.863013698630137
0yfthc4y,4951,137.2000000178814,155.50216252708935,True,0.7323943661971831
ei0ij8ms,3929,201.0,357.68437478905946,True,0.958904109589041
2tkm21z6,2910,440.0,295.42508876247103,True,0.8356164383561644
onnumbyy,2830,656.0,128.27242065034224,True,0.7543859649122807
m63pxnwq,2806,166.89999997615814,356.8895368784996,True,0.8805970149253731
t3l0if03,3242,182.10000002384183,161.22966176298837,True,0.7123287671232876
nldu5ge3,3071,200.1000000089407,380.24835820110167,True,0.8888888888888888
4wx63ymf,3412,151.0,276.10049992823184,True,0.9726027397260274
bcyhma9y,1897,509.2000000178814,3813.79137009073,False,0.4888888888888889
kkeej6x5,3100,309.0,18.63000442528869,True,0.9863013698630136
f5ktzt2t,3954,145.69999992847443,226.8671266773315,False,0.9722222222222222
pcrxo3zp,3856,184.0,166.45161333197973,True,0.7868852459016393
2w766g1z,3168,199.89999997615817,536.2680120791666,True,0.7916666666666666
nqubyvew,3013,249.0,176.50291988521536,True,0.7962962962962963
om1m73rv,4210,202.64999997615814,250.9539778854875,True,0.8082191780821918
7agy8y3l,3757,375.89999997615814,205.98129117584904,False,0.6986301369863014
vbwguazj,3084,276.65000000037253,871.7328714320431,True,0.9710144927536232
z3die4q3,3643,150.0,391.0343904566794,True,1.0
8jwr3j6t,2757,165.59999990463257,251.82000055627964,True,0.8333333333333334
p445h6ow,1772,200.0,204.5871011844309,True,
mhskzwic,3165,322.0,360.4831480236892,False,0.9722222222222222
8yhijukj,2959,333.4000000357628,68.68982699692563,True,0.5694444444444444
xklnx39q,3725,216.39999997615817,249.123429042151,True,0.7605633802816901
pz38obzd,3418,250.55000001192093,721.6525831679462,True,1.0
nrfiw9bx,3366,234.3000001907349,502.39461166279784,False,0.9315068493150684
cfclud8z,3282,333.75000000186265,325.77016577740625,True,0.8888888888888888
zelqv7az,3234,218.0999999642372,166.53985109063532,True,0.9178082191780822
jx6lhkbi,3153,266.59999990463257,385.0914489686068,True,0.821917808219178
mpzcivx9,3583,183.1000000005588,214.36353293777688,False,0.9178082191780822
clhkwrie,3875,315.1000000089407,1118.2377336937416,True,0.625
1qt2f29y,3605,416.6749999988824,63.393755306783135,False,0.726027397260274
sp00glmz,3686,498.8999999985099,256.8889145806255,True,0.7397260273972602
23iyreiv,2165,332.69999980926514,223.03415050620168,False,0.6136363636363636
ya0wv6pm,3814,365.0,53.249027631468564,True,0.8767123287671232
0wk7vjg8,1229,571.0,2291.888773206885,False,
1r6yodve,4489,710.0,1633.349316579493,True,0.5294117647058824
2anyuqd8,1971,734.0,1542.6593777471348,True,0.9772727272727272
k0qq522n,1459,528.3000000007451,2147.371932777002,True,
cbvc5e3w,1438,344.60000002384186,1128.4918286654408,True,
zfeorjum,3665,282.0,263.99278231361933,True,0.6986301369863014
hkj9daz7,3274,266.1000000014901,425.62605999354696,False,1.0
9ohxtpht,3083,295.79999999701977,175.1580941355023,True,0.863013698630137
w12e497z,11258,95.30000000447033,7.909995602158266,True,0.0138888888888888
318gokyy,591,240.70000004768372,567.820991549243,True,
oxvw1rhx,4002,366.04999999981374,60.667311781045065,True,0.6986301369863014
4j6cy1mk,3657,213.79999995231628,108.2762440222818,False,0.8767123287671232
fl73adm5,2720,166.29999995231628,349.4134178091856,True,0.979591836734694
8d21w3yr,3924,401.5,1580.978674085231,False,0.7101449275362319
3cc6zm51,3439,321.0,1100.6558225780263,True,0.821917808219178
ske58akk,3838,244.90000000596046,360.30316415637407,True,0.9041095890410958
ovhoesyy,3309,253.0,188.80476716750454,False,0.9178082191780822
r24jdhzg,3239,399.9000000022352,103.26980150117285,False,0.8493150684931506
stbyxpx6,2250,241.75,171.84512910825924,False,0.7678571428571429
nze0azo1,3730,267.0,373.3307111373007,True,0.8356164383561644
r2ck84r8,3141,322.39999985694885,269.96369808649473,False,0.9178082191780822
hpl7jugr,3076,150.0,314.56409518032086,True,1.0
qazkn1sw,2642,319.0,116.12404585159668,False,0.375
f0wpo2hr,4166,167.0,393.8084886492874,True,0.958904109589041
c7z6erey,3139,216.60000002384183,522.8458928895828,True,0.9315068493150684
8aknstxj,2978,332.0,319.2768501448178,True,0.8412698412698413
zvbewhqx,3451,249.89999997615817,204.78209288296867,True,0.7808219178082192
plfupad7,3530,499.79999999981374,270.41672617656354,False,0.9315068493150684
ism64anu,3589,282.60000002384186,193.01423011078674,True,0.9041095890410958
hsm45iwx,3253,300.40000000596046,306.992769155588,False,0.9178082191780822
4s3cm7d8,2985,408.0,128.80911097582924,True,0.5616438356164384
e2w81k0i,3587,166.39999997615814,428.54167349199076,True,0.863013698630137
sn10zd6g,3597,273.2000000476837,406.51026446788825,True,0.9041095890410958
szbhlpfr,2401,320.20000000298023,158.26146511133953,True,0.7321428571428571
phbjwkyw,3823,206.29999995231628,624.0841221587259,True,0.6712328767123288
89u58v07,3910,240.79999999981374,872.5130495599606,True,0.7534246575342466
y32zaw9c,2763,520.0,201.77423844714946,True,0.9027777777777778
0ra11hiv,2575,650.0,5141.634647184286,False,0.6530612244897959
cuybsfwr,2960,232.5,139.96308440882677,True,0.6551724137931034
ihnjt6k4,1209,448.0,1902.1214357466645,True,
44o5xnxe,3025,211.0,354.1331302773037,True,0.9863013698630136
qkiu92kk,2071,286.40000000596046,116.65218591026276,False,0.9215686274509804
02333qfj,2825,222.20000004768372,266.4768568979864,True,0.7692307692307693
q04yitea,2894,336.0,217.24941118249794,False,0.8194444444444444
qfsp3ery,3377,531.7000002861023,154.22662419596602,True,0.7352941176470589
kmwiem6m,3719,111.19999992847444,364.6605667051026,True,0.9726027397260274
ikfbpugl,2814,150.30000001192093,90.00423347067438,True,0.5370370370370371
d33m799j,1559,91.90000009536745,28.959448585860365,True,0.135593220338983
cp3b83py,3359,152.69999998807907,363.92978501940604,True,0.9726027397260274
27d8totr,2918,632.5500000007451,199.0004681947894,True,0.9859154929577464
fkx2gd88,3336,232.15000000596046,330.9152795817567,True,1.0
qothvfhf,2971,487.10000002384186,1434.7589388033648,True,0.8428571428571429
91fk0af9,2059,390.0,1981.1243363207968,False,
l9krayds,5795,166.30000007152557,227.58147920390758,True,0.2580645161290322
dmft9d3y,3685,283.7000000476837,372.3175908601629,False,0.863013698630137
bdfn1h0o,1286,293.7500001192093,344.3760344517448,True,
6e5gb0yb,3589,150.10000014305115,150.67115834266068,True,0.9863013698630136
pgtp756s,801,431.7999999821186,221.74281024210111,True,
y8mzyzjc,1061,375.59999990463257,119.89969191970678,False,
bmlngyh3,7457,141.20000004768372,177.34517471580185,True,0.7397260273972602
clucow7d,4146,183.0999999940395,438.9850189370388,True,0.8767123287671232
cghxa2ie,3632,416.74999999813735,654.178070766186,False,0.9041095890410958
byx9jkxm,3259,233.0,218.66963276390084,False,0.9726027397260274
emwp6wq7,3530,296.0,309.7951137653031,False,0.7945205479452054
pad0sufd,3316,284.0,196.8128573457588,False,0.8904109589041096
xeu3j3ki,1850,462.5,409.3938264496678,False,0.6521739130434783
ym49wqbn,4720,259.30000001192093,732.2507263894029,True,0.9166666666666666
o5qropwk,3058,338.0,250.93024640379812,True,0.7361111111111112
5nrjvc7q,3732,403.59999999403954,198.41396156490111,False,0.8082191780821918
61zahdh9,3468,183.80000001192093,216.66974744198723,True,0.9154929577464788
5hz183aa,3478,804.0,221.08856586727742,True,0.109090909090909
4stfwpke,1943,175.80000000074506,159.99554561481006,True,
vr20hyge,1792,665.5,154.9467231769928,True,0.5147058823529411
nhds6zsd,2820,500.0,246.5162483569976,True,0.9577464788732394
03ljcqhc,1286,200.5,565.5240389248987,True,
904h81sn,3255,233.30000001192093,184.503003893354,False,1.0
j2dvablb,3301,150.0,241.57207085059724,True,0.958904109589041
xasfvnb7,1724,400.4500000476837,54.71003864419917,True,0.7727272727272727
lmtka1ev,2826,134.0,249.68301999771305,True,1.0
a0w1xgxf,3257,303.0,115.52990879651468,False,0.5882352941176471
41kp06jx,3381,200.0,236.91170413414866,True,0.8235294117647058
a6jpzpek,2505,279.6000000014901,266.23542576079774,True,0.3424657534246575
6eyovdd2,3753,216.5,171.88264225032864,True,0.821917808219178
vpxztp7b,3033,288.0,269.6765982307936,False,0.927536231884058
f1ejz9fy,4603,142.70000004768372,198.23808318161733,True,0.863013698630137
e0biso3r,3317,332.2999997138977,148.28766664540584,False,0.9452054794520548
a9gvtd1o,3721,349.6999988555908,175.6567883314086,False,0.9027777777777778
c7ac53of,1907,480.90000009536743,136.01623296056906,True,0.0
rjanlii9,4003,327.60000014305115,934.9817148774536,True,0.7123287671232876
mrypomny,2693,392.0,,False,1.0
8bgj1tsd,2592,299.9500000476837,61.123502519470485,True,0.8363636363636363
tc5wgx8h,4186,283.3999999910593,822.9532309364917,True,0.9154929577464788
648anokh,3163,244.70000004768372,405.56600264868814,True,1.0
cdo2cmtp,2037,319.69999999925494,1040.180671407882,True,0.8979591836734694
uktb326q,3006,458.5,304.220461530631,False,0.927536231884058
kwy2bqjo,3544,298.64999997615814,334.9394641501657,True,0.8904109589041096
bw2cwy0m,3202,397.54999999981374,142.37130116574286,False,0.875
v6jvgdvg,3092,595.5,110.15103517796142,True,0.5972222222222222
l5sagbsh,3427,183.0,194.0224924854682,True,0.9863013698630136
ljwskxcq,3625,117.5,237.68786284296226,True,0.9315068493150684
3irnkhq8,3584,166.7000000178814,468.1530911153164,True,0.8873239436619719
4s9g1cze,3282,93.2999999821186,259.9010838452773,True,0.8405797101449275
zj5uemkt,2844,591.5999999642372,124.39553208784737,True,0.8676470588235294
2j8p9vyz,3369,299.0,969.0988323743312,True,0.9166666666666666
s03ed531,3070,717.0,395.03793197566773,True,0.7464788732394366
wcau806y,2107,655.0,174.9805490253825,True,0.6285714285714286
ni5df01j,3075,249.3000001907349,685.3420412187505,True,0.7571428571428571
eyn3wygc,3310,399.29999999701977,920.2631764139707,False,0.9041095890410958
mrwlcmno,2986,438.0,317.98241155779203,True,0.9444444444444444
ew4oecfi,3329,200.10000038146973,415.8733996845309,True,0.958904109589041
t2eyvuxq,3941,233.39999997615817,143.11465888113247,True,0.8767123287671232
qv0yh587,2272,600.0,236.7333354137602,True,0.4202898550724637
d1vjrjhc,2653,218.29999999701977,540.8503195217158,True,0.8769230769230769
mlvcv31l,3480,224.7000000104308,672.9190430287101,True,0.8356164383561644
k8txaw58,3420,209.7500001192093,435.17733799806524,True,0.9041095890410958
o4kkkuj9,4090,324.05000000074506,106.63995847152039,False,0.8767123287671232
a589fsqz,3444,166.6499999910593,138.32909079464378,True,0.9305555555555556
6p8vl3lk,1156,263.5,713.9517796119125,True,
qqqzakmg,1562,97.59999999403954,15.230903604058554,True,
ce9qdbyh,2377,133.20000004768372,50.23621957031434,True,0.7959183673469388
3d2as981,5957,281.0,110.76150674310824,True,0.6461538461538462
74l1qvc1,2323,382.79999999981374,255.51623067028873,False,0.5681818181818182
154uk6vm,2590,363.80000001192093,125.83358309584968,False,0.4464285714285714
npr5bsi2,3025,255.79999995231628,844.5486574140326,True,0.8028169014084507
ol9lky1i,2207,233.10000014305115,296.0390018129523,True,0.8
5pds9j1d,1158,385.69999999925494,694.8637718517158,True,
icf7bchs,5184,396.0,245.97645699602538,True,0.559322033898305
f5ohsl5h,1993,100.30000019073486,194.7160344753217,True,
bhpug29p,1373,233.4000000001397,140.42094752915233,True,
aqmjput5,5950,212.0,290.4391465743461,True,0.7076923076923077
095bdwyc,543,568.0,158.179884440403,True,
0hrc9vve,2172,135.30000019073486,136.83463541619847,True,0.2307692307692307
n2et79bd,1608,152.70000000018626,590.8593693696813,True,0.7708333333333334
z8b26ynw,3476,150.0,325.7963420206922,True,0.9178082191780822
9evwb372,2962,167.0,364.2337664504205,True,0.8857142857142857
o1t1fb7j,2102,716.0999999940395,304.22231853427513,True,
50nsp39w,3219,133.29999995231628,298.36251784923024,True,0.6739130434782609
nfbzvhip,3264,392.09999990463257,1855.6525212030558,False,0.873015873015873
ler5uq42,2095,717.0,1527.263137634834,True,0.6825396825396826
5vv1rrzw,755,814.7000000476837,8944.792823178856,False,
mr7lkk46,3854,416.49999994039536,254.13279572273245,False,0.7638888888888888
9wkeb5tu,696,272.39999997615814,1302.1949659580055,True,
yc52i3qf,968,250.60000002384186,153.7015962444216,False,
4kl3i3tv,1225,269.40000000596046,317.2888184888635,False,
nvlsix5c,1407,328.0,242.40415299851134,False,
jeq3oy2g,2470,184.0,14.824001242232463,True,0.3559322033898305
sesf1qnx,2717,366.1000000089407,116.69675218690996,False,0.851063829787234
so5k1adg,2149,446.0999999996274,845.3936672016081,True,0.9090909090909092
08vqizpx,1115,817.0,1207.6102307572744,True,
7o2tmcr2,1027,283.40000000596046,231.73501543071322,True,
1xogp17t,297,112.20000004768372,37.49761543821195,False,
gkse9wdn,1572,852.0000000018626,426.3278722009498,True,
xgvto4mg,1038,610.2000000011176,2043.5115406684465,True,
wa9xd98o,1520,402.5,57.849712028965065,True,
wz0zoo1d,185,131.89999997615814,402.4650050953496,True,
gckdkq1t,230,420.94999998807907,2223.3606710732693,False,
nsu6cwh4,323,497.800000011921,142.73329023705145,True,
j2pjmr32,1786,592.0,1782.2546628724222,True,0.575
zc26r1al,1888,399.3000000715256,101.38702097293462,True,
2ke9hbes,943,405.0,158.5193719207081,False,
qif0sa3r,634,209.70000000018626,665.4937985363018,True,
