feature,ICC,CI_lo,CI_hi,n_subjects,n_obs,p
size,0.051973954666280284,0.040773247670942786,0.06631503823436351,233,14107,1.1102230246251565e-16
n_chunks_total,0.05177481195113229,0.04060221191913606,0.06608094384069806,233,14107,1.1102230246251565e-16
n_cells,0.05164149544793631,0.04048771774933254,0.06592421822790602,233,14107,1.1102230246251565e-16
is_connected,0.016305324965215987,0.010311133544715263,0.024080379094734667,233,14107,9.911405030038622e-12
fill_ratio,0.013357659644335404,0.007809139637802727,0.02056236411050887,233,14107,7.851145067405696e-09
bbox_area,0.008070074975618034,0.003326861446384786,0.014240969669060534,233,14107,0.0001471378178667937
nn_chain_rate,0.00752662190480832,0.0028666022839907244,0.013590482175660328,233,14107,0.0003379937177089287
color_homogeneity,-0.0036516676310071466,-0.0065829349715131455,0.0001782189077088011,233,14107,0.9697755069879271
success_iou_best,-0.007670404525333128,-0.009972010124271173,-0.004658802299252807,233,14107,0.9999911714560119
