subject,size,color_homogeneity,is_connected,bbox_area,fill_ratio,nn_chain_rate,success_iou_best,n_cells,n_chunks_total,n_trials,overall_error_rate,te1_rate,te2_rate,te3_rate,n_edits_total,n_motor,n_cognitive,n_wrong,motor_rate,cognitive_rate,motor_over_wrong,cognitive_over_wrong,n_tasks,accuracy,deliberation_time_median,mean_rt_median,top_solver,group
02333qfj,6.545556631402785,0.9596868131868131,0.6294993894993896,23.45158427896889,0.6710541965172148,0.8253584155081838,0.1771308052161495,6.382361049207203,6.446153846153846,51.0,0.196078431372549,0.1372549019607843,0.0196078431372549,0.0392156862745098,2890,62,1471,1923,0.0214532871972318,0.5089965397923876,0.032241289651586,0.764950598023921,65,0.7692307692307693,35301.90000009537,906.6839999961852,False,rest
0fy66fv2,4.304007936507936,0.9448159271284272,0.3197619047619047,31.85834325396825,0.454933067570041,0.4304808833431527,0.0850538830107936,4.169156746031746,5.825,,,,,,1054,13,833,949,0.0123339658444022,0.7903225806451613,0.0136986301369863,0.8777660695468915,40,0.05,3363.550000000745,731.8821428571163,False,rest
0hrc9vve,8.966036268695843,0.9903846153846154,0.5109068458137608,40.197266585364986,0.6090927347586749,0.7769864640369574,0.1344800291005883,8.631710178119752,6.980769230769231,13.0,0.3076923076923077,0.0769230769230769,0.0,0.2307692307692307,2224,92,1231,1489,0.0413669064748201,0.5535071942446043,0.0617864338482202,0.8267293485560779,52,0.23076923076923078,10112.900000095367,544.3538461465103,False,rest
0ra11hiv,5.031335621089126,0.9743859881614982,0.5808105656108765,15.75370961176229,0.6603797012185255,0.7965551093949478,0.1809078804846158,4.913762822299792,11.326530612244898,35.0,0.2,0.0857142857142857,0.1142857142857142,0.0,2624,69,1508,1819,0.026295731707317,0.5746951219512195,0.0379329301814183,0.8290269378779549,49,0.6530612244897959,58311.70000076294,1460.8801324478047,False,rest
0yfthc4y,5.484669754045875,0.959118425769571,0.6160699924034772,14.857198423449647,0.6972617165799718,0.8011759455874126,0.1735398509335278,5.182226326391539,10.788732394366198,51.0,0.2352941176470588,0.1372549019607843,0.0392156862745098,0.0588235294117647,5022,103,3138,3627,0.0205097570688968,0.6248506571087217,0.0283981251723187,0.8651778329197684,71,0.7323943661971831,18010.0,699.4294117645305,False,rest
154uk6vm,7.776229725787997,0.9801174529640916,0.6659175984833879,20.225218628228497,0.7074156091234901,0.8099190181460296,0.1459796805945766,7.337086097642959,7.375,28.0,0.3571428571428571,0.1785714285714285,0.1071428571428571,0.0714285714285714,2646,93,1540,1881,0.0351473922902494,0.582010582010582,0.0494417862838915,0.8187134502923976,56,0.44642857142857145,25014.59999999404,908.6437142849536,False,rest
189iqcds,5.776341378182597,0.9565150290885586,0.651980715760396,16.01577843673581,0.6907268173061745,0.8221108310531305,0.172158200254521,5.600296419200786,7.367647058823529,61.0,0.0491803278688524,0.0163934426229508,0.0327868852459016,0.0,2826,77,1403,1706,0.027246992215145,0.4964614295824487,0.0451348182883939,0.8223915592028136,68,0.8970588235294118,41394.09999999963,1069.8031655844943,False,rest
1qt2f29y,5.885187617539609,0.9276999652427734,0.5866571883370446,18.88220313712011,0.6721891673045644,0.7881941596391178,0.1551631355904449,5.712690546313398,9.41095890410959,46.0,0.3043478260869565,0.1956521739130435,0.0652173913043478,0.0434782608695652,3683,93,1833,2381,0.0252511539505837,0.4976920988324735,0.0390592188156236,0.7698446031079378,73,0.726027397260274,32517.316999999806,948.440021052633,False,rest
1r6yodve,5.497625220713024,0.906586644394114,0.5600125083661439,17.92448080833222,0.6593505392045264,0.7305094433471255,0.1505168954065381,5.457945218277267,12.220588235294118,38.0,0.1052631578947368,0.0789473684210526,0.0263157894736842,0.0,4557,124,1848,2411,0.0272108843537414,0.4055299539170507,0.0514309415180423,0.7664869348817918,68,0.5294117647058824,16938.5,1380.844696969697,False,rest
23iyreiv,5.25268972722087,0.9520574976402044,0.6527198689944022,20.996512719183173,0.7098439986356574,0.8151526331102226,0.1559783375935699,5.025226352617998,10.181818181818182,30.0,0.2,0.1666666666666666,0.0,0.0333333333333333,2209,73,948,1203,0.0330466274332277,0.4291534631054776,0.0606816292601828,0.7880299251870324,44,0.6136363636363636,17876.89999961853,887.9702381065913,False,rest
27d8totr,5.9766687017453375,0.9713279678068408,0.5919093634586592,22.056513881573945,0.6628574877283754,0.8043104155602775,0.1554421884996999,5.927766875871681,8.394366197183098,69.0,0.0289855072463768,0.0289855072463768,0.0,0.0,2989,81,1366,1720,0.0270993643358982,0.4570090331214453,0.0470930232558139,0.7941860465116279,71,0.9859154929577465,45922.5,1288.5461538460777,True,top
2anyuqd8,5.144020754943215,0.9377344877344878,0.5289522925084422,16.048848799002542,0.6459044626686983,0.7704289459352622,0.1695460224439609,5.095417842703939,8.5,40.0,0.1,0.1,0.0,0.0,2015,55,869,1161,0.0272952853598014,0.4312655086848635,0.0473729543496985,0.7484926787252368,44,0.9772727272727273,35101.500000000466,1579.3371794871646,True,top
2d8q4qkc,7.55313555643205,0.9588778409090908,0.6921011481320171,18.77942335230826,0.7118096624672646,0.8193593037846654,0.182680107894903,7.007803217911831,6.984375,58.0,0.0172413793103448,0.0172413793103448,0.0,0.0,3139,89,1414,1799,0.0283529786556228,0.4504619305511309,0.0494719288493607,0.7859922178988327,64,1.0,12266.0,504.62865497076024,True,top
2j8p9vyz,4.866499460253081,0.9699204345037676,0.7066170124884127,15.278339078026164,0.7292486589241712,0.8224319072062412,0.1598869761419975,4.746764453624765,10.708333333333334,66.0,0.1363636363636363,0.0606060606060606,0.0303030303030303,0.0454545454545454,3441,126,1583,1995,0.036617262423714,0.4600406858471375,0.0631578947368421,0.7934837092731829,72,0.9166666666666666,37598.5,953.6348484848484,False,rest
2tkm21z6,6.924990442546318,0.9370216769531838,0.5497959602682025,24.013755986863412,0.6521226051169824,0.7561716169932204,0.1815929461480571,6.875141739218884,6.506849315068493,65.0,0.1846153846153846,0.123076923076923,0.0153846153846153,0.0461538461538461,2983,91,1384,1767,0.0305062018102581,0.4639624539054643,0.0514997170345217,0.7832484436898698,73,0.8356164383561644,33455.0,918.25,False,rest
2w766g1z,6.0243814522291155,0.9758101851851853,0.6764488100532366,15.84100254949997,0.7323111499206645,0.83185239515248,0.1730189152133323,5.849262146504971,7.291666666666667,60.0,0.2166666666666666,0.15,0.05,0.0166666666666666,3240,78,1688,2060,0.024074074074074,0.5209876543209877,0.0378640776699029,0.8194174757281554,72,0.7916666666666666,20759.80000001192,685.8180555568802,False,rest
3cc6zm51,4.602743033793326,0.951969822415028,0.5787311022418143,14.925300152454565,0.7055438802805575,0.7792885554449022,0.1638903618509671,4.458720389770681,10.575342465753424,59.0,0.1525423728813559,0.1016949152542373,0.0508474576271186,0.0,3512,104,1825,2245,0.0296127562642369,0.5196469248291572,0.0463251670378619,0.8129175946547884,73,0.821917808219178,36834.199999928474,1143.7175824183685,False,rest
3d2as981,5.257104063365053,0.9322222787686588,0.6438249818962054,15.32724427938965,0.7058948798832803,0.8137372348198744,0.1420916623155341,4.997354619964517,16.661538461538463,41.0,0.1951219512195122,0.1463414634146341,0.024390243902439,0.024390243902439,6022,138,2866,3511,0.0229159747592162,0.4759216207240119,0.0393050412987752,0.8162916547992025,65,0.6461538461538462,54333.5,1286.6222222248714,False,rest
3irnkhq8,6.597870560043284,0.9748699461727632,0.7239403210578671,18.25689567428189,0.736901512571065,0.8527036189924683,0.1796749964778629,6.080206394077451,8.76056338028169,58.0,0.2068965517241379,0.1379310344827586,0.0344827586206896,0.0344827586206896,3655,85,1863,2248,0.0232558139534883,0.5097127222982216,0.0378113879003558,0.8287366548042705,71,0.8873239436619719,23609.70000001788,612.2466666658719,False,rest
41kp06jx,5.556557256514944,0.9705102396689902,0.7140794103427622,13.72170286273077,0.7519322993705414,0.8524032096236215,0.1658113490200008,5.2211973861853505,8.617647058823529,59.0,0.2033898305084746,0.0847457627118644,0.0508474576271186,0.0677966101694915,3449,106,1422,2024,0.0307335459553493,0.4122934183821397,0.0523715415019762,0.7025691699604744,68,0.8235294117647058,23066.39999999944,738.5478351590864,False,rest
44o5xnxe,5.801627360985569,0.9678859952832556,0.6254999478882026,19.361209871899433,0.6863103089592545,0.8115035379105875,0.1739591812707175,5.696527455401834,7.561643835616438,69.0,0.0434782608695652,0.0144927536231884,0.0,0.0289855072463768,3098,97,1469,1806,0.0313105229180116,0.4741768883150419,0.0537098560354374,0.8133997785160576,73,0.9863013698630136,22965.0,596.1428571428571,True,top
4j6cy1mk,6.496469686252029,0.9681962634017428,0.6057559161178625,20.01064979283,0.695342619636925,0.7957102674196382,0.1723935654495947,6.206123492012148,8.698630136986301,64.0,0.21875,0.171875,0.046875,0.0,3730,114,1823,2226,0.0305630026809651,0.488739946380697,0.0512129380053908,0.8189577717879605,73,0.8767123287671232,19016.0,568.3375000059605,False,rest
4s3cm7d8,5.3505585014239925,0.9527841197361746,0.58007801688918,22.639775025200567,0.6811026695564955,0.7578212241725452,0.177757964588627,5.263160739368696,8.643835616438356,48.0,0.2916666666666667,0.1458333333333333,0.1041666666666666,0.0416666666666666,3058,94,1619,2157,0.0307390451275343,0.5294310006540223,0.0435790449698655,0.750579508576727,73,0.5616438356164384,45949.0,1072.1739130434785,False,rest
4s9g1cze,7.980967671462129,0.9607631700023004,0.6528541443716209,19.48566028789814,0.6997518023672407,0.827400841560148,0.1694328343388366,7.20746295556611,6.260869565217392,58.0,0.1724137931034483,0.1034482758620689,0.0517241379310344,0.0172413793103448,3351,92,1606,2064,0.0274544911966577,0.4792599224112205,0.0445736434108527,0.7781007751937985,69,0.8405797101449275,15717.899999976158,403.32916666567326,False,rest
4wx63ymf,5.957144364667502,0.9681120291850888,0.658035242887783,18.64241039230372,0.708688553742215,0.8090218553998874,0.1601758354475399,5.71984238506116,8.095890410958905,67.0,0.0895522388059701,0.0895522388059701,0.0,0.0,3485,118,1602,2053,0.0338593974175035,0.4596843615494978,0.057476863127131,0.7803214807598636,73,0.9726027397260274,16957.599999999627,580.2000000000089,True,top
50nsp39w,6.093690141082213,0.9431179931179932,0.7279899709661947,10.92879108511099,0.7644390532188343,0.8835954045729923,0.164243538270947,5.625562100942536,11.673913043478262,27.0,0.3333333333333333,0.2222222222222222,0.1111111111111111,0.0,3265,58,1777,2159,0.0177641653905053,0.5442572741194487,0.0268642890226956,0.8230662343677628,46,0.6739130434782609,24482.799999952316,669.2867063440028,False,rest
5hz183aa,7.205670781607682,0.9829696048935926,0.6103935991498173,17.74606456257332,0.7043149198044573,0.8749397857025525,0.1446746077088373,6.682326105205526,13.61818181818182,10.0,0.6,0.3,0.1,0.2,3533,95,2238,2774,0.0268893291819983,0.6334559864138126,0.0342465753424657,0.8067772170151406,55,0.10909090909090909,28188.0,1496.1495327102805,False,rest
5nrjvc7q,5.016545222412404,0.9674094752056072,0.6547388538061382,17.226089763221363,0.7326199074094067,0.7975283956344988,0.1695336484797851,4.931035409896835,10.452054794520548,59.0,0.2711864406779661,0.1694915254237288,0.0508474576271186,0.0508474576271186,3805,125,2025,2517,0.0328515111695138,0.5321944809461235,0.0496622963845848,0.8045292014302742,73,0.8082191780821918,28824.09999999404,1109.585000000894,False,rest
61zahdh9,6.245450436529773,0.957996855778546,0.668976370715936,17.22346930777694,0.7119737240019052,0.818351237140509,0.1491654533448372,6.053634588273048,8.225352112676056,61.0,0.1475409836065573,0.081967213114754,0.0655737704918032,0.0,3539,112,1658,2150,0.0316473580107374,0.4684939248375247,0.0520930232558139,0.7711627906976745,71,0.9154929577464789,17483.700000047684,580.2722222231052,False,rest
648anokh,6.969000447200384,0.9722160944078752,0.6226793761130642,20.89575899041604,0.6627465051695038,0.7997177240117647,0.1714645288020956,6.702498332476937,6.684931506849315,69.0,0.1159420289855072,0.0579710144927536,0.0579710144927536,0.0,3236,86,1498,1846,0.026576019777503,0.4629171817058096,0.0465872156013001,0.8114842903575298,73,1.0,17781.199999928474,572.4285714285714,True,top
6e5gb0yb,6.576003875329016,0.975307735981252,0.6354896108159606,20.48925678836638,0.6693431657797049,0.8215888315447235,0.1678108894074806,6.168718675376613,7.616438356164384,67.0,0.0597014925373134,0.044776119402985,0.0149253731343283,0.0,3662,128,1758,2217,0.0349535772801747,0.4800655379574003,0.0577356788452864,0.7929634641407307,73,0.9863013698630136,14723.0,523.7877777788374,True,top
6eyovdd2,5.3977143052732375,0.9637129507563298,0.6665988580678697,18.632219034255044,0.7084634927365846,0.8121987086974513,0.1712556447410929,5.249275928444132,9.6986301369863,57.0,0.175438596491228,0.1052631578947368,0.0701754385964912,0.0,3826,152,1810,2259,0.0397281756403554,0.4730789336121275,0.0672864099158919,0.8012394864984507,73,0.821917808219178,16533.0,635.8714285748346,False,rest
72p6pxny,5.327118893845435,0.9601092164561644,0.6709453221219683,17.008881045852952,0.7326088351121008,0.8108311755274517,0.1602842211901503,5.191714496220057,14.273972602739724,58.0,0.2068965517241379,0.1034482758620689,0.1034482758620689,0.0,5093,162,2604,3125,0.0318083644217553,0.5112900058904378,0.05184,0.83328,73,0.821917808219178,38997.300000190735,735.3600000143051,False,rest
74l1qvc1,4.885877228864897,0.9674159752284752,0.7500087987875186,10.838887099782806,0.77707128947,0.8676082117826991,0.1264920640688108,4.4971645469409625,11.613636363636363,25.0,0.28,0.12,0.08,0.08,2367,60,1310,1554,0.0253485424588086,0.5534431770173215,0.0386100386100386,0.842985842985843,44,0.5681818181818182,48882.549999999814,1394.1071428564173,False,rest
7agy8y3l,5.519405202957923,0.9500866903264163,0.6507564566388185,14.57768844524973,0.7127968934076674,0.8325891348009377,0.1745011391055511,5.366183080332121,9.547945205479452,51.0,0.1176470588235294,0.0588235294117647,0.0392156862745098,0.0196078431372549,3830,109,1952,2520,0.0284595300261096,0.5096605744125327,0.0432539682539682,0.7746031746031746,73,0.6986301369863014,33656.799999952316,945.1017543872198,False,rest
89u58v07,5.996871806386278,0.9608733617980192,0.6974297677208636,16.930715394550457,0.7333881573057558,0.843765003859945,0.1610543604893457,5.721481854731413,9.47945205479452,56.0,0.1428571428571428,0.0892857142857142,0.0357142857142857,0.0178571428571428,3983,106,1996,2496,0.0266131056992216,0.5011298016570425,0.0424679487179487,0.7996794871794872,73,0.7534246575342466,42881.40000000037,864.1500000003725,False,rest
8aknstxj,5.665704433799965,0.9674450676956944,0.7028218655602739,18.508548967011187,0.7337551368906404,0.8638220078536294,0.1809560533081863,5.442605817255591,9.492063492063492,51.0,0.1372549019607843,0.0784313725490196,0.0588235294117647,0.0,3041,68,1370,1659,0.0223610654390003,0.4505097007563302,0.0409885473176612,0.8257986738999398,63,0.8412698412698413,45109.89999997616,948.7000000079472,False,rest
8bgj1tsd,5.63296794871575,0.9624415584415584,0.6615006300050288,20.03154421912486,0.7114004538336408,0.8337066002761734,0.1576946802100088,5.4849055038204595,8.254545454545454,42.0,0.1666666666666666,0.1428571428571428,0.0238095238095238,0.0,2647,79,1359,1559,0.0298451076690593,0.5134114091424253,0.050673508659397,0.8717126363053239,55,0.8363636363636363,37956.59999990463,841.0357142857143,False,rest
8d21w3yr,5.409044588459174,0.9517837905519066,0.6452682739477977,17.45284557042555,0.716975023483773,0.7801490212653366,0.1635652859591921,5.118607157958885,11.08695652173913,46.0,0.1956521739130435,0.0869565217391304,0.0434782608695652,0.0652173913043478,3993,118,1967,2468,0.0295517155021287,0.4926120711244678,0.0478119935170178,0.7970016207455429,69,0.7101449275362319,27399.0,1146.75,False,rest
8jwr3j6t,6.12497773373631,0.9671672077922078,0.6702483549342468,18.76033237119751,0.6986703485839639,0.7960836679057928,0.1457929566596119,5.920011109451504,6.96969696969697,62.0,0.2096774193548387,0.0967741935483871,0.064516129032258,0.0483870967741935,2823,99,1603,1966,0.0350690754516471,0.5678356358483883,0.0503560528992878,0.8153611393692777,66,0.8333333333333334,18902.650000095367,613.399384608819,False,rest
8oohxrrz,5.957972637481624,0.968354780683548,0.722140491651405,15.18135261804156,0.7324833378346606,0.8176679722144603,0.1768289576241405,5.627194174332702,8.178082191780822,65.0,0.1692307692307692,0.123076923076923,0.0307692307692307,0.0153846153846153,3436,104,1693,2078,0.0302677532013969,0.4927240977881257,0.0500481231953801,0.814725697786333,73,0.8904109589041096,25150.599999904633,700.5750000178814,False,rest
8psac9uo,5.274532554322566,0.964191017500068,0.5743796466175124,22.446062504808857,0.6687260342577446,0.7689907632936595,0.1529132301358501,5.182063229389071,12.191780821917808,64.0,0.140625,0.078125,0.015625,0.046875,4165,159,1996,2575,0.0381752701080432,0.4792316926770708,0.0617475728155339,0.7751456310679612,73,0.9178082191780822,30696.700000047684,1272.7901960798338,False,rest
8y2nd2sh,5.092849811646541,0.9681741501775748,0.7102500313051061,13.23002571647617,0.7469868111777103,0.8476287160235174,0.1597162996445968,4.889890964670731,11.821917808219178,70.0,0.1142857142857142,0.0714285714285714,0.0428571428571428,0.0,4068,142,1837,2362,0.0349065880039331,0.4515732546705998,0.0601185436071126,0.7777307366638442,73,0.9863013698630136,31049.80000001192,971.5471615718442,True,top
8yhijukj,6.561605286972611,0.9387673026561916,0.604886739519415,21.00161456112114,0.6761422415525215,0.781745110354716,0.1638697839647683,6.304574908725128,7.111111111111111,48.0,0.2083333333333333,0.1041666666666666,0.0416666666666666,0.0625,3031,112,1634,2029,0.0369515011547344,0.5390960079181788,0.055199605717102,0.8053228191227205,72,0.5694444444444444,26992.0,730.8732291667204,False,rest
904h81sn,6.52672545203876,0.9582581011474306,0.6381229595244184,16.941981646605466,0.7051721277494897,0.800704433700976,0.1718142104837664,6.2830105498099265,7.191780821917808,73.0,0.0547945205479452,0.0273972602739726,0.0,0.0273972602739726,3328,105,1512,1870,0.0315504807692307,0.4543269230769231,0.0561497326203208,0.8085561497326204,73,1.0,19250.19999998808,701.4875000007451,True,top
9evwb372,6.337782070870307,0.962727702191988,0.6518109425137074,20.024384985252087,0.6966703961852508,0.8180941316025739,0.1646350856980191,6.141878946217181,6.885714285714286,62.0,0.1451612903225806,0.0967741935483871,0.032258064516129,0.0161290322580645,3032,104,1442,1767,0.0343007915567282,0.4755936675461741,0.0588568194680249,0.8160724391624222,70,0.8857142857142857,17861.0,655.6869047619048,False,rest
9ohxtpht,5.402535407924862,0.9535904544466188,0.6806102422908467,21.17491984573049,0.7294403536469193,0.8168396065364449,0.168417277398195,5.35068020953037,8.575342465753424,65.0,0.0923076923076923,0.0769230769230769,0.0,0.0153846153846153,3156,87,1468,1860,0.0275665399239543,0.4651457541191381,0.0467741935483871,0.789247311827957,73,0.863013698630137,29640.59999999404,844.8000000007451,False,rest
9pjr0waw,5.233941731066657,0.9980158730158728,0.6514347862010498,11.789263018865157,0.7385680838620634,0.8613466334919424,0.1654306766089928,4.994912367634375,8.166666666666666,33.0,0.1212121212121212,0.0606060606060606,0.0606060606060606,0.0,1674,46,876,1020,0.027479091995221,0.5232974910394266,0.0450980392156862,0.8588235294117647,42,0.7619047619047619,15131.050000000743,773.2310688403988,False,rest
a0w1xgxf,5.973224794350614,0.974439775910364,0.7008445111086934,15.507483422630708,0.7256780364129098,0.8470874023632273,0.168274918382455,5.637354206611343,8.485294117647058,38.0,0.2368421052631578,0.1052631578947368,0.0263157894736842,0.1052631578947368,3325,76,1908,2325,0.0228571428571428,0.5738345864661654,0.0326881720430107,0.8206451612903226,68,0.5882352941176471,17892.5,742.4142857142857,False,rest
a589fsqz,6.666332326091724,0.9628910634118968,0.6003636198994823,22.993671658545065,0.6802896562958427,0.7897221924718372,0.1636816074240885,6.2209121043844,7.847222222222222,62.0,0.032258064516129,0.032258064516129,0.0,0.0,3516,95,1596,2044,0.0270193401592719,0.4539249146757679,0.046477495107632,0.7808219178082192,72,0.9305555555555556,18349.59999999404,595.0825000006173,False,rest
a6jpzpek,5.609645791564965,0.9393192360658114,0.637662692580696,17.024621599184798,0.6672991078534307,0.7907897140940727,0.1456811870518833,5.284247394976156,6.232876712328767,26.0,0.1923076923076923,0.1538461538461538,0.0384615384615384,0.0,2578,73,1427,1712,0.0283165244375484,0.5535298681148176,0.0426401869158878,0.8335280373831776,73,0.3424657534246575,18193.20000000298,995.1250000009312,False,rest
a9gvtd1o,5.579770278349128,0.9829243827160494,0.6772344812413745,16.259024909245166,0.7153309732084471,0.8309330598373014,0.1709554308415854,5.405562873756086,9.27777777777778,64.0,0.15625,0.140625,0.015625,0.0,3793,113,1748,2229,0.029791721592407,0.4608489322436066,0.050695379093764,0.7842081650964559,72,0.9027777777777778,30756.750000953674,831.9935226917266,False,rest
aqmjput5,4.765322481448885,0.9730831602260174,0.7427063820718718,9.444135675442851,0.7979096153648303,0.8665262642947025,0.1534745682243868,4.483208578061241,20.923076923076923,41.0,0.1219512195121951,0.073170731707317,0.024390243902439,0.024390243902439,6015,165,2491,3292,0.027431421446384,0.4141313383208645,0.0501215066828675,0.7566828675577156,65,0.7076923076923077,32213.0,1047.590909090909,False,rest
ascil7wf,5.374809530776919,0.9662401525415224,0.6570216637042068,19.921130436670204,0.7022235228347303,0.8059125732015361,0.1629975033671019,5.146509225002529,10.63013698630137,66.0,0.0606060606060606,0.0454545454545454,0.0151515151515151,0.0,3785,128,1828,2339,0.0338177014531043,0.4829590488771466,0.0547242411286874,0.781530568619068,73,0.9452054794520548,30620.5,994.2541666670392,False,rest
aypxap78,6.446678533485807,0.9709665144596652,0.6646635067198778,14.048896934151111,0.7211448794013158,0.8056072402523671,0.176526391457381,5.99212555579826,7.671232876712328,70.0,0.1428571428571428,0.0857142857142857,0.0428571428571428,0.0142857142857142,3486,105,1710,2135,0.0301204819277108,0.4905335628227194,0.0491803278688524,0.8009367681498829,73,0.9726027397260274,19170.39999997616,626.8833333353201,True,top
b73rrttr,4.677993579586716,0.9525613275613276,0.528971083382848,20.722318775995248,0.6129263509714167,0.7297337099693535,0.1542266735465348,4.573607397504457,3.986111111111111,11.0,0.3636363636363636,0.1818181818181818,0.1818181818181818,0.0,1396,47,769,989,0.0336676217765043,0.5508595988538681,0.0475227502527805,0.7775530839231547,72,0.1111111111111111,10974.800000000745,1187.5295833332543,False,rest
bcyhma9y,4.695284702526082,0.9528054623671685,0.6163823787961719,11.849199217130252,0.71858948565062,0.7955873039946447,0.1270328675229636,4.4580561775389365,8.444444444444445,24.0,0.2916666666666667,0.1666666666666666,0.0416666666666666,0.0833333333333333,1942,57,1033,1388,0.029351184346035,0.5319258496395468,0.0410662824207492,0.7442363112391931,45,0.4888888888888889,40238.40000000596,1206.300000011921,False,rest
bmlngyh3,6.684292379105158,0.9626382711656684,0.6501728950205731,16.08443596588028,0.7098091376775464,0.8300194016233315,0.1762654706424285,6.1660805183732945,15.36986301369863,53.0,0.2641509433962264,0.1698113207547169,0.0754716981132075,0.0188679245283018,7530,200,3982,5230,0.0265604249667994,0.5288180610889774,0.0382409177820267,0.761376673040153,73,0.7397260273972602,29838.799999952316,807.9777777724796,False,rest
bw2cwy0m,5.74414512915427,0.9672067901234568,0.5967254151254335,20.904505703495204,0.6834058565239001,0.7744411430109345,0.1594815595166306,5.605574588809072,8.541666666666666,65.0,0.1384615384615384,0.0923076923076923,0.0307692307692307,0.0153846153846153,3274,112,1565,1969,0.0342089187538179,0.4780085522296884,0.0568816658202133,0.7948197054342305,72,0.875,24686.60000000056,851.8591666666636,False,rest
bx44xwzb,7.207867059362911,0.9413202474846312,0.5500920611004362,27.534102431226163,0.6359422388765649,0.7795015432167387,0.152358739582735,7.0803530075772185,8.794520547945206,67.0,0.0597014925373134,0.0298507462686567,0.0149253731343283,0.0149253731343283,3458,100,1633,2105,0.0289184499710815,0.4722382880277617,0.0475059382422802,0.7757719714964371,73,0.958904109589041,22976.70000000298,937.1372093023342,True,top
byx9jkxm,6.4262908369274205,0.9710567398399792,0.6720303803099935,19.94559388145206,0.712941780420192,0.8488227407887733,0.1680831787134721,6.193473582554969,8.191780821917808,71.0,0.0704225352112676,0.056338028169014,0.0140845070422535,0.0,3332,98,1600,2020,0.0294117647058823,0.4801920768307323,0.0485148514851485,0.7920792079207921,73,0.9726027397260274,15827.0,612.6666666666666,True,top
c2lwacqc,5.456496318703875,0.981489099136158,0.6877288060474278,14.2155930306736,0.7331865632527378,0.8514379697060591,0.1782923691317852,5.306634108287438,9.030303030303031,56.0,0.1607142857142857,0.125,0.0357142857142857,0.0,3055,96,1490,1882,0.0314238952536824,0.4877250409165303,0.0510095642933049,0.7917109458023379,66,0.8333333333333334,29824.15000000596,839.2728571429848,False,rest
c7ac53of,5.3466820024111685,0.9609953703703704,0.6451058201058202,13.42242880576214,0.7389269636691088,0.8280286658570776,0.1173669818407708,5.33279311352228,5.097222222222222,,,,,,1979,57,1352,1663,0.0288024254674077,0.6831733198585144,0.0342754058929645,0.8129885748647023,72,0.0,8428.950000047684,1232.6706521734766,False,rest
c7z6erey,5.5557774884064415,0.9624487466219366,0.6705209086239462,16.883140140316513,0.7084271294645224,0.8037737551011676,0.1812231280324323,5.491311274230925,8.698630136986301,63.0,0.0952380952380952,0.0793650793650793,0.0158730158730158,0.0,3212,101,1508,1886,0.0314445828144458,0.4694894146948941,0.0535524920466596,0.799575821845175,73,0.9315068493150684,19563.099999964237,689.5222222208977,False,rest
c9sps7bl,5.887513538258278,0.970656664492281,0.7468248467696225,15.074949037396204,0.7486206229298491,0.8635778277447882,0.1592709806697977,5.442047585014747,8.917808219178083,52.0,0.0192307692307692,0.0,0.0192307692307692,0.0,3689,112,1641,2084,0.0303605313092979,0.4448359989156953,0.0537428023032629,0.7874280230326296,73,1.0,11189.399999976158,673.4350000008941,True,top
cdo2cmtp,5.866911036808996,0.9540986394557824,0.6514491744083581,15.388637473637472,0.7092231338022202,0.7852680160397377,0.1800692338830331,5.847091853724507,7.306122448979592,42.0,0.0952380952380952,0.0238095238095238,0.0,0.0714285714285714,2086,69,886,1165,0.0330776605944391,0.4247363374880153,0.0592274678111588,0.7605150214592274,49,0.8979591836734694,19732.900000000373,640.8170854271525,False,rest
ce9qdbyh,7.20665494369576,0.9770408163265306,0.669171225599797,17.777929881909476,0.7233854955807596,0.8500618741292945,0.169807019288464,6.471805167621494,6.73469387755102,42.0,0.2142857142857142,0.119047619047619,0.0714285714285714,0.0238095238095238,2426,87,1084,1379,0.0358615004122011,0.4468260511129431,0.0630891950688905,0.7860768672951414,49,0.7959183673469388,13668.799999952316,506.86829268350834,False,rest
cfclud8z,5.7009084336165445,0.9649421296296296,0.64034042054157,19.92368747842589,0.6910802427627918,0.8258566618903308,0.1631611424809031,5.56139447001216,10.083333333333334,68.0,0.1617647058823529,0.1323529411764706,0.0147058823529411,0.0147058823529411,3354,93,1600,2025,0.0277280858676207,0.4770423375074538,0.0459259259259259,0.7901234567901234,72,0.8888888888888888,24984.549999998882,990.4583333334627,False,rest
cghxa2ie,5.172597518868056,0.9553692244896284,0.6945163758067731,20.682777818958876,0.715998062142273,0.8169055506846469,0.1641087758457729,4.9961305016727415,11.246575342465754,68.0,0.2058823529411764,0.1617647058823529,0.0294117647058823,0.0147058823529411,3705,103,1893,2321,0.027800269905533,0.5109311740890689,0.0443774235243429,0.8155967255493322,73,0.9041095890410958,36747.10000000149,1072.990322580621,False,rest
clhkwrie,5.772948065633404,0.9584045670066202,0.6706777562556718,13.874776001453032,0.7314236406185631,0.849100142123407,0.162982961812964,5.6810817946984695,10.34722222222222,52.0,0.25,0.1153846153846153,0.0576923076923076,0.0769230769230769,3947,121,1996,2589,0.0306561945781606,0.5057005320496579,0.0467361915797605,0.7709540363074546,72,0.625,28536.29999999702,920.2304072396563,False,rest
clucow7d,5.98211583680334,0.983523592085236,0.7268395995121554,13.388608533188249,0.7605528992081584,0.8437344600065481,0.1564582013204673,5.517584912046477,10.63013698630137,63.0,0.1746031746031746,0.0793650793650793,0.0634920634920634,0.0317460317460317,4219,120,2001,2634,0.0284427589476179,0.4742830054515288,0.0455580865603644,0.7596810933940774,73,0.8767123287671232,31912.90000000596,735.8549999997019,False,rest
cp3b83py,6.613590606941954,0.9654524534319054,0.6695144438440518,15.072827835891898,0.7087181861456539,0.8055054061262895,0.203035206613048,6.254487128944438,7.767123287671233,72.0,0.0833333333333333,0.0416666666666666,0.0277777777777777,0.0138888888888888,3432,98,1598,2011,0.0285547785547785,0.4656177156177156,0.0487319741422178,0.7946295375435107,73,0.9726027397260274,19529.19999998808,604.4000000009934,True,top
cuybsfwr,6.440148796153207,0.9445987143695856,0.6811207587520739,14.950706957548377,0.7301231143992704,0.831582082307017,0.1535333983249082,6.1872182630402355,8.344827586206897,40.0,0.25,0.15,0.05,0.05,3018,74,1681,2164,0.024519549370444,0.5569913850231941,0.0341959334565619,0.7768022181146026,58,0.6551724137931034,22075.89999999851,709.5395833325263,False,rest
cw4tyx7n,4.54187748015873,0.981986388305322,0.5517113095238095,13.67531001984127,0.673552819353286,0.8190227167827908,0.1360862211099201,4.320138888888889,4.640625,26.0,0.3076923076923077,0.1153846153846153,0.0769230769230769,0.1153846153846153,1488,48,953,1125,0.032258064516129,0.6404569892473119,0.0426666666666666,0.8471111111111111,64,0.3125,15582.5,1005.8091278153371,False,rest
d1vjrjhc,6.539789911575476,0.951714699731941,0.6372750062925269,14.941298183206602,0.7181244900414913,0.8074328298191962,0.1605498978477011,6.274442020028192,7.092307692307692,59.0,0.135593220338983,0.0677966101694915,0.0677966101694915,0.0,2718,72,1502,1851,0.0264900662251655,0.5526122148638705,0.0388978930307941,0.8114532685035116,65,0.8769230769230769,28919.40000000596,762.9250000007451,False,rest
d33m799j,10.049530314931935,0.963560218814456,0.3930304404512215,46.91970160151811,0.5293923843108682,0.7195479586301216,0.1324327881223076,9.52054291814793,3.7288135593220337,10.0,0.4,0.1,0.1,0.2,1618,63,1091,1278,0.0389369592088998,0.6742892459826947,0.0492957746478873,0.8536776212832551,59,0.13559322033898305,5997.5,768.6499999960264,False,rest
dmft9d3y,4.613059622961237,0.9676048235123575,0.6376959500312156,15.48175687608832,0.7139950346089516,0.7990956138932966,0.1452869124570842,4.473329215537308,11.6986301369863,63.0,0.1428571428571428,0.0634920634920634,0.0317460317460317,0.0476190476190476,3758,103,1799,2272,0.0274081958488557,0.4787120808940926,0.0453345070422535,0.7918133802816901,73,0.863013698630137,28982.89999997616,865.9184466021733,False,rest
e0biso3r,6.738392508790389,0.9437546678389442,0.6268062591136253,25.02186280188906,0.6762740757172904,0.8237787274382076,0.174063752045221,6.49864588845312,7.890410958904109,68.0,0.088235294117647,0.088235294117647,0.0,0.0,3390,90,1653,1995,0.0265486725663716,0.4876106194690265,0.0451127819548872,0.8285714285714286,73,0.9452054794520548,26571.800000190735,879.8468085146965,False,rest
e2w81k0i,6.438100074258346,0.9532639341885918,0.6553838233582553,16.742455003856687,0.7101103845455677,0.7990567862573291,0.1690628750933807,6.035033681905523,8.616438356164384,63.0,0.0634920634920634,0.0317460317460317,0.0158730158730158,0.0158730158730158,3660,106,1661,2222,0.0289617486338797,0.4538251366120218,0.0477047704770477,0.7475247524752475,73,0.863013698630137,21868.39999997616,591.9209677403973,False,rest
ei0ij8ms,5.845022249462973,0.9536437155507363,0.6771408123788885,17.605435987928157,0.7160722413413377,0.8049579196105865,0.1536384627755808,5.668647776716757,10.32876712328767,69.0,0.1014492753623188,0.0869565217391304,0.0144927536231884,0.0,4002,123,2032,2563,0.0307346326836581,0.5077461269365318,0.0479906359734685,0.7928209129925868,73,0.958904109589041,21023.0,666.40625,True,top
emwp6wq7,5.824808856993473,0.9653040516054214,0.6381519309265872,20.225431696537413,0.7020409657942367,0.8024440310061465,0.1656372417899179,5.602170535845848,8.753424657534246,62.0,0.2258064516129032,0.1290322580645161,0.0483870967741935,0.0483870967741935,3603,111,1747,2177,0.0308076602830974,0.4848737163474882,0.0509875976113918,0.8024804777216353,73,0.7945205479452054,23210.69999992847,874.7217948727118,False,rest
ew4oecfi,6.109983298944217,0.9686964557512504,0.6800382172653634,17.98889383950543,0.7193551582972598,0.8255657121404497,0.1725948603093863,5.961988454527238,8.780821917808218,68.0,0.1323529411764706,0.088235294117647,0.0294117647058823,0.0147058823529411,3402,98,1619,1996,0.0288065843621399,0.475896531452087,0.0490981963927855,0.811122244488978,73,0.958904109589041,25083.89999961853,712.5538461391742,True,top
eyn3wygc,5.348441066405135,0.9570824770739156,0.6289292955109155,16.059039076326137,0.7035783473973155,0.8069612948610778,0.1618025344787733,5.181681934463148,9.0,61.0,0.1147540983606557,0.081967213114754,0.0327868852459016,0.0,3383,114,1657,2077,0.0336979012710611,0.4898019509311262,0.0548868560423688,0.7977852672123255,73,0.9041095890410958,40846.39999997616,1095.4613333328564,False,rest
f0wpo2hr,6.4362593698563755,0.9632480960420696,0.6568641095349566,23.21716823215101,0.7020044459091012,0.8282553638735315,0.1601943108092823,6.230260610767633,9.753424657534246,70.0,0.0714285714285714,0.0285714285714285,0.0428571428571428,0.0,4239,128,1984,2634,0.0301958008964378,0.4680349138947865,0.0485952923310554,0.7532270311313591,73,0.958904109589041,24797.0,700.25,True,top
f1ejz9fy,6.443048550104117,0.9594006355136492,0.6595294145960615,18.936002162890176,0.7073862891101679,0.8299675559137394,0.1621493451384843,6.15692990028621,9.808219178082192,61.0,0.1639344262295081,0.081967213114754,0.0655737704918032,0.0163934426229508,4676,283,2002,2662,0.0605218135158254,0.4281437125748503,0.1063110443275732,0.7520661157024794,73,0.863013698630137,17058.799999952316,642.9345679003516,False,rest
f5ktzt2t,6.679826436861571,0.9713904922238256,0.707302215138466,20.23096412706551,0.718899197924802,0.8348837581843463,0.1650127475630041,6.1536241620892245,8.833333333333334,63.0,0.1111111111111111,0.0793650793650793,0.0317460317460317,0.0,4026,132,1799,2350,0.0327868852459016,0.4468455042225534,0.0561702127659574,0.765531914893617,72,0.9722222222222222,13714.200000047684,490.9616487547488,True,top
fgxp8fzz,5.765152461914471,0.972784154678094,0.7660801036557924,15.404011742930107,0.7587634272974704,0.8581857196022306,0.1721404683393974,5.512972149498987,8.924242424242424,57.0,0.087719298245614,0.0526315789473684,0.0175438596491228,0.0175438596491228,3184,77,1487,1890,0.0241834170854271,0.4670226130653266,0.0407407407407407,0.7867724867724868,66,0.8333333333333334,31196.899999976158,699.5097586196044,False,rest
fkx2gd88,5.271257819223955,0.9657347282347282,0.7327241705572042,13.244779573442386,0.7496272360498393,0.8527005303360768,0.1633004692436774,5.041416253090448,10.166666666666666,65.0,0.0461538461538461,0.0461538461538461,0.0,0.0,3402,115,1563,2039,0.033803644914756,0.4594356261022927,0.0564001961745953,0.7665522314860226,66,1.0,27354.19999998808,871.2142657343741,True,top
fl73adm5,7.062165517721597,0.9762641723356008,0.7151533957947952,17.06433570155402,0.735683455381492,0.8416142091550594,0.1514969509646852,6.7136048005422895,8.408163265306122,46.0,0.0652173913043478,0.0217391304347826,0.0217391304347826,0.0217391304347826,2769,73,1214,1587,0.0263633080534489,0.4384254243409173,0.0459987397605545,0.7649653434152489,49,0.9795918367346939,15597.599999904633,577.6680851058757,True,top
g3vslpjv,5.0791364517834685,0.940604505844232,0.611221137903437,21.24821026373108,0.6787816900919308,0.7906097143522558,0.1643145558260622,5.010101764350269,12.150684931506849,62.0,0.1290322580645161,0.064516129032258,0.0483870967741935,0.0161290322580645,3654,99,1682,2116,0.0270935960591133,0.4603174603174603,0.0467863894139886,0.7948960302457467,73,0.8767123287671232,26096.10000000149,1181.4000000001656,False,rest
g7svteiz,5.681522884342267,0.9535968217475066,0.5531398884564,18.23247167612878,0.6712551969745822,0.7550130668791896,0.1757478633935863,5.642323068949917,9.794520547945206,65.0,0.1538461538461538,0.1076923076923077,0.0307692307692307,0.0153846153846153,3600,154,1757,2154,0.0427777777777777,0.4880555555555556,0.0714948932219127,0.8156917363045497,73,0.9726027397260274,23239.39999985695,1090.6517241412196,True,top
hd5k29qy,5.844241897756917,0.943675312510929,0.6625638860843378,14.17064499754105,0.7169897290568742,0.809520296409119,0.1773711500833472,5.56081776803894,9.58904109589041,54.0,0.2037037037037037,0.1111111111111111,0.037037037037037,0.0555555555555555,4087,129,2034,2651,0.0315634940053829,0.4976755566430144,0.0486608826857789,0.7672576386269332,73,0.8082191780821918,53409.40000000596,1841.519354838838,False,rest
hkj9daz7,6.260879536429284,0.9588386968181488,0.678846561993642,18.543868919139285,0.7023142374591996,0.8220897849473151,0.1706812566469163,5.88024515438899,7.6438356164383565,73.0,0.0410958904109589,0.0273972602739726,0.0,0.0136986301369863,3347,103,1512,1909,0.030773827308037,0.4517478338810875,0.0539549502357255,0.7920377160817181,73,1.0,39350.0,1100.436363636093,True,top
hpl7jugr,7.241764615154324,0.9774739583333332,0.7373251895559783,16.261874234199894,0.7297111022528305,0.8594175156431128,0.1602509886227998,6.791504055914524,7.140625,63.0,0.0634920634920634,0.0476190476190476,0.0,0.0158730158730158,3140,67,1455,1774,0.0213375796178343,0.4633757961783439,0.0377677564825253,0.8201803833145435,64,1.0,12901.0,520.1607142857142,True,top
hsm45iwx,5.592186431838334,0.955055195945607,0.6651546462139903,16.822533512458186,0.720162839629171,0.8082025822051853,0.1736367616978609,5.369223884353045,8.67123287671233,64.0,0.140625,0.0625,0.046875,0.03125,3326,111,1622,2057,0.0333734215273601,0.4876728803367408,0.0539620807000486,0.78852698104035,73,0.9178082191780822,30786.19999998808,801.8999999988647,False,rest
icf7bchs,4.040912693472169,0.9716031807847152,0.7828096499757827,8.215697481345208,0.8369838138561866,0.9100754113859394,0.1256317666150106,3.912714508431209,22.47457627118644,31.0,0.1935483870967742,0.0967741935483871,0.064516129032258,0.032258064516129,5243,152,2193,2881,0.028991035666603,0.4182719816898722,0.0527594585213467,0.7611940298507462,59,0.559322033898305,35079.0,1277.375,False,rest
idma9086,5.5425183009422145,0.9673718167120944,0.7163282184094205,12.39995385789024,0.7512365018712353,0.8523743534724189,0.162380682312684,5.391509161651159,9.541666666666666,56.0,0.1785714285714285,0.0892857142857142,0.0178571428571428,0.0714285714285714,3662,121,1787,2264,0.0330420535226652,0.4879847078099399,0.0534452296819788,0.7893109540636042,72,0.8055555555555556,23046.55000001192,788.7164728674143,False,rest
ikfbpugl,7.809801849385183,0.9647259984979284,0.6856443967555079,17.471679400846067,0.7063749015086697,0.8578725120467732,0.1661991744780654,6.99549421771644,8.0,28.0,0.25,0.1071428571428571,0.0714285714285714,0.0714285714285714,2868,72,1581,1948,0.0251046025104602,0.551255230125523,0.0369609856262833,0.8116016427104723,54,0.5370370370370371,10670.40000000596,437.5347115376248,False,rest
ism64anu,6.154196830897248,0.9678247648903742,0.7224653580817965,21.87175593829108,0.7424803314282993,0.8405452984982422,0.1640492540387645,5.838264646147314,9.616438356164384,69.0,0.1014492753623188,0.0869565217391304,0.0,0.0144927536231884,3662,116,1695,2144,0.0316766794101583,0.4628618241398143,0.0541044776119402,0.7905783582089553,73,0.9041095890410958,33200.60000002384,793.98602941194,False,rest
j2dvablb,6.946287690633107,0.9707464355605256,0.6905898839722369,18.585774769428365,0.7073836197612481,0.8163152230930669,0.1735247454314479,6.656683804184843,7.041095890410959,69.0,0.0434782608695652,0.0289855072463768,0.0144927536231884,0.0,3374,101,1568,1959,0.0299347954949614,0.4647302904564315,0.0515569167942828,0.8004083716181726,73,0.958904109589041,16021.799999998882,540.2444444443616,True,top
j2pjmr32,4.241866944130362,0.9438131035631036,0.7070325633249361,12.140279123863165,0.7841426810031001,0.8526053721908017,0.1661549177973925,4.174301200865466,12.45,25.0,0.16,0.12,0.04,0.0,1826,55,943,1248,0.0301204819277108,0.5164293537787513,0.0440705128205128,0.7556089743589743,40,0.575,28470.0,1785.869696969697,False,rest
jayyv6lz,5.448214993916444,0.963119728471841,0.6376348627368782,17.687577294730335,0.7183832032695667,0.8230255620807655,0.1580780099069602,5.271025532305043,9.929577464788732,41.0,0.1219512195121951,0.073170731707317,0.0,0.048780487804878,3762,118,1829,2251,0.0313662945241892,0.4861775651249335,0.0524211461572634,0.8125277654375833,71,0.9295774647887324,31378.0,1091.7674418604652,False,rest
jeq3oy2g,10.800988042089738,0.9823090818248204,0.6846966592729304,23.9889392152104,0.7096843581117661,0.8479866594999494,0.1593991125693353,8.873714891511503,6.610169491525424,27.0,0.2962962962962963,0.1111111111111111,0.1851851851851851,0.0,2529,72,1268,1634,0.0284697508896797,0.5013839462238039,0.04406364749082,0.7760097919216646,59,0.3559322033898305,20884.0,1043.6408839779006,False,rest
jqeesfz7,5.485294126885691,0.9634328308020244,0.5616472024801471,19.26047414823232,0.6843643653672302,0.7703612598224289,0.1528681969801254,5.42455872736525,8.36986301369863,64.0,0.109375,0.109375,0.0,0.0,3249,99,1554,1966,0.0304709141274238,0.4783010156971375,0.0503560528992878,0.7904374364191251,73,0.9452054794520548,23781.39999999851,864.2000000000311,False,rest
jx6lhkbi,5.924439898223243,0.9623170588924014,0.6602279014950249,17.414253885676022,0.7052594066617475,0.8352861578977009,0.171216682134084,5.722888993328792,7.328767123287672,61.0,0.1311475409836065,0.081967213114754,0.0491803278688524,0.0,3226,120,1620,1983,0.0371977681339119,0.5021698698078115,0.0605143721633888,0.8169440242057489,73,0.821917808219178,34057.5,888.5888889100817,False,rest
k8txaw58,6.813757635459149,0.96631326721224,0.6471322399062125,24.149123570893575,0.6957497267863232,0.7910541429824498,0.1623374402027881,6.626354552681157,7.671232876712328,67.0,0.1492537313432835,0.0298507462686567,0.0895522388059701,0.0298507462686567,3493,135,1587,2007,0.0386487260234755,0.4543372459204122,0.0672645739910313,0.7907324364723468,73,0.9041095890410958,18928.700000047684,657.4642857142857,False,rest
kavvl57w,5.661535029298187,0.982930735930736,0.6727253740411635,27.915046371756898,0.709887116781956,0.8365770215319568,0.1609454003749338,5.52985007682376,7.254545454545455,50.0,0.16,0.1,0.04,0.02,2154,59,1040,1272,0.0273909006499535,0.4828226555246054,0.0463836477987421,0.8176100628930818,55,0.9636363636363636,25676.0,1112.382142856717,True,top
kck1uue7,4.663248089971584,0.9696247167641204,0.7378036789852566,11.996311216691796,0.753404325242294,0.8444163453116831,0.1669004688429712,4.462123068987552,12.534246575342468,66.0,0.1363636363636363,0.0606060606060606,0.0454545454545454,0.0303030303030303,4167,146,1953,2481,0.035037197024238,0.468682505399568,0.0588472390165255,0.7871825876662636,73,0.9041095890410958,30778.799999952316,1141.600000023842,False,rest
kkeej6x5,5.114312375881018,0.9527394789381092,0.6439719134515144,17.259458651801435,0.7011339459350683,0.7742520067363451,0.1619703227259813,5.060904767507656,9.32876712328767,69.0,0.1304347826086956,0.0434782608695652,0.0579710144927536,0.0289855072463768,3173,89,1504,1858,0.0280491648282382,0.4739993696816892,0.0479009687836383,0.8094725511302476,73,0.9863013698630136,42009.0,2831.5999999996275,True,top
kmwiem6m,8.542518918035809,0.9562847758666072,0.6541659693939963,29.880766226031263,0.6681189389510921,0.8056672781459387,0.1664008944389302,7.936694727824651,6.273972602739726,67.0,0.044776119402985,0.0298507462686567,0.0149253731343283,0.0,3792,101,1764,2204,0.0266350210970464,0.4651898734177215,0.0458257713248638,0.8003629764065335,73,0.9726027397260274,15048.700000047684,511.02499999602634,True,top
kwy2bqjo,5.900280982598752,0.9884757555990432,0.697750725159173,20.069481747190103,0.7099036196386166,0.8410444810097927,0.1740606121210368,5.713276947439872,8.493150684931507,64.0,0.21875,0.140625,0.078125,0.0,3617,114,1643,2144,0.0315178324578379,0.4542438484932264,0.0531716417910447,0.7663246268656716,73,0.8904109589041096,20546.19999992847,792.3619047630401,False,rest
l0nln4b2,5.303511128781497,0.9544927663884152,0.6360130483288026,16.46938150805297,0.7122652371094157,0.7980974195921758,0.1897296633719364,5.138432928923196,9.36986301369863,65.0,0.1538461538461538,0.1076923076923077,0.0307692307692307,0.0153846153846153,3496,112,1669,2111,0.0320366132723112,0.4774027459954233,0.0530554239696826,0.7906205589767883,73,0.8767123287671232,25724.900000035763,1068.18333333234,False,rest
l5sagbsh,6.82210540630374,0.9515034324231976,0.6129540240661365,22.170687378179213,0.6487141142076326,0.7905911642445945,0.1744854110017201,6.5691835511680505,6.876712328767123,71.0,0.056338028169014,0.0422535211267605,0.0,0.0140845070422535,3500,91,1705,2094,0.026,0.4871428571428571,0.0434574976122254,0.8142311365807068,73,0.9863013698630136,19236.0,541.25,True,top
l9krayds,6.396078405110959,0.9331894999521728,0.6897238072345816,12.78489990668362,0.7528493560232113,0.8427308946967157,0.1399048624145901,5.6451552403387915,19.20967741935484,14.0,0.2857142857142857,0.1428571428571428,0.0,0.1428571428571428,5857,187,3043,3881,0.0319276079904387,0.5195492572989585,0.0481834578716825,0.7840762690028343,62,0.25806451612903225,20028.10000002384,1249.4082781457348,False,rest
ldo5smvx,5.794437757720693,0.9683293111741388,0.6803604942795719,16.878652141493767,0.7289117021586076,0.8192996738679988,0.148009425468103,5.450359372635715,7.637931034482759,49.0,0.2448979591836734,0.1224489795918367,0.0816326530612244,0.0408163265306122,2456,56,1231,1600,0.022801302931596,0.5012214983713354,0.035,0.769375,58,0.8103448275862069,24676.0,747.838113691969,False,rest
ler5uq42,5.328132291227529,0.9307715125969096,0.5561208858827906,17.734234907449196,0.654715548636089,0.7466062636276638,0.1653911833052713,5.192128259985402,6.634920634920635,46.0,0.1304347826086956,0.0652173913043478,0.0217391304347826,0.0434782608695652,2158,95,1048,1363,0.0440222428174235,0.4856348470806302,0.0696991929567131,0.768892149669846,63,0.6825396825396826,20550.0,1391.5555555555557,False,rest
ljwskxcq,6.955308282906993,0.9550605204029862,0.6718236034714681,21.033992270152627,0.7113060181927976,0.8193166195290722,0.169228567412076,6.446078831634835,7.52054794520548,65.0,0.1538461538461538,0.1076923076923077,0.0153846153846153,0.0307692307692307,3698,121,1705,2191,0.0327203893996755,0.4610600324499729,0.0552259242355089,0.778183477863989,73,0.9315068493150684,9874.199999809263,488.4821428571428,False,rest
lmtka1ev,7.584884126290376,0.9667038690476192,0.6716059981684982,19.367223170348172,0.7008348523887094,0.8143182750409312,0.1908587843899292,7.112254108738484,6.125,62.0,0.032258064516129,0.032258064516129,0.0,0.0,2890,89,1278,1590,0.030795847750865,0.4422145328719723,0.0559748427672956,0.8037735849056604,64,1.0,10184.5,475.8828571428571,True,top
m63pxnwq,6.3364332464348685,0.971709095216558,0.6663684213976232,17.41656328745881,0.7137598085504782,0.8054693713127732,0.168695486450836,6.056608169392076,6.567164179104478,54.0,0.0925925925925925,0.074074074074074,0.0185185185185185,0.0,2873,79,1411,1725,0.0274973894883397,0.4911242603550296,0.0457971014492753,0.8179710144927537,67,0.8805970149253731,11746.0,621.6673913053844,False,rest
mhskzwic,5.209302882151678,0.9590749007936508,0.6136536576421279,16.14584639913167,0.6992309770283665,0.8007281528836468,0.1522889502641178,5.151443398907833,9.52777777777778,67.0,0.1343283582089552,0.1044776119402985,0.0149253731343283,0.0149253731343283,3237,90,1592,1971,0.0278035217794253,0.491813407476058,0.045662100456621,0.8077118214104515,72,0.9722222222222222,21068.5,705.3611111111111,True,top
mlvcv31l,6.636474044678636,0.9582246140465318,0.6766236672781033,23.310961508898725,0.6935234462885601,0.8200768183954201,0.1565398079385676,6.3505297398101455,8.191780821917808,64.0,0.1875,0.140625,0.03125,0.015625,3553,95,1687,2090,0.0267379679144385,0.4748100197016606,0.0454545454545454,0.807177033492823,73,0.8356164383561644,18025.5,707.2250000002483,False,rest
mpzcivx9,6.257211958189938,0.9556588388780168,0.6858694688296194,18.65141908608228,0.7186235138856751,0.8322344855345641,0.1747950090715983,5.9476143166639455,8.904109589041095,69.0,0.0869565217391304,0.0579710144927536,0.0289855072463768,0.0,3656,114,1713,2134,0.0311816192560175,0.4685448577680525,0.0534208059981255,0.802717900656045,73,0.9178082191780822,30415.099999999627,579.9666666666357,False,rest
mr7lkk46,4.822911698039878,0.9586425396234424,0.6569283764387227,15.37286851963406,0.7284822896346737,0.8097220081993348,0.1577077888436584,4.585639078247883,11.88888888888889,54.0,0.2037037037037037,0.1111111111111111,0.0555555555555555,0.037037037037037,3926,125,1862,2350,0.031839021905247,0.4742740703005603,0.0531914893617021,0.7923404255319149,72,0.7638888888888888,23802.19999998808,1199.7055194795905,False,rest
mrwlcmno,6.989822798812835,0.973057208994709,0.5609993133543858,25.27766617608103,0.6396573544552545,0.7909253078021191,0.1572390323969669,6.926573163484395,6.958333333333333,66.0,0.0606060606060606,0.0454545454545454,0.0151515151515151,0.0,3058,91,1431,1771,0.0297580117724002,0.4679529103989536,0.0513833992094861,0.8080180688876341,72,0.9444444444444444,18282.5,785.6414526484751,False,rest
mrypomny,5.387345539297663,0.9791258969341162,0.6456085362958225,19.07051208594573,0.7215714392448275,0.8051366536913156,0.1668679600618111,5.368558846538368,7.616438356164384,73.0,0.0273972602739726,0.0136986301369863,0.0136986301369863,0.0,2766,84,1255,1575,0.0303687635574837,0.4537237888647867,0.0533333333333333,0.7968253968253968,73,1.0,52143.0,815.7976878612717,True,top
mzi8f2hv,6.370416395751257,0.9689280278321374,0.6673481435241974,16.585768067046477,0.7077941151092803,0.8144648753922851,0.1708430467284604,6.134830268960244,8.534246575342467,57.0,0.1578947368421052,0.1052631578947368,0.0526315789473684,0.0,3731,121,1760,2281,0.0324309836504958,0.4717233985526669,0.0530469092503288,0.7715914072775099,73,0.863013698630137,13506.5,502.4749999999379,False,rest
n2et79bd,5.5727496416895335,0.9876901455026456,0.6977363091850055,15.462497225726567,0.7313677288121646,0.8440470178610248,0.1964024950834092,5.417362825041941,6.083333333333333,37.0,0.1351351351351351,0.1351351351351351,0.0,0.0,1656,54,852,1042,0.0326086956521739,0.5144927536231884,0.0518234165067178,0.817658349328215,48,0.7708333333333334,25684.39999999944,596.8619658120501,False,rest
nfbzvhip,4.842248593299485,0.9540631861210092,0.6142316232818297,12.35335116581204,0.7006028725165753,0.7865570906316729,0.1554491464421289,4.690112587619009,10.936507936507937,52.0,0.1538461538461538,0.1153846153846153,0.0384615384615384,0.0,3327,110,1746,2188,0.0330628193567778,0.5247971145175834,0.0502742230347349,0.7979890310786106,63,0.873015873015873,28433.5,1100.9677419508655,False,rest
nhds6zsd,5.506338218313832,0.9615595085665508,0.5639498877501831,24.169505049221556,0.6658848474100731,0.7669249528492605,0.1690563585723187,5.494087650789228,7.873239436619718,63.0,0.0476190476190476,0.0476190476190476,0.0,0.0,2891,92,1356,1702,0.0318228986509858,0.4690418540297475,0.054054054054054,0.7967097532314924,71,0.9577464788732394,28893.0,1073.3207547169811,True,top
ni5df01j,5.835553638659541,0.9636524346580738,0.6756990782583056,18.76364593167549,0.7154419517647919,0.8005949015750253,0.1728993452207164,5.686001396311246,7.985714285714286,52.0,0.1538461538461538,0.0769230769230769,0.0384615384615384,0.0384615384615384,3145,101,1517,1975,0.032114467408585,0.4823529411764706,0.0511392405063291,0.7681012658227848,70,0.7571428571428571,19027.100000023842,757.5749999880791,False,rest
nldu5ge3,6.505764667928647,0.9657976827094472,0.6635870426865051,20.29734800369881,0.7092635129059971,0.826545994769321,0.1780423465410577,6.287186674585868,7.041666666666667,66.0,0.1363636363636363,0.1212121212121212,0.0151515151515151,0.0,3143,91,1527,1926,0.0289532293986636,0.4858415526566974,0.0472481827622014,0.7928348909657321,72,0.8888888888888888,16030.54999999702,627.8643859647868,False,rest
npr5bsi2,4.833148897233238,0.9559990200314756,0.640216424382853,14.61766172726325,0.7249871053200868,0.7977713171697194,0.1719342794465374,4.600601417890642,9.014084507042254,51.0,0.1372549019607843,0.1176470588235294,0.0,0.0196078431372549,3096,96,1582,2016,0.0310077519379844,0.5109819121447028,0.0476190476190476,0.7847222222222222,71,0.8028169014084507,24755.299999952316,920.1696428571428,False,rest
nqubyvew,4.210506117003107,0.939775810609144,0.6956811927938614,12.724541019605168,0.777661333070642,0.8453636395235714,0.1376718600176729,4.02836374105249,13.574074074074074,36.0,0.1944444444444444,0.1666666666666666,0.0,0.0277777777777777,3067,112,1437,1950,0.0365177698076296,0.4685360286925334,0.0574358974358974,0.7369230769230769,54,0.7962962962962963,31659.34999999404,725.9156335017014,False,rest
nrfiw9bx,5.125339848102063,0.960488874392984,0.6985480010289805,16.561428965854716,0.7423435753233523,0.8326845927559289,0.1631239664991564,4.921828557351538,9.684931506849315,66.0,0.1363636363636363,0.0757575757575757,0.0606060606060606,0.0,3439,117,1588,1998,0.0340215178831055,0.4617621401570224,0.0585585585585585,0.7947947947947948,73,0.9315068493150684,21352.099999904633,760.0222222208977,False,rest
nx0vccp8,5.418821968360896,0.9560431443388736,0.6043462868659305,22.968786565125544,0.6877346889291631,0.8011001893786442,0.1676891255557828,5.322422048912084,11.082191780821915,59.0,0.1864406779661017,0.1016949152542373,0.0508474576271186,0.0338983050847457,3794,92,1935,2333,0.0242488139167105,0.5100158144438587,0.0394342048864123,0.8294042006000857,73,0.8356164383561644,45857.199999928474,1541.2333333359825,False,rest
nze0azo1,5.928486031993149,0.9605845258242518,0.6379165392481247,18.08200492916411,0.7115298749885167,0.8049279365315452,0.1698662132818084,5.768721605406136,9.027397260273972,54.0,0.1851851851851851,0.1296296296296296,0.037037037037037,0.0185185185185185,3803,114,1816,2337,0.0299763344727846,0.4775177491454115,0.048780487804878,0.7770646127513907,73,0.8356164383561644,23233.30000007153,731.7333333293597,False,rest
o2ho0580,5.722049981400304,0.9672476971278342,0.5207628670773857,21.97373141287071,0.6620751503178847,0.7490842431321528,0.1287948792999163,5.532428077881208,10.054794520547944,13.0,0.3846153846153846,0.2307692307692307,0.0,0.1538461538461538,3824,177,1743,2303,0.046286610878661,0.4558054393305439,0.0768562744246634,0.756838905775076,73,0.1506849315068493,12398.5,926.6909090822392,False,rest
o4kkkuj9,5.3753815014160935,0.9570782388590608,0.6182710617178788,14.69522952039586,0.7065170214112219,0.7782540737932302,0.1899071229938826,5.218192801526807,11.054794520547944,63.0,0.2063492063492063,0.1428571428571428,0.0476190476190476,0.0158730158730158,4163,123,1956,2514,0.0295460004804227,0.4698534710545279,0.048926014319809,0.7780429594272077,73,0.8767123287671232,28712.699999999255,1389.784782608728,False,rest
o5qropwk,7.68267457272069,0.9728469447219448,0.6478480484505811,25.016543772859887,0.6823774865307765,0.8259633488090455,0.168172253622774,7.347016401143831,6.833333333333333,56.0,0.2321428571428571,0.1607142857142857,0.0178571428571428,0.0535714285714285,3130,104,1576,1968,0.0332268370607028,0.5035143769968051,0.0528455284552845,0.8008130081300813,72,0.7361111111111112,23078.5,826.576129032258,False,rest
ol9lky1i,6.183087984447746,0.9663077601410934,0.6605780216436653,24.714038719797458,0.7339726106833617,0.8177209680380331,0.168793482828706,5.875813511738491,8.6,37.0,0.1351351351351351,0.054054054054054,0.027027027027027,0.054054054054054,2252,66,1056,1392,0.0293072824156305,0.4689165186500888,0.0474137931034482,0.7586206896551724,45,0.8,15905.200000047684,763.4909090914509,False,rest
om1m73rv,5.992139838806898,0.9775009467421149,0.6752759070568465,16.00892984713569,0.7285349853985186,0.8270345900994314,0.1809474260035306,5.691335374243833,10.726027397260276,56.0,0.2142857142857142,0.1785714285714285,0.0357142857142857,0.0,4283,106,2190,2734,0.0247490077048797,0.5113238384310063,0.0387710314557425,0.8010241404535479,73,0.8082191780821918,16462.400000095367,567.4142857193947,False,rest
onnumbyy,4.924966765117694,0.9551901019135282,0.593169968337667,17.332989628668162,0.6770978775563656,0.8109702048603965,0.152534799943018,4.793483566084186,11.175438596491228,45.0,0.2666666666666666,0.2,0.0444444444444444,0.0222222222222222,2888,83,1455,1805,0.0287396121883656,0.503808864265928,0.045983379501385,0.8060941828254847,57,0.7543859649122807,33791.0,1261.735294117647,False,rest
ovhoesyy,5.22989202361226,0.98320697346548,0.666676544924446,16.424911416605656,0.7204722853645554,0.815814183825112,0.1778892979455319,5.009172966065648,8.931506849315069,66.0,0.106060606060606,0.0757575757575757,0.0,0.0303030303030303,3382,83,1578,1980,0.0245416913069189,0.4665878178592549,0.0419191919191919,0.796969696969697,73,0.9178082191780822,28255.0,817.8461538461538,False,rest
oxvw1rhx,6.726209267983948,0.9383911192815302,0.5876310494665087,20.355585356737997,0.6764538296019189,0.7926520244963139,0.1738992900870092,6.3562474936430835,9.397260273972602,45.0,0.1777777777777777,0.1111111111111111,0.0444444444444444,0.0222222222222222,4075,131,1947,2444,0.0321472392638036,0.4777914110429447,0.0536006546644844,0.796644844517185,73,0.6986301369863014,22681.0,822.3962264151295,False,rest
pad0sufd,6.671021269212595,0.9604172490914172,0.623745939953066,17.318452361381624,0.6787147517848613,0.7950963296019994,0.1677436238711273,6.289224313817734,7.616438356164384,68.0,0.1470588235294117,0.0294117647058823,0.088235294117647,0.0294117647058823,3389,117,1606,1990,0.0345234582472705,0.4738861020950132,0.0587939698492462,0.807035175879397,73,0.8904109589041096,17238.200000000186,700.8777777777502,False,rest
pcrxo3zp,5.5408335058509195,0.98533449246564,0.6825663321723267,15.638167244102592,0.725529417562338,0.8566786028558668,0.1678118681336341,5.291173980123709,11.81967213114754,51.0,0.196078431372549,0.1372549019607843,0.0588235294117647,0.0,3917,129,1938,2374,0.0329333673729895,0.4947664028593311,0.0543386689132266,0.8163437236731256,61,0.7868852459016393,18140.699999809265,719.0,False,rest
phbjwkyw,6.436961689528422,0.9567733787790176,0.6420151988857838,15.27459890565913,0.7087229591650939,0.8413474916240754,0.1640564622366767,6.1214990915144005,9.726027397260276,51.0,0.2745098039215686,0.1764705882352941,0.0784313725490196,0.0196078431372549,3896,114,1911,2459,0.0292607802874743,0.4905030800821355,0.0463603090687271,0.7771451809678731,73,0.6712328767123288,18490.39999997616,613.0129032288828,False,rest
plfupad7,5.389245411700525,0.9466750959412408,0.6191295157852087,19.824842410026157,0.687102412757223,0.7740638964439646,0.1431126116479136,5.276977448998229,11.095890410958903,68.0,0.1764705882352941,0.1176470588235294,0.0147058823529411,0.0441176470588235,3603,98,1703,2188,0.0271995559256175,0.472661670829864,0.0447897623400365,0.7783363802559415,73,0.9315068493150684,41648.200000000186,1241.54473684211,False,rest
pz38obzd,6.1218202777329065,0.9719430208300072,0.6391727688513056,19.38815331187807,0.6927319524037739,0.8189146163324158,0.1661412703101717,5.890514547182834,7.958904109589041,70.0,0.0571428571428571,0.0428571428571428,0.0142857142857142,0.0,3491,97,1860,2202,0.0277857347464909,0.5327986250358063,0.0440508628519527,0.8446866485013624,73,1.0,19910.099999904633,758.3499999940395,True,top
q04yitea,5.869689779437587,0.9539271860909287,0.6323962554664309,20.634920345654994,0.6849320259606206,0.797624006721014,0.1632584471141068,5.672253413821396,7.819444444444445,62.0,0.2096774193548387,0.1129032258064516,0.064516129032258,0.032258064516129,2966,72,1467,1820,0.0242751180040458,0.4946055293324342,0.0395604395604395,0.8060439560439561,72,0.8194444444444444,23164.19999998808,774.3902777698305,False,rest
qazkn1sw,5.530820439405209,0.9715606844589688,0.3904363403465415,27.038475644725644,0.5169518057736096,0.716605428035043,0.1532181350361409,5.436347107288199,7.388888888888889,26.0,0.3076923076923077,0.1923076923076923,0.1153846153846153,0.0,2714,75,1717,2121,0.0276344878408253,0.6326455416359617,0.0353606789250353,0.8095238095238095,72,0.375,14804.0,752.6037234042553,False,rest
qfiy90jx,5.39057474652448,0.9698023558344768,0.6918320531000794,16.627926461376266,0.7308074376778991,0.8143326082296211,0.1528170832283477,5.251785091299943,8.780821917808218,61.0,0.081967213114754,0.0491803278688524,0.0,0.0327868852459016,3320,104,1560,1965,0.0313253012048192,0.4698795180722891,0.0529262086513994,0.7938931297709924,73,0.8356164383561644,29735.299999952316,931.1583333313464,False,rest
qfsp3ery,5.512162649836691,0.9681341126194069,0.631005303939626,17.257764815138263,0.702391478861893,0.8139988283962895,0.1575037634890555,5.377375125324446,9.691176470588236,56.0,0.1964285714285714,0.1071428571428571,0.0714285714285714,0.0178571428571428,3445,86,1759,2126,0.0249637155297532,0.5105950653120465,0.0404515522107243,0.8273753527751646,68,0.7352941176470589,24992.900000095367,981.6433760844744,False,rest
qkiu92kk,6.351340870210188,0.9554660753190164,0.643626076061048,17.91241542091083,0.6769453196852028,0.8192178955138794,0.1737388077518551,6.113319590028067,6.549019607843137,47.0,0.0638297872340425,0.0212765957446808,0.0,0.0425531914893617,2122,52,1127,1395,0.0245051837888784,0.5311027332704995,0.0372759856630824,0.8078853046594983,51,0.9215686274509803,17630.69999998808,692.3250000004967,False,rest
qothvfhf,6.379684483908086,0.9640154950869236,0.5542304086933243,20.462948792469252,0.678112115703411,0.8014147747907854,0.1779134240645598,6.348278442859188,7.314285714285714,60.0,0.1833333333333333,0.1166666666666666,0.0666666666666666,0.0,3041,113,1416,1794,0.0371588293324564,0.4656363038474186,0.0629877369007803,0.7892976588628763,70,0.8428571428571429,25919.649999976158,996.6134210509689,False,rest
qu0lm98m,6.520881921530486,0.9602578610883752,0.6518680656646644,21.737121877506116,0.6991374288002518,0.8069566950375885,0.1706716356263116,6.154287818382458,10.47945205479452,63.0,0.1587301587301587,0.1269841269841269,0.0317460317460317,0.0,4673,133,2208,2731,0.0284613738497753,0.4725016049646908,0.0487001098498718,0.8084950567557672,73,0.8493150684931506,16870.5,640.3785714294229,False,rest
qv0yh587,4.91282007752596,0.9441362708346404,0.4856065107402005,27.4221244844007,0.6203059928247728,0.7440599584586046,0.1732182084497489,4.862868083912608,7.405797101449275,27.0,0.2222222222222222,0.1111111111111111,0.037037037037037,0.074074074074074,2341,70,1108,1344,0.0299017513882956,0.4733020076890218,0.0520833333333333,0.8244047619047619,69,0.42028985507246375,14152.0,994.6,False,rest
r24jdhzg,5.040105564974024,0.9381283617147892,0.6074242032199324,17.492877692512284,0.6878780868319887,0.7723962015418446,0.1629813148831101,4.844306371497807,9.808219178082192,65.0,0.1538461538461538,0.1076923076923077,0.0153846153846153,0.0307692307692307,3312,163,1506,1934,0.0492149758454106,0.4547101449275362,0.0842812823164426,0.7786970010341262,73,0.8493150684931506,27798.900000002235,935.8068965517368,False,rest
r2ck84r8,5.115739539095869,0.9571211132854968,0.6449724600048015,17.154920097574617,0.7306350925917499,0.813549513744412,0.1662643408805313,5.002052731557665,9.876712328767123,69.0,0.0869565217391304,0.0434782608695652,0.0434782608695652,0.0,3214,85,1540,1904,0.0264467952706907,0.4791537025513379,0.0446428571428571,0.8088235294117647,73,0.9178082191780822,23807.400000095367,777.8999999761581,False,rest
r99uy0qb,4.6672883751060725,0.960920573948743,0.611409225239792,19.193178423221447,0.6858835249627234,0.7945748639008441,0.1443559049838647,4.548567898360327,8.126760563380282,39.0,0.1538461538461538,0.1025641025641025,0.0512820512820512,0.0,2671,91,1540,1782,0.0340696368401347,0.5765630849868963,0.0510662177328843,0.8641975308641975,71,0.5352112676056338,37850.0,944.3648648648648,False,rest
rhbgnqhz,6.824228816700318,0.9514581014223872,0.6320196434106209,21.096649219283165,0.6886413960721999,0.8317494495627593,0.1743358177540334,6.521908226826005,8.357142857142858,66.0,0.1212121212121212,0.0909090909090909,0.0303030303030303,0.0,3621,101,1767,2143,0.0278928472797569,0.487986743993372,0.0471301913205786,0.8245450303313112,70,0.9285714285714286,18726.04999998212,690.5411643018114,False,rest
rjanlii9,5.423597097547191,0.9541604254819404,0.7013422304497127,16.056238131663033,0.7301163732859836,0.8287452172005683,0.1870697107979189,5.299167436991894,11.726027397260276,54.0,0.1481481481481481,0.1111111111111111,0.037037037037037,0.0,4076,137,2013,2551,0.0336113837095191,0.4938665358194308,0.053704429635437,0.7891023128185025,73,0.7123287671232876,41636.20000004768,951.342857147966,False,rest
s03ed531,6.542660408394285,0.9570691472352868,0.5403793718841903,21.653980766508564,0.6420650408294258,0.7521216319704268,0.1513461652782242,6.423809752145557,6.830985915492958,51.0,0.1372549019607843,0.0588235294117647,0.0196078431372549,0.0588235294117647,3141,114,1544,2000,0.0362941738299904,0.4915631964342566,0.057,0.772,71,0.7464788732394366,18706.99999999907,1181.25,False,rest
sesf1qnx,5.653003476371828,0.972517730496454,0.7107809273662913,15.529601394669845,0.732858524425578,0.861203691547712,0.153319294436366,5.331053304616393,12.170212765957446,43.0,0.1395348837209302,0.0465116279069767,0.0930232558139534,0.0,2764,55,1257,1619,0.0198986975397973,0.4547756874095514,0.0339715873996294,0.7764051883878937,47,0.851063829787234,35208.5,1192.036231883842,False,rest
ske58akk,5.71104047781226,0.948400572030709,0.6831269816147181,21.97944925113801,0.7139818796863053,0.8460163417834391,0.1611631710041569,5.540999675694142,10.808219178082192,67.0,0.1343283582089552,0.0895522388059701,0.0298507462686567,0.0149253731343283,3911,131,1777,2288,0.0334952697519815,0.4543594988493991,0.0572552447552447,0.7766608391608392,73,0.9041095890410958,35610.80000001192,858.7357142865658,False,rest
sn10zd6g,4.989268251076601,0.9664816348035524,0.7064620311633152,14.341307781661202,0.7452458010245516,0.8312918297994858,0.1681116623627719,4.85123848507031,10.876712328767123,62.0,0.0806451612903225,0.064516129032258,0.0161290322580645,0.0,3670,100,1757,2267,0.0272479564032697,0.4787465940054496,0.0441111601235112,0.7750330833700926,73,0.9041095890410958,28806.299999952316,1000.2230769242996,False,rest
so5k1adg,5.125077489558257,0.9429752596630938,0.5363423406986628,18.463837070281063,0.6596804239691015,0.7859042196943861,0.1797697733561831,5.044636879235713,10.136363636363637,34.0,0.2941176470588235,0.2352941176470588,0.0,0.0588235294117647,2193,69,1003,1296,0.0314637482900136,0.4573643410852713,0.0532407407407407,0.7739197530864198,44,0.9090909090909091,37655.24999999907,872.676086956543,False,rest
sp00glmz,4.844325638820372,0.966541639486845,0.601950944171469,14.855545169983357,0.6817630934909753,0.7661934569076742,0.172308345599732,4.729400268889632,10.643835616438356,53.0,0.2264150943396226,0.0754716981132075,0.1320754716981132,0.0188679245283018,3759,119,2015,2363,0.031657355679702,0.536046820963022,0.0503597122302158,0.8527295810410496,73,0.7397260273972602,31311.10000000149,1229.1444444445272,False,rest
stbyxpx6,6.035263992900717,0.9631500534097936,0.6210008213752454,15.00465159040908,0.6906590175868227,0.8275152519438713,0.1679554252074697,5.586979401505696,8.285714285714286,45.0,0.0888888888888888,0.0444444444444444,0.0444444444444444,0.0,2306,51,1060,1345,0.0221162185602775,0.4596704249783174,0.0379182156133829,0.7881040892193308,56,0.7678571428571429,19992.4999999851,650.3028103050883,False,rest
szbhlpfr,4.920496705726769,0.9763658540339212,0.6371962422619459,15.928766312599183,0.7114832103933526,0.8120582315490505,0.1645285652357157,4.74422618975037,8.142857142857142,32.0,0.1875,0.125,0.03125,0.03125,2457,91,1197,1632,0.037037037037037,0.4871794871794871,0.0557598039215686,0.7334558823529411,56,0.7321428571428571,27617.85000000149,892.7202842370907,False,rest
t2eyvuxq,6.263071198631238,0.9502744908566826,0.6642797181003335,18.85481179705835,0.7122924794574453,0.7986781821492804,0.1739451167350427,5.8120039084652895,9.246575342465754,68.0,0.1911764705882352,0.1029411764705882,0.0588235294117647,0.0294117647058823,4014,131,1860,2471,0.0326357747882411,0.4633781763826607,0.0530149736948603,0.7527316875758802,73,0.8767123287671232,25753.60000002384,832.1444444391462,False,rest
t3l0if03,5.921929224648967,0.9661584040008696,0.6509061067350775,19.612049583280893,0.7005435327819072,0.7967083476939214,0.1570870196788985,5.678206337468195,7.410958904109589,54.0,0.1111111111111111,0.074074074074074,0.037037037037037,0.0,3315,82,1672,2215,0.02473604826546,0.5043740573152338,0.037020316027088,0.7548532731376976,73,0.7123287671232876,11232.900000035765,536.1153846153846,False,rest
tc5wgx8h,5.479624365724765,0.9478000374039106,0.6857988041326588,17.504353151560284,0.7436352460283244,0.8407012736543091,0.1756815379807487,5.349110448443518,11.366197183098592,59.0,0.1016949152542373,0.0677966101694915,0.0169491525423728,0.0169491525423728,4257,180,2056,2549,0.0422832980972515,0.4829692271552737,0.0706159278148293,0.8065908199293841,71,0.9154929577464789,29316.60000002384,843.4524999998509,False,rest
uktb326q,4.935005827967444,0.9289307833873052,0.5587417244289026,15.200463494486534,0.6799769353707699,0.7527568183017974,0.1720438644467539,4.793160221557326,10.0,60.0,0.05,0.0333333333333333,0.0166666666666666,0.0,3075,102,1415,1797,0.033170731707317,0.4601626016260162,0.0567612687813021,0.7874234835837507,69,0.927536231884058,48725.0,1186.2857142857142,False,rest
v6jvgdvg,5.388471214108313,0.9638541990870424,0.5945899977640396,17.233333110987154,0.7001769444362947,0.8102204925200546,0.1538207083946043,5.287512743113078,8.291666666666666,46.0,0.1521739130434782,0.108695652173913,0.0217391304347826,0.0217391304347826,3164,126,1569,2008,0.0398230088495575,0.4958912768647281,0.0627490039840637,0.7813745019920318,72,0.5972222222222222,41745.7000002861,1195.4571428625354,False,rest
vbwguazj,5.986783453983777,0.9567347474050372,0.6809247958315289,18.92107645611037,0.7267272557203216,0.8232445785924178,0.1471826517105993,5.787265461942294,7.855072463768116,66.0,0.0757575757575757,0.0606060606060606,0.0151515151515151,0.0,3153,62,1515,1867,0.0196638122423089,0.4804947668886774,0.0332083556507766,0.8114622388859132,69,0.9710144927536232,38897.800000000745,814.8250000001863,True,top
vpxztp7b,5.281780118362201,0.9636997625869262,0.6730639623483341,20.237791369771845,0.7318773724936909,0.8261530207577494,0.1696423854615489,5.107470344023741,8.898550724637682,62.0,0.0806451612903225,0.032258064516129,0.0161290322580645,0.032258064516129,3102,115,1458,1937,0.0370728562217923,0.4700193423597679,0.0593701600413009,0.7527103768714507,69,0.927536231884058,29808.0,754.0322580645161,False,rest
vr20hyge,4.318420817975956,0.9492864774114774,0.584345246570434,17.837460382228908,0.6750504795052534,0.7554828761231169,0.1594016626250216,4.284329397251524,6.573529411764706,39.0,0.3846153846153846,0.2307692307692307,0.1025641025641025,0.0512820512820512,1860,63,972,1249,0.0338709677419354,0.5225806451612903,0.0504403522818254,0.77822257806245,68,0.5147058823529411,34252.5,1753.6416666666667,False,rest
w12e497z,5.987665813345572,0.8753625200673811,0.7246982013142284,15.219077423439067,0.7540095535707108,0.8166414465694183,0.1536741032897464,5.081051993292494,28.98611111111111,,,,,,11330,763,4412,6101,0.0673433362753751,0.3894086496028243,0.1250614653335518,0.7231601376823471,72,0.013888888888888888,6642.75,1383.9446095876633,False,rest
wcau806y,4.776563173416622,0.963785817357246,0.5500390721757716,18.693453020023217,0.6502540742452416,0.7215343458292405,0.1399597617645354,4.726670209237943,6.8428571428571425,44.0,0.2045454545454545,0.1136363636363636,0.0454545454545454,0.0454545454545454,2177,55,1091,1315,0.0252641249425815,0.5011483693155719,0.0418250950570342,0.8296577946768061,70,0.6285714285714286,30956.0,1475.0761904761903,False,rest
x5id5i5q,4.436923050510516,0.9729004011861154,0.6882834307595138,14.535207796018303,0.7510931607758738,0.8675725062297616,0.1493211659837131,4.35443457155652,10.52,36.0,0.2222222222222222,0.1111111111111111,0.0555555555555555,0.0555555555555555,2365,65,1144,1402,0.0274841437632135,0.4837209302325581,0.0463623395149786,0.8159771754636234,50,0.7,79489.0,1452.9945141065832,False,rest
xasfvnb7,5.707091631573946,0.9483350550964188,0.6159744659032614,14.670465643086471,0.7183478967208174,0.8381633463793778,0.1440964208717967,5.5943712508428565,6.681818181818182,32.0,0.15625,0.15625,0.0,0.0,1768,72,949,1183,0.0407239819004524,0.5367647058823529,0.0608622147083685,0.8021978021978022,44,0.7727272727272727,26673.200000047684,849.9034631950257,False,rest
xeu3j3ki,4.599788592416354,0.9316205533596836,0.5394488640628071,16.008223143727186,0.6761570768943583,0.7635934203326071,0.1626874516058125,4.498980264895133,9.717391304347826,32.0,0.21875,0.15625,0.0625,0.0,1896,65,958,1240,0.0342827004219409,0.5052742616033755,0.0524193548387096,0.7725806451612903,46,0.6521739130434783,55441.5,1195.4139610389611,False,rest
xklnx39q,5.87901326755711,0.9653690562866204,0.6957329364300312,14.098355326233822,0.7479643980401858,0.8570753848391254,0.1608429868349986,5.515114581827099,10.169014084507042,53.0,0.1886792452830188,0.0754716981132075,0.0566037735849056,0.0566037735849056,3796,140,1800,2314,0.0368809272918862,0.4741833508956796,0.0605012964563526,0.7778738115816768,71,0.7605633802816901,21077.30000007153,974.9307692326032,False,rest
y32zaw9c,6.2279323925415255,0.9633088824755492,0.5191096363264837,21.438567774412075,0.6352902140310853,0.7563454889850727,0.1692012163970559,6.206344273488237,6.333333333333333,65.0,0.0769230769230769,0.0615384615384615,0.0153846153846153,0.0,2835,93,1385,1719,0.0328042328042328,0.4885361552028218,0.0541012216404886,0.8057009889470622,72,0.9027777777777778,31960.0,1098.289565217391,False,rest
ya0wv6pm,6.0272409131606715,0.9528776636225268,0.5435547843874613,19.487385650121727,0.6608038350519567,0.7579651295810036,0.1540256677146989,5.602425903091382,9.438356164383562,60.0,0.2166666666666666,0.1833333333333333,0.0333333333333333,0.0,3897,120,1913,2362,0.0307929176289453,0.4908904285347703,0.0508044030482641,0.8099068585944115,73,0.8767123287671232,17721.0,830.1428571428571,False,rest
yebzokh4,6.347570304890796,0.9611714616402116,0.582312107782966,23.54215368508128,0.6898564552381503,0.7843453141746846,0.143915226179165,6.184144822186068,9.15277777777778,65.0,0.1692307692307692,0.0461538461538461,0.0923076923076923,0.0307692307692307,3598,117,1782,2181,0.0325180655919955,0.4952751528627015,0.0536451169188445,0.8170563961485557,72,0.8333333333333334,41791.80000000447,1224.6531018520982,False,rest
yfyhejim,7.10472075062574,0.9657994212788732,0.6820163200644773,20.470089836633953,0.7249180058654294,0.8236185924962335,0.162019938575838,6.508450245992656,8.849315068493151,65.0,0.2461538461538461,0.1384615384615384,0.0923076923076923,0.0153846153846153,4406,116,2156,2663,0.026327734906945,0.4893327280980481,0.0435598948554262,0.8096132181749907,73,0.863013698630137,26100.299999713898,551.3500000238419,False,rest
ym49wqbn,5.374498445606629,0.9544005182098708,0.7087201108000436,14.858705003732698,0.7537658573132365,0.8602919125240563,0.1558837681851556,5.132403504858829,13.625,64.0,0.109375,0.09375,0.015625,0.0,4792,93,2523,3073,0.0194073455759599,0.5265025041736227,0.0302635860722421,0.8210218027985682,72,0.9166666666666666,34628.44999998808,1083.674994380327,False,rest
z3die4q3,7.1149856710115005,0.9727671339190948,0.7259726214486345,15.857334825315773,0.7375145301430401,0.8412712860965462,0.1805172283247447,6.700697027290885,8.222222222222221,70.0,0.0285714285714285,0.0285714285714285,0.0,0.0,3715,105,1692,2138,0.0282637954239569,0.4554508748317631,0.04911131898971,0.7913938260056127,72,1.0,18968.5,560.7083333333333,True,top
z8b26ynw,6.075179387918806,0.9725918677973472,0.6604190720837965,15.900847614282272,0.7110441830017977,0.8256264697363025,0.1689217848880447,5.7382201447835435,8.136986301369863,64.0,0.171875,0.109375,0.03125,0.03125,3549,127,1564,2034,0.0357847280924204,0.4406875176105945,0.0624385447394297,0.7689282202556539,73,0.9178082191780822,15345.0,562.5,False,rest
zelqv7az,6.2049612091342565,0.9685638182213524,0.6572905982409252,21.215194303303097,0.7127758390710023,0.80990039811698,0.1696292240650504,6.1189417874318925,7.671232876712328,67.0,0.0895522388059701,0.044776119402985,0.0298507462686567,0.0149253731343283,3307,112,1499,1991,0.0338675536740247,0.4532809192621712,0.0562531391260673,0.7528879959819186,73,0.9178082191780822,16897.0,696.0250000059605,False,rest
zfeorjum,5.41015056400781,0.9633620672460316,0.6631194681843565,14.627495197983585,0.7357769305969215,0.8370263631204781,0.1701612850644461,5.240849775358882,10.232876712328768,65.0,0.3230769230769231,0.2153846153846154,0.0615384615384615,0.0461538461538461,3738,102,1827,2312,0.0272873194221508,0.4887640449438202,0.0441176470588235,0.7902249134948097,73,0.6986301369863014,16181.0,777.5,False,rest
zj5uemkt,6.019953105219761,0.9564014062562824,0.6328345106158405,18.936731353758574,0.6941029876464724,0.8232591102964079,0.1690932800183498,5.770814747864188,7.882352941176471,61.0,0.0983606557377049,0.081967213114754,0.0,0.0163934426229508,2912,79,1474,1806,0.0271291208791208,0.5061813186813187,0.0437430786267995,0.8161683277962348,68,0.8676470588235294,52742.5,1314.122574959903,False,rest
zvbewhqx,6.1260207585474875,0.960255119297846,0.6176501756772389,18.70159924531792,0.7039755134318428,0.8000426198185016,0.1776113358599332,5.878814548731021,8.753424657534246,61.0,0.2295081967213114,0.1639344262295081,0.0491803278688524,0.0163934426229508,3524,119,1706,2135,0.0337684449489216,0.4841089670828604,0.0557377049180327,0.7990632318501171,73,0.7808219178082192,23380.89999997616,830.8249999980131,False,rest
