feature,n,rho,ci_lo,ci_hi,p_value
mean_rt_median,195,-0.33461285803228097,-0.4652624761406926,-0.18635205846340763,1.7432439989159014e-06
success_iou_best,195,0.3073800147153136,0.157530410922172,0.44114239941551175,1.2366594880710985e-05
n_cells,195,0.2667347168240887,0.11152438813562679,0.4049349327878644,0.00016369221646156097
size,195,0.23437193946019333,0.07880107336910229,0.3766895692067753,0.0009743179932943925
is_connected,195,0.17106929796283793,0.022155066630174122,0.319547978189652,0.01679579995656423
bbox_area,195,0.16282400952231163,0.009912005795978764,0.3109130777436423,0.022948321740289452
color_homogeneity,195,0.12729407660057004,-0.024569257276690116,0.276510860008179,0.07616944315778681
n_chunks_total,195,-0.09277641069582121,-0.2517312187372053,0.06392511855187087,0.1970483123541802
nn_chain_rate,195,0.03978976928794262,-0.1137898306339208,0.1953286542150921,0.580756279525927
fill_ratio,195,0.021900560972195917,-0.13118966284866124,0.184536973123994,0.7612079444518274
deliberation_time_median,195,-0.010226682973009662,-0.16872078596172146,0.15719332565596444,0.8871641926947162
