rule,threshold_ms,feature,rho,ci_lo,ci_hi,p,n
fixed 250,250.0,size,0.11326405502129426,-0.0466743103719236,0.26415045622675953,0.11489791011896025,195
fixed 250,250.0,n_cells,0.1176906263849183,-0.04007665380995446,0.26995743126420835,0.10129793449978171,195
fixed 250,250.0,n_chunks_total,-0.1864539899275373,-0.3344518105254172,-0.03360143194260961,0.009057506824748022,195
fixed 350,350.0,size,0.1531525702785845,-0.004303585515057123,0.30148946259420745,0.03255442747755993,195
fixed 350,350.0,n_cells,0.1593169088240884,0.0034418289367252036,0.3063551476284732,0.026103750746533056,195
fixed 350,350.0,n_chunks_total,-0.22178897741995973,-0.3660954702919831,-0.0684185079111777,0.00183257319402635,195
fixed 500,500.0,size,0.18582291705520199,0.0349508171988267,0.33371548044759863,0.009298358011544834,195
fixed 500,500.0,n_cells,0.19749841384077096,0.048367488101218215,0.34544490133574174,0.005648868823905908,195
fixed 500,500.0,n_chunks_total,-0.2042896359975702,-0.34689031393814335,-0.050264963539580675,0.004174274631668137,195
fixed 750,750.0,size,0.21469478158470157,0.06543503411337402,0.361413424951456,0.0025782782119457242,195
fixed 750,750.0,n_cells,0.22652325368344026,0.0815728361866316,0.37229892084097677,0.0014506219571222409,195
fixed 750,750.0,n_chunks_total,-0.154717970209952,-0.30551427167759726,-0.0012469790150036282,0.03079980462279955,195
fixed 1000,1000.0,size,0.2808626749795207,0.1342184416741101,0.4215310607943879,6.973990874333096e-05,195
fixed 1000,1000.0,n_cells,0.2960485100360785,0.14991176832227335,0.43669651686004174,2.644526376283254e-05,195
fixed 1000,1000.0,n_chunks_total,-0.2034303947728187,-0.3496156299553058,-0.050536931352411905,0.004339390430538479,195
fixed 1500,1500.0,size,0.34058456099823786,0.19288950548834446,0.4722319275152372,1.1054500399542605e-06,195
fixed 1500,1500.0,n_cells,0.3582050507744484,0.20688052446207308,0.4888413948936314,2.7249496912594363e-07,195
fixed 1500,1500.0,n_chunks_total,-0.2643034757839791,-0.4062435541310911,-0.11340334913837483,0.00018870009951435537,195
fixed 2000,2000.0,size,0.36880729218825553,0.22314339023612245,0.4931282232923989,1.1253996479030871e-07,195
fixed 2000,2000.0,n_cells,0.3936200498630149,0.2499001803973627,0.515868731741676,1.2500500599044954e-08,195
fixed 2000,2000.0,n_chunks_total,-0.2709917461928588,-0.4069374521600573,-0.12129647655807685,0.0001272023482984031,195
adaptive(prod),,size,0.23437193946019333,0.07413986256858739,0.3770891239942278,0.0009743179932943925,195
adaptive(prod),,n_cells,0.2667347168240887,0.10581786901663733,0.4049349327878645,0.00016369221646156097,195
adaptive(prod),,n_chunks_total,-0.09277641069582121,-0.2476670695608856,0.05890466863810736,0.1970483123541802,195
per-subj antimode,,size,0.16379337642228028,0.030280108539636894,0.29971089435943665,0.022485292997778256,194
per-subj antimode,,n_cells,0.16213712941572195,0.026966542103991745,0.2997711094388846,0.023903245759381728,194
per-subj antimode,,n_chunks_total,-0.17228633664028908,-0.3077481046743512,-0.038688533780384636,0.016298876862476826,194
per-subj p80,,size,0.1617232347820431,0.008646510674899301,0.30879341582745273,0.023901297670554655,195
per-subj p80,,n_cells,0.16612795252950002,0.00766730836297421,0.31704983839997364,0.020282086522514273,195
per-subj p80,,n_chunks_total,0.0008656540738705582,-0.1556087937449672,0.15744711485600243,0.9904172495561013,195
per-subj p90,,size,0.03367885069306941,-0.12052618708406143,0.1919443941002855,0.6402076278437564,195
per-subj p90,,n_cells,0.06558917726298678,-0.08712647239570946,0.22479991478650882,0.3622975566333895,195
per-subj p90,,n_chunks_total,0.0008854947817880179,-0.15469103633605585,0.15711672449150854,0.990197624681184,195
