feature,n_top,n_rest,top_median,rest_median,median_diff,cliffs_delta,p_mannwhitney
n_chunks_total,35,160,-1.239960834992286,-0.244364954397753,-0.995595880594533,-0.4032142857142857,0.00019042944374031304
n_cells,35,160,0.347253647681045,-0.13749835831043153,0.4847520059914765,0.3989285714285714,0.00022275342742902353
size,35,160,0.41672955974016673,-0.16813051508190274,0.5848600748220695,0.36178571428571427,0.0008144648238292842
mean_rt_between_edits,35,160,-414.6173456836036,-245.17950116174728,-169.43784452185633,-0.32607142857142857,0.002551369354319508
planning_time,35,160,-21069.309561962826,-17911.475717718073,-3157.833844244753,-0.31357142857142856,0.003714352342859303
deliberation_time,35,160,-20271.325282554804,-18127.507192797195,-2143.8180897576094,-0.3067857142857143,0.0045307580526871985
color_homogeneity,35,160,0.005895569161054021,0.0003269086136640914,0.005568660547389929,0.2067857142857143,0.05577232208511689
bbox_area,35,160,0.343367378864975,-0.8986561899207266,1.2420235687857015,0.1667857142857143,0.12295640764697927
rt_click,35,160,-305.6899247543663,-407.08644307510144,101.39651832073514,0.15071428571428572,0.16341126743397394
success_iou_best,35,160,0.0038062503493951575,0.0016436267923043311,0.0021626235570908264,0.1467857142857143,0.17468006453224416
is_connected,35,160,0.022764088091855678,0.007804680024666084,0.014959408067189595,0.1457142857142857,0.17785179623372416
example_view_time_before_first_edit,35,160,-7952.398865410718,-6648.526979993825,-1303.8718854168928,-0.1457142857142857,0.17785179623372416
fill_ratio,35,160,0.0035789695232484975,0.0007263501596977128,0.0028526193635507848,-0.05821428571428571,0.5910560489634347
nn_chain_rate,35,160,0.00658561547678171,0.0006741632865929245,0.005911452190188786,0.04,0.7123701419436808
