feature,n,R2,beta_difficulty,p_difficulty,beta_log_traj_len,p_log_traj_len
size,14107,0.11869173065506511,-0.7021109686598873,1.296289934190946e-29,1.384449626676037,0.0
n_cells,14107,0.11608608847286783,-0.7088870850397223,3.0409447277652427e-38,1.2006538355298957,0.0
is_connected,14107,0.16174256375205243,0.04205768406168648,2.9334378101653494e-15,0.1343983399302513,0.0
fill_ratio,14107,0.1477276999631193,0.012045518823103578,0.0009418825237195597,0.08947642677557133,0.0
color_homogeneity,14107,0.06284706568009257,-0.011792163567274708,2.949322530068504e-10,0.029547067617932996,4.879344055457575e-201
bbox_area,14107,0.00040001529168920413,-0.6032141377807434,0.22006895301381452,-0.44649629368785076,0.07730620813947647
nn_chain_rate,14107,0.1326676500892462,0.026266092962712623,1.1484933669977826e-11,0.08711274227109993,0.0
success_iou_best,14107,0.04985531936886145,-0.04044465521968254,1.0328592012286542e-78,-0.017201744263714822,1.0271948209699067e-54
n_chunks_total,14107,0.42915891837028763,1.0475522806371584,2.5795881775779658e-14,7.0165318540952395,0.0
