feature,n,rho_raw,ci_lo_raw,ci_hi_raw,p_raw,rho_ctrl,ci_lo_ctrl,ci_hi_ctrl,p_ctrl
size,195,0.23437193946019333,0.07880107336910229,0.3766895692067753,0.0009743179932943925,0.1694796497349795,0.016835346297270896,0.3114583703555703,0.017855584236443633
n_cells,195,0.2667347168240887,0.11152438813562679,0.4049349327878644,0.00016369221646156097,0.2051398949605323,0.05424093654729488,0.34404716045593925,0.004016473758622553
is_connected,195,0.17106929796283793,0.022155066630174122,0.319547978189652,0.01679579995656423,0.10520168944201849,-0.047446678455866045,0.25697268918913474,0.14328103076737436
fill_ratio,195,0.021900560972195917,-0.13118966284866124,0.184536973123994,0.7612079444518274,-0.04345874862444066,-0.19114597980631617,0.11658852292983563,0.5463411933283908
color_homogeneity,195,0.12729407660057004,-0.024569257276690116,0.276510860008179,0.07616944315778681,0.03199207528224613,-0.12152282205441815,0.18351971995045213,0.6570523684425545
bbox_area,195,0.16282400952231163,0.009912005795978764,0.3109130777436423,0.022948321740289452,0.1661206679907777,0.012516707708548002,0.31348773405661684,0.02028765667004383
nn_chain_rate,195,0.03978976928794262,-0.1137898306339208,0.1953286542150921,0.580756279525927,-0.014501897809846781,-0.16282775232810798,0.14500226383072473,0.8405292196368834
success_iou_best,195,0.3073800147153136,0.157530410922172,0.44114239941551175,1.2366594880710985e-05,0.3345173496356988,0.19033068802169895,0.4681886846375199,1.7558543793020149e-06
n_chunks_total,195,-0.09277641069582121,-0.2517312187372053,0.06392511855187087,0.1970483123541802,-0.33274154097382447,-0.464833117534702,-0.18820844039495283,2.006781947028398e-06
mean_rt_between_edits,195,-0.33461285803228097,-0.4652624761406926,-0.18635205846340763,1.7432439989159014e-06,-0.25865292580821997,-0.39854967856376106,-0.1011539504333544,0.0002612242860648646
deliberation_time,195,-0.010226682973009662,-0.16872078596172146,0.15719332565596444,0.8871641926947162,-0.32499564813237586,-0.4473563744772068,-0.18515890294547843,3.559045086814061e-06
planning_time,195,-0.18614019918622057,-0.3249409006625656,-0.03175341102488225,0.009176566494582067,-0.2057331801698094,-0.34758341858829833,-0.04953731676028732,0.003909569526117994
example_view_time_before_first_edit,195,0.08550302389865498,-0.0742124262482525,0.24661363528542976,0.23464195637636553,0.08834526683846494,-0.07674740637905098,0.2522227382108159,0.21939223997927784
rt_click,195,0.08453993895432002,-0.06539530800486693,0.23299482875927696,0.23997437045980208,0.10024739371761864,-0.049589680511361645,0.2501620235574663,0.16319878424846435
