subject,size_resid,n_cells_resid,is_connected_resid,fill_ratio_resid,color_homogeneity_resid,bbox_area_resid,nn_chain_rate_resid,success_iou_best_resid,n_chunks_total_resid
02333qfj,0.7561450684550582,0.8158668530447554,0.0034757562579986164,-0.023053705980384493,0.0013098202713746937,5.03371726987611,0.02483276222797244,0.009568892688412739,-1.9811322674873098
03ljcqhc,-0.33305598200122977,-0.25233655979232283,0.05729275790274783,0.04115821649351978,0.018993162580251802,-0.9540040458549958,0.05523825905183743,0.0018959061480917875,-1.6387880409907727
08vqizpx,0.008343127960077973,0.24540568518531158,-0.1735241991223509,-0.10699151890990771,-0.018773146739507262,8.375606312145916,-0.09144231723179906,-0.01652971799143191,0.05913284287574671
095bdwyc,-0.0388275568189599,-0.03804591889040901,-0.10203170205291172,-0.0409328936844487,-0.004831326308078877,8.25706670001875,0.07432642669414184,-0.013486363340242852,-0.6467457287764398
0fy66fv2,-0.8330062104911127,-0.8228176844721119,-0.2525552561036758,-0.20202597465357078,8.36451396453608e-05,13.3025348548063,-0.3351470892741178,-0.08631965845855324,0.3018469854536636
0hrc9vve,3.092073804385718,2.9961901359902834,-0.12806503427767318,-0.09294934353356087,0.030065828458004634,21.84235027729847,-0.031889065779629314,-0.029916664822853805,-2.073125031897976
0ra11hiv,-0.8461427507783729,-0.7232541039452238,-0.06021370898348995,-0.04278107913197512,0.013942603880174965,-2.587192700984539,-0.0136352802413991,0.017318196216860263,2.183311760429564
0wk7vjg8,-1.0594325333299632,-0.9204719590400742,0.07881210458922347,0.06394631829841063,0.024206050891024688,-5.2901253273702045,0.09481994695593722,-0.02973116966177733,0.07733211228593308
0yfthc4y,-0.6647604885257347,-0.6890389960234174,-0.05311814870871534,-0.024394022230567018,-0.007180064397255902,-3.3827219901683523,-0.027253458492536835,0.014115901129855007,0.19353457829834178
154uk6vm,1.6948408177427228,1.5203862236583918,0.00823218941565142,-0.007291066994221722,0.015412960721159052,1.9264887733124423,-0.011098864375570176,-0.01647447864321197,-2.67069307713313
189iqcds,-0.020336155221817673,0.03182296244423494,0.02048740900784324,-0.0063328825894641725,-0.0021550306284654616,-2.363882061166211,0.018082892066327003,0.006811960160307771,-1.2955632011192308
1qt2f29y,-0.12776487104710846,-0.04012727150409799,-0.06937927903308275,-0.04069670425122099,-0.03568861756970728,0.5989991238077519,-0.031709869717206234,-0.005913189298552689,-0.49661725899540776
1r6yodve,-0.683143123227854,-0.44502374103866943,-0.10722888068117481,-0.06173132591767893,-0.060236164231667985,-0.34288702809249344,-0.09670314776632366,-0.010743290078570366,1.6750532377287721
1xogp17t,7.783990343625601,7.076094568049887,-0.25722176237480376,-0.19725014622330703,0.04788530368496984,30.835679379677874,0.06964358560829868,-0.0766419728269465,-3.759627643698382
23iyreiv,-0.7735245008077112,-0.7313685338080237,-0.01311837557017132,-0.008334945919916511,-0.011860732459849992,2.781677260330663,-0.011027781554198805,-0.001134893979080358,-0.14878299987731658
27d8totr,0.20157341815295873,0.3818253151964434,-0.04169396432244806,-0.034998243646088535,0.012996718502854361,3.7015471210695723,-0.001047233539188838,-0.008296258579944555,-0.3351957015357708
2anyuqd8,-0.6831663800669131,-0.4949947821503583,-0.11048532825034728,-0.055722951668889985,-0.021731027289979436,-2.283466311992556,-0.03870329352849853,0.006801604026668612,-0.5260547075395151
2d8q4qkc,1.6517600286052634,1.347616568006537,0.05145226574301517,0.008508644153933008,-0.0019974922937581446,0.4259396211109052,0.009387915086913515,0.018184971899769472,-2.167322913018551
2j8p9vyz,-1.0459846866936315,-0.9187304697901484,0.06012156964316365,0.022745486540472606,0.00866991266964298,-3.0356698471496415,0.00871398140352435,-0.002343023422043929,1.3010752896000743
2ke9hbes,-1.7980774504268173,-1.626945276781407,-0.16258206180951648,-0.09440404086481603,0.007318910725341164,10.67517137576629,-0.09692198836780763,-0.004231976655600102,2.5077056459437825
2tkm21z6,1.1467182906996451,1.326145356300304,-0.08378539778010771,-0.04576632326093346,-0.021367804395150583,5.657326939460991,-0.04917477259888979,0.017746590874776993,-2.2250071627451726
2w766g1z,0.1486294355480309,0.2144973700544723,0.034759898375781466,0.02882835438754499,0.015379539975371614,-2.4941919757606943,0.021238717109377313,0.009779042987407813,-1.8775813774729864
318gokyy,-0.7988639590288277,-0.8431153755200426,0.07966672757060507,0.08753806753462544,0.024687720047280867,-7.161703854261785,0.06511569728696406,-0.024467113892654293,0.9815447796638931
3cc6zm51,-1.3138217099084868,-1.2110801594289506,-0.06731526428946959,-0.0007826669327712388,-0.009343306937773327,-3.3937550206939475,-0.03414591873014497,0.001334010199349655,1.1827245987538446
3d2as981,-1.0661928763286834,-1.023064806344113,-0.044038978921648604,-0.027934209189085644,-0.037838951642001746,-2.843073253436567,-0.02678102789183854,-0.014370190452981582,5.1100558364703375
3irnkhq8,0.5077001596115877,0.25843090943838454,0.06260246836168427,0.020168516121464718,0.009896939072295044,-0.01792548144037611,0.02934359933722394,0.01857902905510775,-1.4466448836598103
41kp06jx,-0.35472492891104546,-0.44867661699164657,0.07367681971379933,0.04862038457950398,0.009458466634027482,-4.637679069505208,0.042580560954041335,0.0009004053760640489,-0.5337767435822746
44o5xnxe,0.023358311192327105,0.14692588859383518,-0.007411040342278015,-0.01122931415017308,0.009515988304990116,0.9997359100678205,0.00658561547678171,0.009813865261654613,-1.1421949228743817
4j6cy1mk,0.4538295456222958,0.4273160147735007,-0.052894393165406305,-0.01932224782601392,0.0041818504225650055,1.7350018094900368,-0.025890390597880644,0.011566485667336233,-1.3482001984086163
4kl3i3tv,-1.2482369257700947,-1.0849348950444357,0.01548227728184074,0.0029149433430841623,-0.013057859734153495,-3.840914460737262,0.06870863445840904,0.011458317519678053,5.086891263385685
4s3cm7d8,-0.379310610165085,-0.24426735610839034,-0.048353782770022995,-0.013423158880247432,-0.004559283698567834,4.264342735337312,-0.04419145142606413,0.013109128352908244,0.17612666125376028
4s9g1cze,2.046115559936264,1.51954670708467,0.0075194402823919315,-0.00646095450890612,-0.0008682172227161294,1.1537825512500253,0.014405207397770504,0.005994258764376681,-3.1205016757702753
4stfwpke,-0.7416137034230741,-1.0578967490428153,0.05380659677615518,0.03704099870598844,0.007789547127090915,-5.837147346368197,0.038138712346961964,0.029396390536484615,0.43281896184604735
4wx63ymf,-0.0005288399926590145,0.015204832222544849,0.0071008922596546955,-0.0007623059221507572,0.005895569161054021,0.343367378864975,-0.007572759761557573,-0.0014694557184741044,-1.5425670279770323
50nsp39w,-0.1606419331115557,-0.3403131033320525,0.05262466614259633,0.03809087972849251,-0.025303279662330123,-7.30745564673678,0.05112601345339587,0.004335707904649399,0.7144885072072341
5hz183aa,0.9808459574337359,0.7424322296592417,-0.06253865335487684,-0.0203509840022738,0.015165582902942197,-0.4964509596534962,0.044051314229813,-0.01540738743284516,2.7902738674295278
5nrjvc7q,-1.0127551887945512,-0.8383506773013711,-0.0002493702073869089,0.02005043855865464,0.0037483219397347425,-1.0716786618272105,-0.02171997062972122,0.007484842154075307,0.5717522004313962
5pds9j1d,0.33474475980063306,0.5140388421925404,0.034896290672356126,0.03334991463536833,0.011715032206197795,2.2405773201623362,0.02971885647119511,-0.01673927018355623,-1.9890500280703896
5vv1rrzw,-0.7445174060558817,-0.6571311648296885,-0.11899555483369847,-0.055006498418204756,-0.0359359956829096,6.280240369818573,-0.05008649062420202,0.06902687788257945,-1.1045160345021723
61zahdh9,0.19444680163185896,0.2631872535157764,0.01434965827046631,-0.0007123841900281108,-0.006055994186741603,-1.085880408594139,-0.000685078452322161,-0.01371485992796374,-1.661790941241581
648anokh,1.115941239467742,1.088459238767019,-0.0179590646983832,-0.03987010404938356,0.01223638051297205,2.561921101604529,-0.010204674543686024,0.008456828715381805,-2.417468951467533
6e5gb0yb,0.6339873677248609,0.47507445361329764,-0.011075542013220337,-0.037611331320382475,0.013507950942415607,2.163716441820415,0.007800485797772691,0.0046999760766870706,-1.8235981984428056
6eyovdd2,-0.6184840146735973,-0.507025124396445,0.010983984495118136,-0.004248341389911269,0.0002764328793113969,0.34451642740009725,-0.0074387032771299575,0.009891006943260264,-0.1946101590128225
6p8vl3lk,1.000430244840528,0.6833778493616687,0.05323207699923513,0.05000309228089035,-0.023377965569199296,-4.510835514073046,0.057834674029780146,0.02238799517699005,-0.7251028247104064
72p6pxny,-1.0134534780562345,-0.8465854312851463,-0.01540061817001969,-0.0006721319542392566,-0.01022816462357281,-1.1799157691391637,-0.02873198004795931,0.002611673049277052,2.7684574461919977
74l1qvc1,-0.9088355612629109,-1.0728059685515796,0.12223469819722896,0.08197690016136999,0.008890047566064508,-7.567967489019171,0.06595911070951727,-0.04045266440687041,3.107837669230467
7agy8y3l,-0.4842366285840626,-0.3788192909923022,-0.004090491172011229,0.0006615985417989816,-0.013094909260591295,-3.7106686853782715,0.013453537031926942,0.01318169111757164,-0.300505603114642
7nszfy43,-1.9666484182194888,-1.913352225364333,0.004768973184570197,0.05618799038985434,-0.033185235054979306,-10.332886106413705,0.028580884953662535,-0.004476904673829452,3.0664618101832293
7o2tmcr2,-2.79853117450138,-2.59974479995784,0.036381284647027404,0.039711621884313895,-0.005808409201292375,-10.130389512425948,0.07480182418529893,0.03667549600998841,10.996388566000277
89u58v07,-0.04976046748401905,-0.06147920322704054,0.03915408986314204,0.018862372477988946,-0.003204175697288771,-1.3493823420206126,0.022400293767450175,-6.312909891747833e-05,-0.5557596756369605
8aknstxj,-0.1634269811239175,-0.15013619141504647,0.06390453210992877,0.03237146931298649,0.007958594374035588,0.17152369080077387,0.055020605297849405,0.01791948836129555,0.48578525498087993
8bgj1tsd,-0.3291034601487852,-0.23125599867726523,0.018637764339955894,0.00609301968815417,0.0003773843480167859,1.6699479363865655,0.02226699346023815,-0.007687179640247066,-1.0510544990009767
8d21w3yr,-0.7035294716797902,-0.7245833699689621,-0.016055668163294467,-6.555483593627096e-05,-0.013603960620186978,-0.8312262676445227,-0.04322172908456018,0.0017712480397838529,0.857673308598644
8jwr3j6t,0.4202441323341514,0.42562022325846527,0.05391443516650565,0.010800716368857086,0.01063998175126089,0.30409500542548223,0.0018253226365063952,-0.02347659673801842,-0.9670257739106469
8oohxrrz,-0.01853518217832156,-0.09542754601495262,0.07119653451853775,0.022762798224679415,0.005789030969083197,-3.1253070427999647,0.001050721339720376,0.014606305548545053,-1.4798236825289943
8psac9uo,-0.7414195988968763,-0.5737308961024016,-0.08153479423771086,-0.044138414698625776,0.0007503843719653821,4.1607153721743035,-0.050837900426713614,-0.008310166594183484,2.286270628567044
8y2nd2sh,-1.0484061729298422,-0.9745112453410968,0.042104494925603475,0.02598913731046192,0.0020573300921205035,-5.014405837762147,0.019872848169370644,7.967241934713446e-05,1.278556601484686
8yhijukj,0.8025056571401711,0.769168539377342,-0.023485437307456787,-0.01876328773070507,-0.019116024693817273,2.613800525329203,-0.020255058227051852,-0.0017083408551809103,-1.3836663240203069
904h81sn,0.6934384077645979,0.6836449054329496,0.002130865979532006,0.005254108483636989,-0.0012206493729981398,-1.418759726541268,-0.006230951949661386,0.0073443428987922605,-1.696454877335237
91fk0af9,-0.9644234306889656,-0.8944160065320548,0.08550015289152729,0.05335261063494815,-0.01488677774603292,-5.237319597321808,0.02280426244171942,0.00861140757292081,1.2927718947935056
9evwb372,0.5773721490615985,0.6040250124242793,0.024756947276352387,0.002433224561451751,0.004858275107163241,1.626113484810521,0.01693532642904982,-0.0015715530381672186,-1.5553017457653298
9ohxtpht,-0.4361084887992566,-0.2512406645932041,0.04179377438011982,0.02797556193504233,-0.006069366692850796,2.833251974865863,0.00809434059411199,0.005041953278297765,-0.43634036479765514
9pjr0waw,-0.6431412931954612,-0.657946545433938,0.028289690555492224,0.044727884768942794,0.03809767510237572,-6.686062671524313,0.06258400258872394,-0.006122821887556357,-0.22898608945384163
9wkeb5tu,0.5441055851396935,0.639833768247865,0.014110726729089635,-0.020872387247357006,-0.0049149820503641365,16.753206624746163,-0.02776092477232873,0.05182256829976154,-0.39478508108753174
a0w1xgxf,0.05770268754602187,-0.03094960997162277,0.05424622443191604,0.019078591366270894,0.013129980893626329,-2.806991553202318,0.03330108358909947,0.005996980542807004,-0.9293339572985
a589fsqz,0.7669793109122433,0.5647138342769727,-0.04255190261825014,-0.024163856623842486,0.0019875560480219845,4.658075627845914,-0.02169613969706072,0.0002600937889514129,-1.397152681679761
a6jpzpek,0.436867304010131,0.26027560413089335,0.06295500119695707,0.008592021463481274,-0.006145010982409182,-1.5277924576566635,0.0236025193938719,-0.02573038899976079,0.5736564459151554
a9gvtd1o,-0.5745191895501193,-0.47269793966882695,0.010640558786319127,-0.005041466207774892,0.016610989645922686,-2.0024070856028646,0.004157485406250349,0.010224120932716595,-1.2139223225746976
aqmjput5,-1.7360133411258896,-1.6918469648143128,0.0378159786650384,0.05270786906948986,-0.0007703490771500121,-8.670697828601979,0.014969682274743804,-0.0008898303754035783,8.480017305912014
ascil7wf,-0.6257640637028707,-0.598178531708116,0.005058923503645779,-0.008365987509192874,0.0031989478345869323,1.6123151172836188,-0.01137690649160091,0.00048614338008683356,0.9053193045593569
aypxap78,0.5616315915549591,0.34867221914641905,0.022764088091855678,0.0174217923616068,0.010357534093962506,-4.288507528027635,-0.005149123236233218,0.013093383976469378,-1.5162119276088066
b73rrttr,-0.010183003541517053,-0.02929285109950873,0.0004207882027927161,-0.014922892764542225,0.017413832131013742,2.020288586738678,-0.007527727591798213,-0.02281066132027569,0.7458625260557703
bcyhma9y,-0.7483847078901724,-0.8090293523626326,0.02440045294652805,0.0470758319369798,0.0018211812576444367,-6.683771074261484,0.017122092942650408,-0.045038148989675814,1.7893930472241117
bdfn1h0o,-1.4836463332218932,-1.404630632346435,-0.11058721992509689,-0.06396672053470201,-0.02265926512116039,-3.0265434209715285,-0.00032188117450793197,-0.01136237424162799,2.8683775061942396
bhpug29p,-0.09274726479994964,-0.13517633910502322,-0.07724388484575469,-0.059172629122986375,0.008694026766229867,1.4902286116028733,-0.06363908437126803,-0.009944202463143675,0.358579198819437
bmlngyh3,0.24736532696689617,0.045515999594878516,-0.046958014752360215,-0.030444814466213027,-0.009796973602293943,-2.0625128506135146,-0.0165213175887925,0.020428566663899,3.3162056423670423
bw2cwy0m,-0.1221884387293722,-0.021527468220122963,-0.04349211339308372,-0.01917799705126315,0.006993289576807262,2.5620803488765898,-0.03522385693957891,-0.00412384827491055,-0.5565680084748356
bx44xwzb,1.3398312541072337,1.45094241350905,-0.0893732765341748,-0.06627364519859459,-0.01890300927568237,9.185320077293385,-0.029684187509396803,-0.01163479379530991,-0.2740016943000747
byx9jkxm,0.4976854805298908,0.5112218229174553,0.02702978152143304,0.006990874946490826,0.009550784160331633,1.6137513288097725,0.0360461198584949,0.004688467410766535,-1.1693110549508747
c2lwacqc,-0.4902963434718537,-0.3911316050637176,0.04067729739270151,0.025911558188361685,0.01958672339931944,-4.108236088942474,0.0373345883381681,0.015250926286189515,-0.4348882166012074
c7ac53of,-0.004015798893311606,0.1524418836616657,0.05541928884322345,0.06991569827344002,0.011800367754822938,-5.089865653782358,0.05111197442698985,-0.05285689702253626,-1.3678853282841852
c7z6erey,-0.2763828564755245,-0.1062905188393404,0.033770968177227724,0.00813010612711851,0.002968923588816345,-1.471436613158035,-0.003645018865448397,0.017126135584736264,-0.22013638607369368
c9sps7bl,-0.1035105316572823,-0.29333309670073726,0.09465892168783813,0.038059449042046126,0.007786530394743503,-3.228438360592604,0.04616684684437463,-0.0028548308438955776,-0.8058433076339775
cbvc5e3w,-1.8847233915533357,-1.7158836786603775,0.00022351435003554267,0.019550803912670202,0.026445669399697603,-5.666261347823225,-0.0019071858234967248,0.022623201703412144,2.285415053347338
cdo2cmtp,0.09069029053826032,0.3016885942771348,0.01606729889942246,0.010424966054029752,-0.004304979675156866,-2.9534007970563096,-0.02122737110313276,0.01708945274400551,-1.49890265458026
ce9qdbyh,1.3111529186179474,0.8036437419148683,0.043498158616322016,0.027969392667221583,0.016708087153094738,-0.6858859013131579,0.04966736775300209,-0.0011875455406736824,-1.7852288323086951
cfclud8z,-0.23387784444458204,-0.1269849660532137,-0.0044143789540931015,-0.014829459553668866,0.003328758933024494,1.5874714097389129,0.013231729307255505,-0.000534099420196503,0.7262627319412382
cghxa2ie,-0.8432160789341786,-0.7602416466475387,0.03938500411125741,0.0035435381131489634,-0.00804616000062217,2.3915927291898007,-0.002422495868282538,0.0025403254784265193,1.373929525601629
clhkwrie,-0.29834706689100804,-0.12345304030302591,0.010211910473663509,0.015410204721733803,-0.0061934181449818364,-4.398903593956857,0.026313993884813338,0.0020808880489372955,0.19554299627082175
clucow7d,-0.18583532632669772,-0.3696184857373567,0.05571675055653542,0.037628913738675815,0.01682586559938056,-4.8443093466982265,0.014052273404201046,-0.0026746211565920413,-0.06464152356072234
cp3b83py,0.745415115187163,0.6254246995542713,0.02951822201787059,0.006223749241417509,0.005211231471433076,-3.272015334466398,-0.004019759648765313,0.03927419051392682,-1.323725729930179
cuybsfwr,0.3848450380524774,0.39206953723459603,0.027148207873541677,0.01771739557564894,-0.019514870829694754,-3.3653223959758987,0.01296010557275507,-0.00977153632839071,-1.5193268326825569
cw4tyx7n,0.1711446244088636,-0.006663410882943026,0.053098769861573615,0.0657620056486906,0.05358835712883246,-5.122483549419918,0.10117391111737507,-0.044503322653037074,2.9724905379350424
d1vjrjhc,0.815559165455115,0.7654635189804369,0.01648973156413938,0.027661723297694236,-0.0053027456547837986,-3.489391222232046,0.01031234113847488,-0.007335982376608052,-1.0501530123695935
d33m799j,4.716261305301964,4.358746058370788,-0.1987554315932074,-0.1404677149818827,0.014627371050864871,28.430324894871255,-0.05869525435730354,-0.036316328437501495,-2.8063995950580924
dmft9d3y,-1.2538705526446319,-1.1540268637230682,-0.002869824728393662,0.011221361381949737,0.007370180875472129,-2.858290625998221,-0.01079248890265708,-0.0181815646274474,2.5852390062982886
e0biso3r,0.893198902440243,0.890990857389793,-0.012586544641556662,-0.025583026442471367,-0.016043214762339227,6.681859450512458,0.014659362155002896,0.010743268571620897,-1.1519803583158792
e2w81k0i,0.4742552949362434,0.32304699963180933,0.006051540701113636,0.0014074733491823718,-0.00902048408336008,-1.5711669656617948,-0.01651927815645653,0.0065123013042026594,-0.961310235627561
ei0ij8ms,-0.15238801397665513,-0.07161617465562109,0.02363279664922372,0.004722097717019181,-0.009383629663871757,-0.6904559501900589,-0.01331644682945713,-0.008085850000341437,0.5425717732999276
emwp6wq7,-0.17146917741265078,-0.13747394424253523,-0.014846641600563636,-0.009027847939056158,0.0023124426954726474,1.9261671621706367,-0.015503735025934582,0.0037206281862190477,-1.010336196710217
ew4oecfi,0.17050220351162454,0.2727622077535948,0.031272984812154105,0.011290052077233825,0.006879928631619798,-0.31905045412636174,0.010373414036051801,0.010543715495248327,-0.7485913986582188
eyn3wygc,-0.523145631830701,-0.44845473621926096,-0.013474950646711906,-0.00021860285570346547,-0.003291702716529649,-2.269070367330869,-0.0041059385513953,-0.0009895897250884306,-0.19492940420985994
f0wpo2hr,0.42848305208570253,0.4819047546933747,0.001359930427878798,-0.010531365689807962,-2.9153235942145758e-05,4.932070538267665,0.008696078031854652,-0.0009596221238643752,-0.1266727819520316
f1ejz9fy,0.3235696417250334,0.3103648757611797,-0.005345931313017918,-0.011601596244577166,-0.006217929137030276,0.6758445638215007,0.004320891276218019,0.0017263785905504178,-0.5764589893561497
f5ktzt2t,0.6078896887252878,0.347253647681045,0.04818421169570716,0.0035789695232484975,0.006819657231508404,1.9468767744345081,0.012958516555552947,0.0034895779370299456,-1.262668757933335
f5ohsl5h,0.7388072948537555,0.4126613767956407,0.23518184189048333,0.16763284878902526,0.04036657508419123,-8.884796784375228,0.1344469296609045,0.034475956912809164,0.7820203261032004
fgxp8fzz,-0.1647918527511547,-0.17467238232908458,0.12561404564111625,0.05515619499233262,0.011384728118646905,-2.962510986353035,0.04830616129897056,0.006681518158309095,-0.2487062153034352
fkx2gd88,-0.7493783416513426,-0.7150420191229264,0.07260932670594795,0.03450856098721142,0.0020856366148379432,-5.010861379698104,0.030183091899594623,0.0038062503493951575,0.08088589078551237
fl73adm5,1.0146655582448565,0.926757716642932,0.06024762436147521,0.022901193558538726,0.012268163809108609,-1.2414830849788796,0.022402602613066445,-0.01115067246315496,-1.4870984113370898
g3vslpjv,-0.8502611325294939,-0.6713267269037683,-0.03552121874049225,-0.02808780147792345,-0.020966579117425287,2.929155304957904,-0.02328083865368137,0.0016723891344163843,2.7160042812101635
g7svteiz,-0.3306467326529129,-0.11116745902041868,-0.10133063632549795,-0.04080381945787551,-0.009731897549831888,-0.06220030855861454,-0.06388941028725406,0.013997137339405094,-0.04682357835212267
gckdkq1t,-0.8848523330605822,-0.6572894992171511,-0.1531934571143703,-0.0860186342036234,0.015821031724704993,-2.642916006432929,0.03770644847120004,-0.03590849921842711,-0.8027898501495743
gkse9wdn,-0.9648078445662852,-0.8105544685931695,-0.007174970444233422,0.027149352302729704,-0.010339620477473829,-6.502475060668234,0.03891904481891308,-0.03830978294895446,0.06667924310619192
hd5k29qy,-0.20507672430845772,-0.22314753929045605,0.0025663439443676874,0.0015291053744496943,-0.020501876715070307,-4.097588140491159,-0.012947289764055687,0.016938836642190744,-0.5208435378266091
hkj9daz7,0.41672955974016673,0.2725282933855301,0.0406209101940085,0.0010798854212478992,-0.00090604108585747,0.19550592693650368,0.013717314642632502,0.006872327893568268,-1.348725323749566
hpl7jugr,1.2977339484216608,1.0999795261317866,0.08630245524318245,0.02040590770275109,0.015507738918813069,-2.030934105370561,0.04277835879033189,-0.0009335681258747712,-2.487729607973671
hsm45iwx,-0.341079620104863,-0.3153182044081052,0.017770758314081384,0.012904749272029387,-0.006606154554381044,-1.4932715927108993,-0.006101391264870723,0.011161321294190917,-0.7941692857780295
icf7bchs,-2.4992595503363018,-2.2906877127705334,0.06826945550893675,0.08620878879876631,-0.003249480650358607,-9.842352032554658,0.05231718660297728,-0.02562713241260879,9.588980051439941
idma9086,-0.46393895660388407,-0.3575532796793442,0.06299195722319058,0.03984870848206634,0.004181802576078876,-5.900924260258557,0.034201839779780224,0.0003003613858174857,-0.24650010731632113
ihnjt6k4,-1.7109059682328436,-1.4934346395006493,-0.07652883689894653,-0.012847258699786175,-0.013752668797708171,-6.320445027674714,-0.08961069744794424,-0.02715285074934367,1.2104131158698166
ikfbpugl,1.789747034891771,1.2338629107528196,0.031844053733192025,-0.0054457586093353124,0.0012705754085602125,-0.8312563672073118,0.03939147310380493,0.0039059668509025237,-1.82131150882694
ism64anu,0.07700577308871936,0.02836602804640947,0.061703376519791096,0.026229756257881178,0.0031089489486859742,3.597898566119456,0.017564712373318563,0.0030972117917696784,-0.5535787118254756
j2dvablb,1.084973536586684,1.0353355678376852,0.04931553522033367,0.004319700142872929,0.01059533614972901,0.25335368828167165,0.005979156425281731,0.010545800763786457,-2.096227020987404
j2pjmr32,-1.6808018394734774,-1.5147601573715144,0.07578980380763375,0.08544301347428707,-0.017184357378696703,-6.292701468900658,0.048627223784478785,-0.0031939271911246097,3.6698481980396864
jayyv6lz,-0.6804582219812491,-0.5831249299900089,-0.028561022709603742,-0.0014218849772925997,-0.00270745833097738,-0.5663934415949125,-0.003473173187259844,-0.002039791558655484,-0.5195836869434115
jeq3oy2g,4.896170909096262,3.210761023140174,0.04347393506713962,0.006036005627901835,0.021353353568561665,5.638370068636579,0.03764548765310659,-0.004946311584092805,-2.5689895339399635
jqeesfz7,-0.4415868611129718,-0.2533254078937211,-0.08635204465520793,-0.02312459960065618,0.00187197404309175,0.9519077442787329,-0.04433042610173754,-0.00913554534561092,-1.114797795172137
jx6lhkbi,0.1538470771344099,0.17797289733481222,0.030235514138765986,0.00934824109377819,0.004173830535697402,-0.9660560126341414,0.03224037164553746,0.0060064140412380085,-1.2453412743012806
k0qq522n,-0.881815211541376,-0.8629401218000862,0.0732481783957946,0.08611466914187262,0.01609423783109093,-7.988395745203003,0.06909221064224214,-0.026762955635880322,2.17665171899432
k8txaw58,0.7984789616491172,0.8717670395025454,-0.009403059058360636,-0.017428724195702433,0.0028671310641256273,5.868724859996529,-0.029170750102823575,0.0014118107387000483,-2.25954174423601
kavvl57w,-0.21287420111152092,-0.11824990201478859,0.047150077385589115,0.014818360289455506,0.022991694855628377,9.45910545572653,0.03626347821834968,-0.009441397417748802,-1.239960834992286
kck1uue7,-1.4047529429047108,-1.339116623195632,0.07717440523692753,0.03735203422371113,0.00508303873324234,-6.2747934128509035,0.02152862772174999,0.006173029066259426,2.3790689785044226
kkeej6x5,-0.727815332442703,-0.5453120106091957,0.006222250947720858,0.00017600170325019496,-0.0069539989213441376,-1.0916617680427463,-0.033814465588577564,-0.0019884968411349327,0.3581427235295066
kmwiem6m,2.6846226293251165,2.3180277915391447,0.013535172325758049,-0.03456166136585538,-0.0037843492900154594,11.544896130706745,-0.00425447135562286,0.003240406755845739,-2.8330000463078924
kwy2bqjo,-0.13867950760853656,-0.06435967325228588,0.04168462510109541,-0.003363170077823655,0.024604377899199326,1.7758834010895694,0.0210987336753426,0.012194333191503547,-1.44196507171091
l0nln4b2,-0.6081586038410548,-0.5283794079473905,-0.008172569770668239,0.006976924602011286,-0.006675761301676642,-1.8616820534960399,-0.014143476807691189,0.026494385851261806,0.05995554922609356
l5sagbsh,0.9907255567727116,0.9732101658096417,-0.02476903251751188,-0.0520789332128469,-0.007990113547666992,3.823754341743434,-0.01744888980281581,0.010846635363383263,-2.0819311716907256
l9krayds,0.19363837726372624,-0.27080711995550844,0.013983835587033443,0.027035198909942923,-0.03428104861859067,-5.427342356696431,0.010067484775185754,-0.018233307776084867,8.287072800565424
ldo5smvx,0.14336059772301496,0.0071770432791833216,0.06408162320423985,0.041824761770731224,0.012797950618169495,-1.5560951325691263,0.02512350620710697,-0.019627679106836975,-0.24222980147918485
ler5uq42,-0.07187571631459577,-0.030448701956754948,-0.0389457853661486,-0.01779169739376516,-0.019493056675559596,-0.7576909537236656,-0.033792311703773635,-0.0039553654778548795,-0.10488777846670715
ljwskxcq,0.9413223913233358,0.6910163505696706,0.017173235070581244,-0.0008722198448060065,-0.008307064113875731,2.73993258288502,0.00029760523346547286,0.007501981026605268,-2.3301485534134363
lmtka1ev,1.7910062072160053,1.5482990867546056,0.03808009198815349,0.00275551302840902,0.008026813970857008,1.0040058819011715,0.008993659451398376,0.0265057577912797,-2.620320886338842
m63pxnwq,0.4657123785242452,0.4205348726498493,0.0314199703920973,0.013859483618514166,0.011566912488916364,-0.9673158799815844,-0.0008317593154970902,0.0026040197288909567,-2.315313870183761
mhskzwic,-0.6921018570127562,-0.5076238050414015,-0.028259967707406915,-0.004729380978387905,-0.0018376062793602442,-2.1981289573746006,-0.010051617281228246,-0.011642877397066808,0.32319704097798296
mlvcv31l,0.7584376887683482,0.7120791505789894,0.03659215470628103,-0.009127947643326336,-0.002200355059175476,4.962358432562707,0.010520460316581692,-0.007509985756402786,-0.91051503578943
mpzcivx9,0.3170290181084487,0.2572794544065066,0.037587201063587046,0.010800168818880648,-0.0061567048446613815,0.339552777987663,0.017350257870765575,0.01250673621542065,-0.6058305155469584
mr7lkk46,-1.187152103925025,-1.1651516586532704,0.0016993637429740527,0.016057694267109308,-0.004669127427034241,-2.915234310350217,-0.009663409453600403,-0.003639539279704268,2.0179773065738167
mrwlcmno,1.1646186431410226,1.3345806144848036,-0.07460855395580773,-0.05994689806004513,0.013739365885430272,6.917332278715642,-0.015757421878759146,-0.007152627135649377,-1.9056716243223433
mrypomny,-0.3141957163906071,-0.11603049524310559,0.02183193324406137,0.029869040823801502,0.02244225290901149,0.6716024367642159,0.006124140276460673,0.0010172235883885309,-0.628083867346169
mzi8f2hv,0.31194003426775596,0.34144579205425807,0.008089919766940236,-0.007410014680639275,0.00460255670883935,-1.6917687742819123,-0.007538198653989235,0.009798111037172758,-1.5540031294874914
n2et79bd,0.3045266587206786,0.3012585796500937,0.12407961225327162,0.07186696737197866,0.04048772287872149,-3.136791986824212,0.07744797016932292,0.021574567353594604,0.37151318860111804
nfbzvhip,-1.0008214378008853,-0.9176132381348949,-0.022846908100413774,-1.8655468561103193e-05,-0.005628314342292294,-6.0032058551965015,-0.021081255973310915,-0.008838169885135968,1.9929769859265913
nhds6zsd,-0.265080818708681,-0.05032362704689587,-0.06746901618227247,-0.03078114163653873,0.003359651906878976,5.799595904103013,-0.03703330992397813,0.004456954202472808,-0.7613182536543798
ni5df01j,-0.03789168958610587,0.050592664988772615,0.037149069574747604,0.01362693494464652,0.0033554496983566875,0.4057651175515197,-0.00801053774033269,0.008330421676629634,-1.050027112349269
nldu5ge3,0.6666361050469036,0.67914572964214,0.031006441319479397,0.011040787564671707,0.006309498948767371,1.9085420499717058,0.021785935865723954,0.011870192612744905,-1.7099110356001592
npr5bsi2,-0.9374253017277844,-0.9445713815039413,0.010526615061825076,0.029233844146784975,-0.0021350992471446087,-3.7649182123512204,-0.005081061117299647,0.006589604319790704,0.45263959983262514
nqubyvew,-1.618293102536367,-1.5677032833298423,0.06077889246248956,0.07837415997077529,-0.019588213829919446,-5.642571636697675,0.039128721789857525,-0.027145579711852913,4.73591897952064
nrfiw9bx,-0.8009925465929754,-0.7562571864259793,0.05134868702090669,0.0352790834757059,-0.00103864713942256,-1.7529349459906731,0.01850466166278653,0.0007803101053327168,0.23425447654334217
nsu6cwh4,-0.8100842639461465,-0.6606907629381287,-0.1015384540837236,-0.11349624235879513,-0.02037864563748622,30.846744797777905,-0.17427221532113854,0.035451345842396044,0.8142335690239811
nvlsix5c,1.4232279315644514,1.4809541652903895,-0.04612599605843433,-0.030082145844692338,-0.04905316311245196,16.355016016232998,-0.028175348385652013,-0.02825759338177207,-0.7153154043312031
nx0vccp8,-0.4568677851317255,-0.31121790244226566,-0.03851696988122922,-0.016359063677622472,-0.004420361364350711,4.642457291365454,-0.010264012531708644,0.004975059446400055,1.8639311234457925
nze0azo1,-0.07901191726338262,0.02096362785541761,-0.01795355382936432,-0.001192665447617948,-0.0026981636902570394,-0.20022472266205701,-0.014864978098259716,0.008884113573450135,-0.8677101227176246
o1t1fb7j,-1.5163000136295892,-1.5009997793080303,-0.06495515135006068,0.0011834308436276383,0.005054309079681306,-7.164840460168435,-0.00985139059591463,-0.024851700877048796,4.356471694085611
o2ho0580,-0.19345334325236394,-0.13752277237832783,-0.12400009132440425,-0.04356782749332814,0.0059914094106274275,3.64544874766462,-0.06352901577147357,-0.03430123093295213,0.7168833361626264
o4kkkuj9,-0.5900919739823355,-0.4937028437033261,-0.032876673448951094,-0.0031546252238420576,-0.005288943242183327,-3.6053915978861015,-0.03848375696399972,0.02811613787629663,1.3995315750373665
o5qropwk,1.910964596178702,1.7995288566721632,0.0195137846204914,-0.012685498068264885,0.01473104174067484,6.6232963563740475,0.023976367775923373,0.002187785604538159,-1.672612260285268
ol9lky1i,0.19577618903269373,0.1506118737260763,0.001100802043747394,0.01965443028286046,0.003294648108552847,6.46720226838238,-0.004359748989501005,0.010043931144015278,-1.4254345128075636
om1m73rv,-0.22806506309083424,-0.24331021474818598,0.001423406869937383,0.003454555756418856,0.009755878928649167,-2.2247725324614187,-0.004438008122150298,0.021418631031774236,-0.13566545392791962
onnumbyy,-1.0418897735316976,-0.9214873465650131,-0.056044290830519906,-0.03158586657284877,-0.007146706738021202,-0.9827502650465507,-0.004533063029764688,-0.010161433415805029,1.5995764579619567
ovhoesyy,-0.6085752448027064,-0.5936396398688641,0.02902904496684792,0.019619006298966908,0.0235842838101378,-1.925483705730229,0.007816214211622478,0.013997943872020586,-0.03114649123386534
oxvw1rhx,0.5231901100646239,0.4371581798991161,-0.08527188877526284,-0.04789037560527243,-0.029007987663917646,2.1217510214177975,-0.038198613011894804,0.014477615441210087,-1.4073711083404832
p445h6ow,-1.5937018406106427,-1.4320346057589446,0.03788487040587027,0.0571982378433395,-0.011824442039617862,-7.917120050108464,0.021434180604902296,-0.029916663840403517,0.8209861034774433
pad0sufd,0.7626208799319737,0.625557595048311,-0.020464352462856116,-0.02654047328939865,-0.000691411298116626,-1.0110908030078938,-0.01715747393845224,0.004620316872552637,-1.6911940352914672
pcrxo3zp,-0.401345572866982,-0.4082680800863753,0.04222102705686056,0.021813167313241007,0.023711849353353093,-2.734259113575508,0.04686550786806526,0.0019212179716547454,2.639397008819473
pgtp756s,-0.4447558778765119,-0.39723871174398157,0.005944988036446425,0.03224785190615893,0.022561903187635148,-2.866503107059387,0.02532548577711603,-0.006889857025334782,-0.8334514632759356
phbjwkyw,0.4581543067463138,0.39821268879538707,-0.01061762763624693,-0.0019097936804531091,-0.005883899736275762,-3.020286624894492,0.023648791989560512,0.0025162116736186777,-0.004781386025364882
plfupad7,-0.5642729925569493,-0.4239646133024608,-0.031503209736114854,-0.02213291500256055,-0.015455637898662567,1.5252250635462732,-0.042334297261463934,-0.018538928896662143,1.4742394549307052
pz38obzd,0.2542612699196981,0.2642929728467645,-0.0033057803148925802,-0.011047110156271802,0.01164132328681233,1.0622474275469798,0.007803419956777622,0.0035066754330292404,-1.2350572941702331
q04yitea,0.04833653155849283,0.08373914487455875,-0.002990566992856558,-0.014502947319210627,-0.005312896023719444,2.2744946199826703,-0.00891407023811804,-0.0011128991418756142,-1.0314287775829127
qazkn1sw,-0.07929304089135143,0.03157566096835773,-0.2250465491424411,-0.1691447839269777,0.01681144915987698,8.614459484039337,-0.07702611402815883,-0.013509030991151087,-0.4165825214554719
qfiy90jx,-0.4895893503179518,-0.3881392979348405,0.05118451116378567,0.027805193110811643,0.009320116061289019,-1.7169080992065584,0.004380653693198285,-0.011023604006887481,-0.3493693805913475
qfsp3ery,-0.3761414613138716,-0.2677641877983706,-0.012465605054921579,-0.002196123955584279,0.007419258523384797,-1.0691400113217673,0.002235199833678562,-0.005328778640049311,0.4347655930134156
qif0sa3r,-0.7828137952919789,-0.7090594691862433,0.04386016442075289,0.08406605011627521,-0.02698663925427207,-10.12476127204497,0.06873384615308419,-0.03482179217440509,1.0248038933569574
qkiu92kk,0.56961305671172,0.5449794080667081,0.027728685120448918,-0.011778849137004953,-0.0024752342975645704,-0.5785396741508153,0.025171122918956595,0.0018967975584636295,-1.4473230576759408
qothvfhf,0.4691108316877512,0.6805272428961088,-0.08776605743500239,-0.026020249127904193,0.0029306856837906094,2.1158539399313203,-0.009425973084093152,0.013735399882168552,-1.9030292131817659
qqqzakmg,8.85725783234943,7.507456878544496,-0.12335113674334656,-0.07923729463915032,0.041733740215783514,20.857165647027845,0.06635814485137194,-0.033568403779670616,-1.723298257923108
qu0lm98m,0.34360559721215633,0.2582087612505052,-0.019290888075102014,-0.023936409799877257,-0.006613709373469263,3.5006689122939227,-0.02275673497841821,0.01126694216268788,-0.22626557042368897
qv0yh587,-0.15255697402072405,-0.07012448762679988,-0.0762896712204072,-0.03021704875538103,0.0010332849938415412,8.817117413050676,-0.014844741959289254,-0.000591921526924918,2.3905789447405623
r24jdhzg,-0.8744757847965617,-0.8238968681597438,-0.03829428518825667,-0.01824976456177934,-0.023138517906707574,-0.8278358775395539,-0.04082697342019323,0.00033994530697984565,0.4313090109347886
r2ck84r8,-0.7339140919711206,-0.6115166525150973,0.0074024992665157816,0.029665014065941783,-0.002706617369375713,-1.2006253692331272,0.005591305791283949,0.0019929412438707897,0.9059868393665373
r99uy0qb,-0.7634860001531677,-0.6994938428108527,0.012036231862319526,0.010700344613886527,0.009961163817086158,0.7211082960177062,0.011396972545712052,-0.024019684423564676,1.1758787861667905
rhbgnqhz,0.8378884407979913,0.7865752862619395,-0.015266735935713085,-0.019311723761125343,-0.011183909004451974,2.7584432951616984,0.017461314726284784,0.01017784852607588,-1.1578572038881327
rjanlii9,-0.5740679549521264,-0.44051387947601744,0.04692366157657647,0.018288252385967305,-0.008898014719626464,-2.2329036696671314,0.009888650866654575,0.025743733629291377,1.9015226036702644
s03ed531,0.771036429467217,0.8782790546809113,-0.0900213935573977,-0.05407337954278879,-0.0011050172497105949,3.2763239618574973,-0.051186070765765694,-0.013713766564216868,-1.7612312817732583
sesf1qnx,-0.47370823634360654,-0.5178354534036212,0.04085055118058233,0.011135336250032029,0.0066187235331271665,-2.695457363243169,0.03231978797298893,-0.005071950614762908,1.5669718264378159
ske58akk,-0.29584535060280887,-0.2067402460445615,0.027881580184238267,0.0015934045461289737,-0.014852680843442406,3.692767148542964,0.026623232665892203,-7.870451325152978e-05,0.9398365210940048
sn10zd6g,-0.9823361605675272,-0.8663212360691708,0.05510169877259466,0.03537723606840745,0.0039946867315991605,-3.960215886209655,0.01441274869401796,0.00622618408765664,1.2063649352006105
so5k1adg,-0.9464858685517433,-0.7604654611642352,-0.12378039083288755,-0.056158019176304946,-0.021617757681476196,0.18746519745776508,-0.036662863231134005,0.018706350709113178,-0.0012481832223521757
sp00glmz,-1.1644238893510601,-1.019791667512439,-0.05365645194284953,-0.030840170133893133,0.0032433666855925997,-3.429172861301829,-0.05343265206846856,0.011170404005673162,0.7584405810674628
stbyxpx6,0.35470189812944397,0.12403113478307991,-0.0045389211839719805,-0.001667162513314255,0.0068040915973653455,-3.372421659877688,0.02739420828650991,0.0035391110854815925,-0.01127337594857712
szbhlpfr,-0.6835151806881293,-0.6599681000495055,0.027502437817255358,0.028488468526576105,0.021897360842834872,-2.5363360561951787,0.02213210613174965,-0.004592722902513765,0.5854804993062042
t2eyvuxq,0.2163979873806416,0.0283803566036798,0.006691207943772922,-0.0018758672973886424,-0.013783901792031518,0.5695247222293289,-0.02224736304926774,0.01251981274495206,-0.7599612254123328
t3l0if03,0.014861817457442021,0.016903975284216423,0.00549324784979898,-0.005319495791705689,0.005039612528700804,1.2921028584653904,-0.01631290439692332,-0.005458649383388269,-1.9455804189065686
tc5wgx8h,-0.7118586546439739,-0.5614634498179434,0.015657345057526695,0.020891879872376763,-0.01930531651647383,-0.7455586410247099,0.01162572914639365,0.0153842051687619,0.6886335166305234
uktb326q,-0.9347376449565802,-0.8412791934147726,-0.07697853137121866,-0.020311763786482383,-0.03121564279402571,-3.1772069371975284,-0.054036752542993345,0.006326888787125106,1.0862568422895873
v6jvgdvg,-0.43322685223018254,-0.3014249194739214,-0.04069322322672437,0.000791101777596444,0.004610728134768366,-1.1280132375748773,0.0037483300651242413,-0.010607503788539545,-0.5552257830442735
vbwguazj,0.12085895625766928,0.1608475673539215,0.04038387687409874,0.023980664700064297,-0.0034805397644481826,0.5812524065031864,0.01337324308618233,-0.016265856593221835,-1.2562629320817638
vpxztp7b,-0.6073657379381237,-0.5379525187298124,0.029019213241594247,0.02697897113974364,0.002952689724984913,1.9148624704642478,0.014021887147428549,0.007039842718768717,-0.3826920197820787
vr20hyge,-0.6828959147004692,-0.5924308691845674,0.02792218082945732,0.028279136205025146,0.0075290755397559765,-0.7825936414288347,0.0001324034871820348,-0.014871765028358675,1.851813996236999
w12e497z,-0.2039511744839142,-0.8264054887537438,0.050980395679199535,0.029401033595011013,-0.09184890319713117,-3.003968260108749,-0.014720024222771059,-0.005031934164547394,18.158957363617944
wa9xd98o,-1.3676862519092932,-1.2100740028171142,0.011490459367992015,0.01676702800410389,-0.010523127152557816,-7.695914818176834,0.012707072788998913,0.013885801277773507,4.852176153727466
wcau806y,-0.2469752984546262,-0.166128504623509,-0.012105212818319345,0.000189711424118068,0.02145092762092193,0.10739353070487466,-0.037492285639059805,-0.03244763794967557,1.8595811487873655
wz0zoo1d,0.5086943100596402,0.5205280804775323,-0.38421277342199456,-0.3009938395660504,-0.13489847675554956,49.01523964544507,-0.3576879305786148,-0.1078944289181547,0.29279751201112125
x5id5i5q,-1.3586743152374257,-1.2104363054513876,0.053956419097472556,0.05257228398748594,0.014168280638595212,-3.8226811436918,0.06173436104520373,-0.014727581587747972,1.739462287546934
xasfvnb7,0.0995810533469434,0.18471840577788104,0.00861340500989058,0.03651934511640806,-0.006130703357189677,-3.8136246458145764,0.049725121327738625,-0.0261735658527934,-0.7816118494308427
xeu3j3ki,-0.8350757934375158,-0.7566526024678317,-0.05588535662940708,0.003020615890024042,-0.01929766517805611,-2.4959183639821956,-0.017006686203318938,-0.007616168558268106,2.9311526721026393
xgvto4mg,0.4606576092481218,0.6725710196628129,-0.1570779188423261,-0.08851201040563766,0.0018719691595495368,3.9138020899316444,-0.05892741050880266,-0.03615643125406059,-1.8324346750051215
xji13cu2,-0.04927459299764872,-0.03841347860382835,0.08918810246475405,0.09313495826856438,-0.005315493617980064,-7.647255328992096,0.09670026758950649,0.02627611010226086,-1.4184357917927413
xklnx39q,-0.20078682198974795,-0.2988381943309911,0.03669246847714499,0.03257406526372781,0.0006547568337848632,-4.189525767294213,0.03519281285868719,-0.0009576058795108854,0.06830017802925666
y32zaw9c,0.43449543540756125,0.6403401301421887,-0.11169313724175933,-0.06136418064038499,0.004718872582556486,3.055032235344587,-0.047238260052983136,0.0036469995187063814,-2.2977426074914655
y8mzyzjc,-1.9992222395819315,-1.758731366614933,-0.057114137913532134,-0.018857032418261914,0.02109492802561534,-2.965923029529916,-0.09696598001853356,0.03180192556701332,6.350740597461078
ya0wv6pm,0.038388526880466366,-0.13075339473720593,-0.10875086392332366,-0.04979961666777386,-0.009956275487697105,1.1859365714290209,-0.0595332529092021,-0.007970746860500862,-0.2889381900927347
yc52i3qf,2.468927737308881,2.3398052511063354,-0.05061851272007219,-0.0991346714532553,0.0200346411546359,11.377446898999803,-0.031663882770255766,-0.028305000238022248,-4.569078286485726
yebzokh4,0.3881532052918552,0.47744375646238907,-0.06818401329530893,-0.01939059371000442,-0.0010646202405296,5.239099997053241,-0.031970735496667096,-0.01797941674782429,-0.4691297189434028
yfyhejim,0.9735616924142565,0.6514969615468694,0.016292306881950894,0.0053238298624234785,-6.0161460490591604e-05,2.2115522922780286,-0.0025807244758719204,0.0016148644501922777,-1.582640533750247
ym49wqbn,-0.9522427861464148,-0.8946954147566457,0.024592037429555524,0.02183475884019429,-0.01561632813782089,-3.34114034834416,0.02215841216241349,-0.0023510552387168613,2.226156022942042
z3die4q3,1.1797633210309368,1.0148963485290468,0.07791601321577005,0.02987846245588388,0.011050047621035994,-2.4542050361137546,0.026535632494974294,0.018281479068977178,-1.2732711059799273
z8b26ynw,0.16247893481332096,0.07191266698794045,0.014591538459951463,0.00488595066763,0.011356683359100799,-2.4182772735245495,0.012335246248284502,0.006387146560874724,-1.2425787328505642
zc26r1al,0.3064467884683374,0.4766408966634549,-0.10314321957322647,-0.0647096877270389,-0.016001149261879993,1.7497140775950417,-0.09698740918907281,-0.013298380977398768,-1.2792629287140955
zelqv7az,0.34978381617222865,0.5003175907238508,0.019475826243789206,0.011600591127206447,0.00862663966923295,2.8592366468816053,0.001780882107848389,0.005296452795551293,-1.3153092565225566
zfeorjum,-0.6438826407812025,-0.5496735310145565,0.005386206932402607,0.021429741824564728,-0.000836901073061097,-3.6597068802481205,0.016001854746893297,0.008573265820794491,0.21284805330443676
zj5uemkt,0.26213057683669394,0.23639689330080724,0.004717532986918011,-0.0006516366619334561,-0.0014508642926841671,0.5475176749155433,0.02142316987007515,0.0034407482674113374,-0.6004682838761182
zvbewhqx,0.15130823968100982,0.15813073773754363,-0.03353942334869652,-0.005847776627021654,-0.0022844777988671894,0.3975215492238126,-0.016730059820588474,0.015553708386760604,-0.9129309848656696
