subject,size_cells,size_strokes,rt_all,rt_click,conn_all,conn_click,conn_all_null,accuracy
qu0lm98m,6.154287818382458,3.0937647046369845,250.89999999850988,471.5,0.6518680656646644,0.6352349979011944,0.48899842996571014,0.8493150684931506
jayyv6lz,5.2710255323050434,3.7505727527808106,449.0,532.0,0.6376348627368783,0.645155762809753,0.5277934622110381,0.9295774647887324
ldo5smvx,5.450359372635716,2.7093082205546177,316.05000019073486,792.8499999046326,0.6803604942795719,0.6899587526810756,0.5597884930232533,0.8103448275862069
0yfthc4y,5.18222632639154,3.719352054138156,336.0,367.34999999403954,0.6160699924034772,0.5936997858416844,0.48545456666239073,0.7323943661971831
ei0ij8ms,5.668647776716757,2.547247062971519,225.0,565.0,0.6771408123788885,0.6540824816459471,0.5115830806817753,0.958904109589041
2tkm21z6,6.8751417392188845,6.913684156906941,447.0,447.0,0.5497959602682025,0.5497959602682025,0.4561428637852574,0.8356164383561644
yfyhejim,6.508450245992657,2.39534127205148,117.09999990463255,418.80000019073486,0.6820163200644773,0.6997829758987514,0.4824902776279001,0.863013698630137
g7svteiz,5.642323068949917,4.280318718553802,564.0,626.9000000953674,0.5531398884564,0.5289874447900058,0.45693932702149337,0.9726027397260274
c2lwacqc,5.306634108287439,3.0603938253171057,329.69999998807907,427.40000000596046,0.6877288060474279,0.6908821778950957,0.507185291157133,0.8333333333333334
cw4tyx7n,4.32013888888889,2.5011284722222222,524.2250000014901,774.0,0.5517113095238095,0.6947792658730159,0.537251984126984,0.3125
72p6pxny,5.191714496220056,2.727814427029526,180.29999995231628,424.10000002384186,0.6709453221219683,0.6601730973251307,0.5000106683238751,0.821917808219178
rhbgnqhz,6.521908226826005,3.2243755582442217,275.37499998509884,632.2999999821186,0.6320196434106208,0.6490579262007834,0.4548224441000938,0.9285714285714286
hd5k29qy,5.56081776803894,3.069289199146319,324.8500000014901,415.5,0.6625638860843377,0.6631774214907986,0.5180879914380073,0.8082191780821918
189iqcds,5.600296419200786,3.2220368765552814,419.30000000074506,705.7999999988824,0.651980715760396,0.6551026418927028,0.5051842809777424,0.8970588235294118
mzi8f2hv,6.134830268960245,2.452923188669908,159.89999999850988,367.0,0.6673481435241972,0.6358509713138905,0.5277075546212754,0.863013698630137
fgxp8fzz,5.512972149498987,2.1549157296534522,208.95000004768372,653.125,0.7660801036557924,0.776615124855594,0.5727384159290885,0.8333333333333334
9pjr0waw,4.994912367634375,2.4556861675609634,316.3500000014901,570.6000000014901,0.6514347862010498,0.6976756895623355,0.5107479876106206,0.7619047619047619
kck1uue7,4.462123068987552,1.940205036543369,275.7999999523163,926.9500000476837,0.7378036789852566,0.7248460602103651,0.6023094859760837,0.9041095890410958
nx0vccp8,5.322422048912084,4.720384993173484,618.7000000476837,663.3000000119209,0.6043462868659305,0.5883829284014295,0.47142560582625015,0.8356164383561644
8psac9uo,5.182063229389071,4.047181824160868,676.2999999523163,722.125,0.5743796466175123,0.5594282024752464,0.45920044429286494,0.9178082191780822
jqeesfz7,5.42455872736525,5.482876721567401,327.20000000298023,327.20000000298023,0.5616472024801471,0.5616472024801471,0.4453023252129448,0.9452054794520548
8y2nd2sh,4.889890964670731,2.1242048798637936,249.80000001192093,904.1999999880791,0.7102500313051061,0.7227307073801835,0.5516434096475441,0.9863013698630136
aypxap78,5.99212555579826,2.597829657408889,217.0,385.0,0.6646635067198778,0.6344921892125833,0.5016759466267225,0.9726027397260274
l0nln4b2,5.138432928923196,3.856021126135604,501.30000001192093,529.1249999850988,0.6360130483288026,0.6356788949254704,0.5048371100356435,0.8767123287671232
ascil7wf,5.146509225002529,3.077016373813312,423.90000000596046,708.5500000007451,0.6570216637042068,0.647538812154572,0.5153130867309953,0.9452054794520548
yebzokh4,6.184144822186068,5.2422176010085195,588.1000000014901,607.9749999996275,0.582312107782966,0.583036578482927,0.46680144767474435,0.8333333333333334
kavvl57w,5.52985007682376,3.1031951381951384,283.40000000596046,1033.875,0.6727253740411634,0.6644155844155843,0.46597066676014043,0.9636363636363636
idma9086,5.391509161651159,2.805937729199931,336.49999998509884,441.2250000089407,0.7163282184094205,0.703437116629098,0.5779833389964997,0.8055555555555556
r99uy0qb,4.548567898360328,2.2402549803214744,188.0,657.0,0.6114092252397921,0.7291042233311297,0.4594452170561257,0.5352112676056338
b73rrttr,4.573607397504457,4.433122482999934,456.0750000006519,471.92499999981374,0.528971083382848,0.48727653519320185,0.39480631478180495,0.1111111111111111
g3vslpjv,5.01010176435027,3.374821770965659,646.3000000007451,868.0249999966472,0.6112211379034371,0.6060676793702404,0.5070544529912485,0.8767123287671232
2d8q4qkc,7.007803217911831,2.3058735630477245,139.75,481.5,0.692101148132017,0.6590721979155667,0.5064418009158863,1.0
o2ho0580,5.532428077881208,3.228403120668441,328.94999980926514,420.1000003814697,0.5207628670773857,0.6666666417500998,0.4198002457730208,0.1506849315068493
bx44xwzb,7.08035300757722,6.0161840971353895,649.2000000029802,679.6000000014901,0.5500920611004362,0.5526314602221128,0.4513295565917394,0.958904109589041
c9sps7bl,5.4420475850147465,1.9834428849208947,167.09999999403954,875.8999999761581,0.7468248467696225,0.7689066220969608,0.5495697063194535,1.0
qfiy90jx,5.251785091299942,2.7575790293787463,399.75,640.8250000476837,0.6918320531000794,0.6974059221880241,0.5214088564098288,0.8356164383561644
8oohxrrz,5.627194174332702,2.3896553358470465,183.60000002384183,416.8000000715256,0.7221404916514049,0.6997080109574279,0.5402253020342395,0.8904109589041096
x5id5i5q,4.35443457155652,3.667859482403233,525.25,552.5,0.6882834307595138,0.6904370454133573,0.5580041953224625,0.7
hkj9daz7,5.88024515438899,2.786640142281815,299.5,1004.0,0.678846561993642,0.6189078705481013,0.5122738546134364,1.0
zfeorjum,5.240849775358882,2.7715413646512985,300.0,571.0,0.6631194681843564,0.6659387441160504,0.531461986726712,0.6986301369863014
w12e497z,5.081051993292495,2.6956562458101625,330.5,610.1000000089407,0.7246982013142285,0.7187858308816923,0.5374584582472166,0.0138888888888888
9ohxtpht,5.35068020953037,3.2260641785191617,311.69999999552965,396.6000000014901,0.6806102422908465,0.6847925392056212,0.5427043641273035,0.863013698630137
1r6yodve,5.457945218277267,5.497625220713023,714.5,714.5,0.5600125083661439,0.5600125083661439,0.4362305233554723,0.5294117647058824
fl73adm5,6.71360480054229,2.084200739681789,183.34999990463257,599.1999999284744,0.7151533957947952,0.7316761013433758,0.5116908625230525,0.979591836734694
4j6cy1mk,6.206123492012148,3.919182455312294,228.80000001192093,307.10000002384186,0.6057559161178624,0.599471891057605,0.46029341767400017,0.8767123287671232
oxvw1rhx,6.3562474936430835,5.055913349625639,367.8999999985099,387.39999999990687,0.5876310494665087,0.5891347676549913,0.47645958768710867,0.6986301369863014
8d21w3yr,5.118607157958885,3.7757248702002153,433.5,491.75,0.6452682739477976,0.6305913054069412,0.5227018235888756,0.7101449275362319
jx6lhkbi,5.722888993328792,2.8933066552929567,384.09999990463257,599.8999999761581,0.6602279014950247,0.6569004435442791,0.49795458673432713,0.821917808219178
cfclud8z,5.561394470012159,3.5585402836839615,632.1999999983236,951.5,0.6403404205415699,0.6130117182200515,0.497772695606731,0.8888888888888888
z8b26ynw,5.738220144783543,2.272083061074051,149.0,433.0,0.6604190720837965,0.6441155474976921,0.516974842549508,0.9178082191780822
zelqv7az,6.1189417874318925,3.4120037691923804,327.0,408.39999997615814,0.6572905982409252,0.6467113724191289,0.4880903372966994,0.9178082191780822
ya0wv6pm,5.602425903091382,4.7603349075829335,396.5,462.5,0.5435547843874614,0.5368591388875686,0.4578395460905211,0.8767123287671232
9evwb372,6.141878946217181,2.5347759153289107,190.75,541.5,0.6518109425137074,0.6557460742022954,0.5066650818534798,0.8857142857142857
mpzcivx9,5.9476143166639455,2.4527539080013003,170.75,464.0999999996274,0.6858694688296194,0.6768689899759407,0.5367717009548494,0.9178082191780822
1qt2f29y,5.712690546313398,4.702530824208169,408.3414999996312,433.3420000001788,0.5866571883370446,0.550100274479225,0.47386623189118454,0.726027397260274
clhkwrie,5.681081794698469,3.904207139742344,337.20000000298023,433.2749999985099,0.6706777562556719,0.6642958281351645,0.5339442994893423,0.625
sp00glmz,4.729400268889632,3.770016168176255,474.8999999985099,628.0749999992549,0.601950944171469,0.6056799860785022,0.5002727149305995,0.7397260273972602
8jwr3j6t,5.920011109451504,2.982018359832468,200.27499997615814,301.47499990463257,0.6702483549342468,0.6643091596530428,0.5042339741685797,0.8333333333333334
z3die4q3,6.700697027290884,2.223563092831799,168.0,548.0,0.7259726214486345,0.7204954529403058,0.5480685884109572,1.0
mhskzwic,5.151443398907833,3.2654488413443863,292.5,452.0,0.6136536576421278,0.5489506074922742,0.5088737766935789,0.9722222222222222
50nsp39w,5.6255621009425365,2.669376708124406,178.9749999642372,366.92500001192093,0.7279899709661947,0.743068485903154,0.5533127593447402,0.6739130434782609
8yhijukj,6.304574908725128,3.1339301786176788,429.65000000596046,667.6999999880791,0.604886739519415,0.6308452390927881,0.4563240008854044,0.5694444444444444
om1m73rv,5.691335374243833,2.5436340759930305,217.89999997615814,389.5,0.6752759070568465,0.6739073246195372,0.5114324509159678,0.8082191780821918
vbwguazj,5.787265461942292,3.315869865906978,335.79999999701977,391.6000000014901,0.6809247958315289,0.6679259458926977,0.5186108465349264,0.9710144927536232
7agy8y3l,5.366183080332121,3.619886530447227,416.40000009536743,473.47499999403954,0.6507564566388184,0.6413601367975839,0.5150481440451115,0.6986301369863014
nrfiw9bx,4.921828557351537,2.226653603879631,259.2999999523163,703.2000002861023,0.6985480010289804,0.6744433901968149,0.5361588232207282,0.9315068493150684
pz38obzd,5.890514547182834,3.5634060426672733,328.00000005960464,456.0999999642372,0.6391727688513057,0.6068319631242816,0.5103740922496605,1.0
xklnx39q,5.515114581827099,2.3054896785530588,249.75000005960464,656.3000000715256,0.6957329364300311,0.7097761784381502,0.5235405611271122,0.7605633802816901
nldu5ge3,6.287186674585868,3.298769204834393,207.44999999552965,369.875,0.6635870426865051,0.6476108767775435,0.48842605336220923,0.8888888888888888
t3l0if03,5.678206337468194,2.826363289420874,191.40000000596046,428.5749999731779,0.6509061067350776,0.6390898488709594,0.4925702527952458,0.7123287671232876
ler5uq42,5.192128259985403,5.32813229122753,718.0000000004657,718.0000000004657,0.5561208858827906,0.5561208858827906,0.44058939118462925,0.6825396825396826
4wx63ymf,5.71984238506116,2.5937408201479304,150.30000000074506,464.7500000009313,0.658035242887783,0.6522926549290281,0.4979449209252535,0.9726027397260274
nfbzvhip,4.690112587619009,3.85848848245156,409.09999990463257,431.47500002384186,0.6142316232818297,0.6026689303046006,0.5159271701715767,0.873015873015873
onnumbyy,4.793483566084186,4.005729149066353,719.0,747.0,0.593169968337667,0.5854654631609082,0.49611959582289816,0.7543859649122807
m63pxnwq,6.056608169392075,2.729653070989866,203.79999995231628,415.39999985694885,0.6663684213976232,0.6573408601637024,0.5035351311389598,0.8805970149253731
mr7lkk46,4.585639078247883,2.8181957340067956,502.7000000476837,843.8000000715256,0.6569283764387228,0.6646563274688275,0.532927370347416,0.7638888888888888
2w766g1z,5.849262146504971,2.962508767354551,237.25,381.8000000715256,0.6764488100532365,0.6756607430458005,0.4867378156126894,0.7916666666666666
nqubyvew,4.02836374105249,2.546151151152009,226.7999999895692,472.70000000298023,0.6956811927938615,0.710902978526007,0.5998491509384173,0.7962962962962963
bcyhma9y,4.4580561775389365,4.454630541871921,521.1250000074506,531.0499999970198,0.616382378796172,0.6168952455590386,0.5292462667175312,0.4888888888888889
pcrxo3zp,5.291173980123709,2.4660704300741596,255.14999985694885,502.09999990463257,0.6825663321723267,0.7122999463812104,0.5327468064149066,0.7868852459016393
f5ktzt2t,6.153624162089224,2.207215773061261,140.60000002384186,471.65000009536743,0.707302215138466,0.7025276366254928,0.5608981805247403,0.9722222222222222
kkeej6x5,5.0609047675076555,3.346524699739411,328.30000000447035,440.0,0.6439719134515144,0.641437027611834,0.5153059480177338,0.9863013698630136
74l1qvc1,4.497164546940962,2.881660812650359,474.19999999925494,531.0,0.7500087987875186,0.7497630733951702,0.618242266280745,0.5681818181818182
byx9jkxm,6.193473582554969,2.8704671525984984,248.5,525.0,0.6720303803099935,0.638527397260274,0.5011960731541715,0.9726027397260274
j2pjmr32,4.174301200865466,3.413887624720958,653.0,713.0,0.7070325633249361,0.6978460428460428,0.5855033375548913,0.575
bmlngyh3,6.1660805183732945,3.244919721770936,296.34999990463257,356.0,0.6501728950205731,0.6653321516089481,0.488051078301773,0.7397260273972602
clucow7d,5.517584912046477,2.1789528135037775,202.79999999701977,692.3999999985099,0.7268395995121554,0.7303753745527654,0.5385924552683571,0.8767123287671232
3d2as981,4.997354619964517,3.0190294929286354,608.4000000953674,863.0999999046326,0.6438249818962054,0.6314438125976587,0.54814250173871,0.6461538461538462
cghxa2ie,4.996130501672742,2.772540459236955,459.34999999962747,824.6250000009313,0.6945163758067731,0.6859752326891543,0.5585812401249027,0.9041095890410958
o5qropwk,7.347016401143829,4.4035831942323815,354.0,395.25,0.6478480484505811,0.640412410755548,0.48173275969704854,0.7361111111111112
5nrjvc7q,4.931035409896835,3.512377379670461,471.0,542.1999999880791,0.6547388538061383,0.6574487276104729,0.4887167575827558,0.8082191780821918
61zahdh9,6.053634588273048,3.07200646002063,201.5,329.05000001192093,0.668976370715936,0.6639296431114989,0.5102192708786429,0.9154929577464788
5hz183aa,6.682326105205528,3.129132945120981,796.0,1107.0,0.6103935991498172,0.7499815945787529,0.4651608089523805,0.109090909090909
emwp6wq7,5.602170535845848,3.123584206498394,303.85000002384186,488.5,0.6381519309265873,0.6329549533815642,0.5116871095257035,0.7945205479452054
pad0sufd,6.2892243138177335,3.838091323788693,378.7499999990687,456.20000000018626,0.623745939953066,0.6188336014186485,0.48266022967911354,0.8904109589041096
xeu3j3ki,4.498980264895133,3.5320340012239173,497.0,661.5,0.5394488640628071,0.5473015448652631,0.529215100766662,0.6521739130434783
npr5bsi2,4.600601417890642,3.5270890210366845,258.6999999284744,294.80000019073486,0.6402164243828529,0.636606229229939,0.5002143368816147,0.8028169014084507
ym49wqbn,5.132403504858829,2.8908093626525653,248.05000001192093,392.89999997615814,0.7087201108000436,0.6899974404908632,0.5393628392018731,0.9166666666666666
cp3b83py,6.254487128944438,2.544505810349275,185.10000002384183,406.87499998509884,0.6695144438440518,0.6499509358233703,0.5164820924035967,0.9726027397260274
27d8totr,5.927766875871681,4.5392099690867305,751.3000000119209,833.2749999985099,0.5919093634586592,0.5897831482459942,0.4999609992940566,0.9859154929577464
fkx2gd88,5.041416253090449,2.035886930529788,233.07500000298023,895.8000000119209,0.7327241705572042,0.7490921115921116,0.5330779877475172,1.0
qothvfhf,6.348278442859188,6.191062180285783,466.125,466.35000002384186,0.5542304086933243,0.5535267779587338,0.420820298627204,0.8428571428571429
kmwiem6m,7.936694727824653,2.913671411435812,152.60000002384186,453.2000000476837,0.6541659693939962,0.6360633736868023,0.4697550617698665,0.9726027397260274
ikfbpugl,6.99549421771644,2.334136953581398,170.94999998807907,384.9500000178814,0.6856443967555078,0.6699087828172795,0.49151458109791435,0.5370370370370371
dmft9d3y,4.473329215537308,2.471635288617561,287.7250000536442,584.8999999761581,0.6376959500312157,0.6277775283148453,0.5382816269354181,0.863013698630137
6e5gb0yb,6.1687186753766134,3.0549669055390245,172.79999995231628,386.0499999523163,0.6354896108159606,0.6128925829226766,0.4959699368885509,0.9863013698630136
icf7bchs,3.9127145084312085,3.0365332744365876,385.75,427.5,0.7828096499757827,0.8022627875377683,0.6282362362966998,0.559322033898305
aqmjput5,4.483208578061242,2.4171109863632982,249.0,401.5,0.7427063820718719,0.7377133232514022,0.5571288225287935,0.7076923076923077
l9krayds,5.6451552403387915,2.6756295909167855,434.2000000476837,510.10000002384186,0.6897238072345817,0.7171957175709411,0.5691236398485044,0.2580645161290322
szbhlpfr,4.74422618975037,2.8412914578973902,360.29999999701977,460.1000000089407,0.6371962422619458,0.6578505937624922,0.5291849594772852,0.7321428571428571
phbjwkyw,6.1214990915144005,2.62194203012107,199.75,318.10000002384186,0.6420151988857838,0.6199380046355549,0.4871843619192402,0.6712328767123288
89u58v07,5.721481854731413,2.7185854062223926,261.90000000037253,462.20000000018626,0.6974297677208636,0.6949365733612309,0.5114239498778828,0.7534246575342466
hsm45iwx,5.369223884353045,3.1477903460711802,363.79999999701977,523.3999999910593,0.6651546462139903,0.6657492511714478,0.5039726290964766,0.9178082191780822
e2w81k0i,6.035033681905523,2.3321145119064104,180.29999995231628,504.19999998807907,0.6553838233582553,0.6489594206501592,0.5107667641162917,0.863013698630137
4s3cm7d8,5.263160739368697,4.2338148535046605,424.0,472.5,0.58007801688918,0.5523360977909589,0.46633175256309756,0.5616438356164384
sn10zd6g,4.85123848507031,2.577692181451793,254.29999995231628,640.9249999523163,0.7064620311633152,0.6946016061412732,0.5348371322167396,0.9041095890410958
44o5xnxe,5.696527455401835,3.3252005372255815,233.0,354.0,0.6254999478882027,0.5872720010450804,0.5012145856538608,0.9863013698630136
qkiu92kk,6.113319590028067,4.197108989267592,331.40000000596046,370.4500000104308,0.6436260760610482,0.646114831003269,0.5207892985820739,0.9215686274509804
02333qfj,6.382361049207203,3.737989787989788,379.85000002384186,452.10000002384186,0.6294993894993894,0.618223201918854,0.45440757533065224,0.7692307692307693
qfsp3ery,5.377375125324446,4.0058251344925475,563.125,596.8999998569489,0.631005303939626,0.6421493049576986,0.47512666789458513,0.7352941176470589
q04yitea,5.672253413821396,3.5026088068851227,392.55000001192093,511.85000002384186,0.6323962554664309,0.6242150870019227,0.4868187112595007,0.8194444444444444
y32zaw9c,6.206344273488236,6.167909736510097,493.25,493.25,0.5191096363264837,0.50717681606033,0.4056760031095686,0.9027777777777778
cuybsfwr,6.187218263040235,3.461619421929165,301.6750000026077,347.70000000298023,0.6811207587520739,0.6846188294464155,0.501587506689752,0.6551724137931034
0ra11hiv,4.913762822299792,4.3957358433253,650.2999992370605,679.9250001907349,0.5808105656108765,0.5775852316663649,0.479026305693565,0.6530612244897959
nze0azo1,5.768721605406136,3.1106136168462557,331.39999997615814,431.07499998807907,0.6379165392481249,0.6327481031470482,0.4720227896556906,0.8356164383561644
r2ck84r8,5.002052731557665,2.926712559838214,360.7999999523163,557.8750000596046,0.6449724600048014,0.6260299735147588,0.4929722043829784,0.9178082191780822
3cc6zm51,4.458720389770681,3.830879163796446,325.4000000357628,347.1000000834465,0.5787311022418143,0.5782476291896531,0.4887225081196313,0.821917808219178
ske58akk,5.540999675694141,3.258604290740997,316.55000001192093,556.0,0.6831269816147181,0.6671756225829767,0.542707731732951,0.9041095890410958
ovhoesyy,5.009172966065648,2.34178252040179,258.0,569.0,0.666676544924446,0.672334711613324,0.533512099115332,0.9178082191780822
r24jdhzg,4.844306371497808,3.7256603463055438,439.8999999985099,511.94999999925494,0.6074242032199323,0.5994207296866443,0.49296782545799933,0.8493150684931506
stbyxpx6,5.586979401505696,2.9918457410409838,227.87500000745058,429.0,0.6210008213752454,0.5454672827310034,0.47325928444541215,0.7678571428571429
zvbewhqx,5.878814548731021,3.4308360000124116,311.6999999284744,437.1500000357628,0.6176501756772389,0.6200153676164368,0.4709606862121062,0.7808219178082192
0hrc9vve,8.631710178119754,2.0630316713428414,117.22499990463257,423.6000003814697,0.5109068458137607,0.8638948426874123,0.39253640862683414,0.2307692307692307
plfupad7,5.276977448998229,3.9077832877043233,706.75,801.0999999996275,0.6191295157852088,0.5973769770712637,0.5221560375208835,0.9315068493150684
ism64anu,5.838264646147315,3.260904088301349,298.5,664.2499999403954,0.7224653580817965,0.7310992294293112,0.5410616916007029,0.9041095890410958
qazkn1sw,5.436347107288199,3.409404784099468,185.25,241.5,0.3904363403465415,0.4077087612348628,0.3817262452319923,0.375
f0wpo2hr,6.230260610767633,3.1652571961177003,217.0,424.0,0.6568641095349566,0.6603572268461357,0.4985334760052724,0.958904109589041
c7z6erey,5.491311274230925,2.6584649780085527,208.39999997615817,405.45000000298023,0.6705209086239461,0.6432117132231517,0.5227857126469603,0.9315068493150684
ni5df01j,5.686001396311245,3.1839523645946834,306.00000005960464,437.5,0.6756990782583056,0.671525187808984,0.5222497050272851,0.7571428571428571
mrwlcmno,6.926573163484396,6.458839963210434,444.5,444.5,0.5609993133543859,0.5523243128315591,0.4512278800775178,0.9444444444444444
ew4oecfi,5.961988454527238,2.605266175640402,176.25000023841858,549.8999996185303,0.6800382172653634,0.681868664431864,0.5185010229089487,0.958904109589041
2j8p9vyz,4.746764453624765,2.0669349261971734,262.5,631.0,0.7066170124884127,0.6783424783731156,0.5734707506409757,0.9166666666666666
s03ed531,6.423809752145557,6.542660408394285,649.0000000009313,649.0000000009313,0.5403793718841903,0.5403793718841903,0.44342760375006485,0.7464788732394366
wcau806y,4.726670209237942,4.1621557691077395,663.5,730.25,0.5500390721757716,0.5536176970989343,0.44634893978490037,0.6285714285714286
d1vjrjhc,6.274442020028192,3.1153077759799803,335.6000000014901,443.5,0.6372750062925269,0.6297261836121252,0.4812378892512914,0.8769230769230769
o4kkkuj9,5.218192801526807,3.736073141858223,371.29999999981374,399.89999999990687,0.6182710617178788,0.6163326636159525,0.46041872473811,0.8767123287671232
k8txaw58,6.626354552681156,3.5303753172246326,225.45000004768372,442.0749999284744,0.6471322399062125,0.642168455427836,0.5113346282812757,0.9041095890410958
t2eyvuxq,5.8120039084652895,3.208100657377351,284.0,499.0,0.6642797181003335,0.6736868980857276,0.4926737935459475,0.8767123287671232
qv0yh587,4.862868083912607,4.648557334060706,540.25,541.5,0.48560651074020056,0.46698857688162504,0.3788740599046342,0.4202898550724637
uktb326q,4.793160221557325,4.29464992876294,501.25,503.5,0.5587417244289026,0.5413649546504863,0.4098895041276154,0.927536231884058
bw2cwy0m,5.605574588809073,4.268691498122402,491.82500000018626,516.7999999998137,0.5967254151254335,0.5951634096472821,0.48333356352574797,0.875
kwy2bqjo,5.713276947439872,2.9498184400973413,332.7999999523163,505.10000002384186,0.6977507251591731,0.7011513285958255,0.5144770451000351,0.8904109589041096
cdo2cmtp,5.847091853724507,5.104458512009532,293.65000000037253,298.70000000018626,0.6514491744083581,0.649077056730118,0.49005033515237595,0.8979591836734694
zj5uemkt,5.770814747864189,4.894682072054968,632.8250000178814,677.1999999880791,0.6328345106158405,0.632646620814611,0.5337117627162593,0.8676470588235294
v6jvgdvg,5.287512743113077,4.692989158944886,595.5,617.0,0.5945899977640396,0.5967037541057372,0.4562336995537771,0.5972222222222222
l5sagbsh,6.5691835511680505,3.229558581288935,230.0,449.5,0.6129540240661366,0.59536992477731,0.46627820217349025,0.9863013698630136
ljwskxcq,6.446078831634835,2.7065803812983504,126.15000009536743,409.5,0.6718236034714682,0.676186005986888,0.5073434466867182,0.9315068493150684
3irnkhq8,6.080206394077451,2.1191563678389826,163.59999999403954,465.90000000596046,0.723940321057867,0.7276930000980774,0.5444214204486979,0.8873239436619719
4s9g1cze,7.20746295556611,2.3034392729085824,108.24999997019768,393.0,0.6528541443716208,0.6448293922931604,0.4716319967172481,0.8405797101449275
vpxztp7b,5.107470344023741,2.98478074796146,343.5,481.5,0.673063962348334,0.6656554848660112,0.5080239564639035,0.927536231884058
f1ejz9fy,6.156929900286209,3.0536386409221996,200.30000001192093,434.0,0.6595294145960615,0.650492056804349,0.47569198741667523,0.863013698630137
a9gvtd1o,5.405562873756086,3.0647855846304637,400.30000019073486,512.8999996185303,0.6772344812413744,0.6756459046271353,0.5168269591661357,0.9027777777777778
e0biso3r,6.498645888453119,3.6955128585265573,472.09999990463257,687.2000000476837,0.6268062591136252,0.6128670548563342,0.491455662441184,0.9452054794520548
41kp06jx,5.221197386185351,2.6848664219621043,242.34999999962747,433.45000000018626,0.7140794103427622,0.716730836283595,0.5522055879237691,0.8235294117647058
a0w1xgxf,5.637354206611343,2.663492806952502,317.0,496.0,0.7008445111086934,0.725532651043487,0.549965427406069,0.5882352941176471
6eyovdd2,5.249275928444132,3.036749415089182,216.89999997615817,359.7000000476837,0.6665988580678697,0.6399145847508844,0.49670237043507653,0.821917808219178
a6jpzpek,5.284247394976156,2.9996617467613134,390.65000000037253,553.5,0.637662692580696,0.6282288052538201,0.5176462675367081,0.3424657534246575
648anokh,6.702498332476937,3.3090259019772206,267.5500000715256,431.49999994039536,0.6226793761130642,0.6102715696873634,0.484767620146486,1.0
rjanlii9,5.299167436991893,2.8565974603827176,311.8000000715256,509.5,0.7013422304497127,0.68768463532356,0.5439641103605095,0.7123287671232876
jeq3oy2g,8.873714891511503,2.7593088173596647,183.0,359.5,0.6846966592729303,0.7462419289749799,0.5113271850559987,0.3559322033898305
mrypomny,5.3685588465383685,4.268925982912195,367.0,453.0,0.6456085362958225,0.5989531790463616,0.5024705116298257,1.0
tc5wgx8h,5.349110448443518,2.960793367342749,309.19999998807907,424.69999998807907,0.6857988041326587,0.6935879439664543,0.5553340020285121,0.9154929577464788
8bgj1tsd,5.484905503820459,3.5412510200340104,369.09999990463257,438.59999990463257,0.6615006300050289,0.656715859897678,0.5390709430152245,0.8363636363636363
nhds6zsd,5.494087650789228,4.838029466266156,503.0,514.0,0.5639498877501831,0.5757017825979679,0.44944642338697854,0.9577464788732394
xasfvnb7,5.594371250842856,5.135468421621716,407.4250000715256,426.75,0.6159744659032614,0.6302281710384476,0.5047582932983856,0.7727272727272727
ce9qdbyh,6.471805167621494,3.1978833071690222,255.10000002384183,304.55000001192093,0.669171225599797,0.66534055066547,0.5103785443581362,0.7959183673469388
904h81sn,6.2830105498099265,3.2916884648377716,328.09999999403954,431.59999999403954,0.6381229595244184,0.6297227346073777,0.4767873291633841,1.0
j2dvablb,6.656683804184843,2.647773497250701,150.09999999962747,408.97499999962747,0.6905898839722369,0.6594942728504373,0.5257675729375192,0.958904109589041
eyn3wygc,5.181681934463148,3.998807685886751,434.1000000089407,448.300000011921,0.6289292955109155,0.6200595506928692,0.499563210782538,0.9041095890410958
mlvcv31l,6.350529739810144,2.7302228599878577,225.04999999701977,513.8000000044703,0.6766236672781033,0.6675102398810048,0.5229809002625001,0.8356164383561644
a589fsqz,6.2209121043844,3.2280648902744176,216.02499999850988,382.2499999925494,0.6003636198994824,0.5997888328311123,0.43186432119321155,0.9305555555555556
vr20hyge,4.284329397251524,3.8527636585914613,730.5,838.0,0.5843452465704339,0.5880146933996415,0.46255623696884657,0.5147058823529411
lmtka1ev,7.112254108738484,2.3309372774216524,131.25,430.0,0.6716059981684982,0.6541523894371344,0.4776347928691679,1.0
c7ac53of,5.33279311352228,2.4645474124640794,287.39999985694885,634.5,0.6451058201058201,0.8287312610229276,0.49271698594615265,0.0
d33m799j,9.52054291814793,2.3382598303195206,93.0,439.5999999642372,0.3930304404512216,0.7682203389830509,0.30546481276031756,0.135593220338983
154uk6vm,7.337086097642959,4.400914977879263,392.375,454.65000000596046,0.6659175984833879,0.6715201465201465,0.5192524575466304,0.4464285714285714
ol9lky1i,5.875813511738491,3.345242726078191,320.0,461.77499997615814,0.6605780216436652,0.6526273472351904,0.5052382665170388,0.8
hpl7jugr,6.791504055914524,2.0403627729351315,160.5,466.0,0.7373251895559783,0.7375448958499231,0.5516500625259473,1.0
8aknstxj,5.442605817255592,3.3768698503337666,402.0,571.7999999523163,0.7028218655602739,0.7015498659102767,0.5157612778092853,0.8412698412698413
n2et79bd,5.417362825041941,2.3215708713021317,133.59999999962747,300.80000000074506,0.6977363091850055,0.7059535907859078,0.5459549541557794,0.7708333333333334
23iyreiv,5.025226352617998,2.889822044244833,308.94999957084656,744.1999998092651,0.6527198689944022,0.6640702745322311,0.4955107764807744,0.6136363636363636
0fy66fv2,4.169156746031746,4.3040079365079364,277.8999999985099,277.8999999985099,0.3197619047619048,0.3189285714285714,0.2585119047619048,0.05
2anyuqd8,5.095417842703939,5.144020754943214,755.5,755.5,0.5289522925084422,0.5289522925084422,0.43024385448182245,0.9772727272727272
sesf1qnx,5.331053304616393,3.033810236843284,453.1000000089407,868.625,0.7107809273662915,0.6731814875431897,0.5551139476152354,0.851063829787234
so5k1adg,5.044636879235712,5.120396165447586,302.52499999897555,302.52499999897555,0.5363423406986628,0.5363423406986628,0.4475136043763064,0.9090909090909092
