feature,n_iter,mean_rho,ci95_lo,ci95_hi,sd_rho
size,100,0.5005079939429335,0.44510163723849533,0.5526035678100203,0.02947431296444554
n_cells,100,0.4928072575085016,0.42609001396462554,0.5497037497675724,0.034718860691073654
n_chunks_total,100,0.4158114746500734,0.3453936833099915,0.4880081034890123,0.036442265309993234
is_connected,100,0.19333379071907028,0.11361494063136805,0.2845992569908509,0.04623407708965409
fill_ratio,100,0.12708710435142284,0.03564259571270819,0.21946663573957473,0.045382552414927245
bbox_area,100,0.08122605047756742,-0.006549831513757811,0.16003095555226673,0.04289886220420069
nn_chain_rate,100,0.05345791448943735,-0.04070560254702625,0.14259983948270166,0.04772010785768207
color_homogeneity,100,-0.17049066728085677,-0.24316604656690738,-0.09171695248386544,0.0390638556161881
success_iou_best,100,-0.20406073663399402,-0.2857500815868065,-0.12327408328684789,0.042610028987442074
