subject,measure,n_trials,top_solver,accuracy,pl_b,pl_rmse,pl_aic,pl_r2_log,exp_b,exp_rmse,exp_aic,exp_r2_log,delta_aic_pl_minus_exp,winner
02333qfj,rt,65,False,0.7692307692307693,-0.29513262385821226,34.918460758624455,465.8920346199508,0.17722833042845387,-0.013838488492358044,34.83792279903616,465.5918487770307,0.21954942591765658,0.30018584292008654,exponential
03ljcqhc,rt,34,False,0.7352941176470589,-0.5395662841866657,128.01622622779644,333.9466775837178,0.2082336221703982,-0.025336667932056224,127.87544276505794,333.8718546989417,0.18185987232159595,0.074822884776097,exponential
0hrc9vve,rt,52,False,0.21153846153846154,-0.21384407120585527,19.029587415104654,310.38348003237695,0.09249290731354443,-0.0042602003303790735,19.723640622138202,314.10906657766805,0.019801337837054622,-3.725586545291094,power_law
0ra11hiv,rt,49,False,0.6326530612244898,-0.14058480634050194,74.52638067814844,426.4930102452852,0.052022616650207354,-0.009817478289657691,73.79752082453311,425.52986351210825,0.08531635373295443,0.9631467331769272,exponential
0wk7vjg8,rt,31,False,0.8387096774193549,-0.4135846298006192,73.19917888034281,270.177420612207,0.21678322394770377,-0.03126629470275597,63.31587193552651,261.1844344302296,0.4479620234635825,8.992986181977415,exponential
0yfthc4y,rt,71,False,0.7183098591549296,-0.09961459578821874,66.90652513682785,600.8681027238716,0.018569866697499493,-0.005001949395324545,66.85225747546535,600.7528802586879,0.02577710832358404,0.11522246518370594,exponential
154uk6vm,rt,56,False,0.42857142857142855,0.022196625171057485,24.05137748599878,360.1815343337073,0.0010935232295723463,-0.003047581696834871,23.95683598045127,359.7404155523746,0.009009453119837585,0.44111878133270466,exponential
189iqcds,rt,68,False,0.8970588235294118,-0.20417464258324317,166.75382084478946,699.8465293477406,0.04190189251200194,-0.015346202743669792,163.58962720781525,697.2410985545364,0.12617257050784125,2.605430793204164,exponential
1qt2f29y,rt,73,False,0.726027397260274,-0.20268871529040144,146.45229252737295,732.058160163154,0.04261807603125356,-0.012809861911187504,145.23281020142787,730.8373541960783,0.09653840586724227,1.2208059670756484,exponential
1r6yodve,rt,68,False,0.5294117647058824,0.4693444703925783,13.825696581305069,361.2079347203036,0.3506081550197695,0.020627578315305255,13.91289373206485,362.0629782846452,0.36745707641181813,-0.8550435643415994,power_law
23iyreiv,rt,44,False,0.6136363636363636,-0.20686399759399055,33.63852919229408,313.37914587008294,0.07555610602927088,-0.014769348639568447,33.5599792938375,313.17341528563315,0.0857003373393731,0.20573058444978187,exponential
27d8totr,rt,71,True,0.9859154929577465,-0.21314577495067127,206.91332666376448,761.1865991212849,0.08960854711748345,-0.008401145993983852,206.61707339365574,760.9831414236335,0.07642408552567825,0.20345769765140176,exponential
2anyuqd8,rt,44,True,0.9772727272727273,-0.012247145739951615,26.58453225351017,292.66900061343284,0.00039236146631349555,-0.00329467374099264,26.544562389521737,292.5365929856275,0.0063183184557266125,0.13240762780532123,exponential
2d8q4qkc,rt,64,True,0.984375,0.08205751022907334,6.697108293729298,247.41450691595085,0.026667747687721288,0.0032021218701267125,6.718502328111784,247.82275351754524,0.018102596109072056,-0.4082466015943851,power_law
2j8p9vyz,rt,72,False,0.9166666666666666,-0.21750665129469068,74.94389675366519,625.6105298072123,0.05959178342235405,-0.009424112931198332,74.8735760966486,625.475349642157,0.06228517734174688,0.13518016505531705,exponential
2tkm21z6,rt,73,False,0.8356164383561644,-0.22093953240906627,33.301274654420105,515.8169684279924,0.12630663967861666,-0.006535921326750801,34.41115260681749,520.6035844663943,0.062685844182932,-4.786616038401917,power_law
2w766g1z,rt,72,False,0.7916666666666666,-0.04994402016528776,21.51606981963261,445.90721287584824,0.005922468907729406,-0.0014380734837437046,21.536725304903104,446.0453869525168,0.002784783309765837,-0.13817407666857662,power_law
3cc6zm51,rt,73,False,0.821917808219178,-0.13392069894498188,47.89819005261961,568.8853467907883,0.0335545539969383,-0.006284033768582524,47.617329961709586,568.0267283913911,0.04189957359823593,0.8586183993971872,exponential
3d2as981,rt,65,False,0.6461538461538462,-0.0536671261496908,54.42732589520054,523.5926244592637,0.006689907761435632,-0.0014769473305017227,54.456397264576594,523.6620430647083,0.0024109217295870122,-0.06941860544463907,power_law
3irnkhq8,rt,71,False,0.8873239436619719,-0.0835680995677037,15.416877146633572,392.4357215691466,0.02206750716048167,-0.0027564572958385086,15.41662075981221,392.4333600512452,0.013472044919726867,0.0023615179014200294,exponential
41kp06jx,rt,68,False,0.8235294117647058,-0.0038425058982968496,35.55372221745401,489.6621002111906,3.886098782412972e-05,0.0021413207838677415,35.54578473202308,489.63173437408693,0.006545642902235027,0.030365837103659032,exponential
44o5xnxe,rt,73,True,0.9863013698630136,-0.061157287161201286,38.13361046532903,535.6000244239984,0.010281231735478236,-0.0022339897231407847,38.089775403656475,535.4320990652186,0.00778014322104148,0.16792535877982573,exponential
4j6cy1mk,rt,73,False,0.8767123287671232,-0.18147502374820867,20.84325439004758,447.4064333548516,0.06981595692072085,-0.0051859925586456536,21.198660194056036,449.874945267943,0.03233413718980693,-2.4685119130914472,power_law
4s3cm7d8,rt,73,False,0.5616438356164384,-0.40146136390483184,77.13162903022616,638.4449608240125,0.19570164665935874,-0.01880715549427692,74.38423151837726,633.1496207031565,0.24357332567261858,5.29534012085594,exponential
4s9g1cze,rt,69,False,0.8405797101449275,-0.050712929794740555,18.999510640532147,410.3290247841139,0.007168223454893763,-0.0003813610481108317,19.03675005650292,410.59924277882646,0.00022703096928389233,-0.2702179947125387,power_law
4stfwpke,rt,32,False,0.84375,-0.22200190266151812,20.687262556875655,197.88916322932172,0.15041644459017212,-0.009533237008920874,22.840116689689633,204.2251836019478,0.03643410022600302,-6.336020372626081,power_law
4wx63ymf,rt,73,True,0.9726027397260274,-0.036794147141798336,20.315108141953807,443.65926849156085,0.0034001204002835905,3.411446763636221e-06,20.319542402471797,443.69113302242414,1.657641257590825e-08,-0.03186453086328811,power_law
50nsp39w,rt,46,False,0.6739130434782609,-0.08494489625178318,25.943084834085226,303.54326862202095,0.015335420623126206,-0.0021784529650677497,26.025422813389795,303.834795193687,0.0024283602523283987,-0.2915265716660542,power_law
5nrjvc7q,rt,73,False,0.8082191780821918,-0.3996481465911108,176.8711648580846,759.6115514656669,0.24450924741209645,-0.014491735440395153,176.82421976459156,759.5727950442478,0.182329526195672,0.03875642141917979,exponential
5pds9j1d,rt,30,False,0.9,-0.4348593544503807,356.71124994932654,356.6155978500361,0.1073890935252616,-0.038913083183031986,356.1649920122978,356.5236450517594,0.09606401032884093,0.0919527982767363,exponential
61zahdh9,rt,71,False,0.9154929577464789,-0.07053812979239633,13.696099277096256,375.6297716549885,0.01515147344214951,-0.00424487447611489,13.551202087816604,374.1194866869474,0.030862884868265605,1.5102849680410486,exponential
648anokh,rt,73,True,1.0,-0.1739437911067492,12.869650116440269,377.0112879477721,0.10364692880318738,-0.004624205386003881,13.4381622315645,383.32239370528976,0.04154218473453619,-6.31110575751768,power_law
6e5gb0yb,rt,73,True,0.9863013698630136,-0.25907699519451266,28.287061376268724,491.9910577181384,0.1361327744274642,-0.012821488199836398,27.755683533193245,489.22233215933056,0.18908557291679895,2.76872555880783,exponential
6eyovdd2,rt,73,False,0.821917808219178,-0.14761821992714574,13.48420275178796,383.8217497246868,0.060404287556944714,-0.0051500360109177626,13.655977804584463,385.6698945844518,0.04169508819912959,-1.848144859765,power_law
72p6pxny,rt,73,False,0.821917808219178,-0.022591875979166166,24.66220745071757,471.96971333861546,0.0012614303254309123,-0.00401343918374333,24.514262354288707,471.09124242233173,0.022577121840552827,0.8784709162837316,exponential
74l1qvc1,rt,44,False,0.5681818181818182,-0.47133276515922695,114.46634317448297,421.14471336641793,0.09453107321438248,-0.040467420855958135,111.77033818202183,419.04726683981113,0.2832413881182484,2.0974465266068023,exponential
7agy8y3l,rt,73,False,0.6986301369863014,-0.20748569330284528,40.1023363345844,542.9494509171811,0.08501399261596387,-0.009822005180947151,39.89446213626014,542.190678020106,0.1080415845680035,0.7587728970751186,exponential
7nszfy43,rt,31,False,0.5806451612903226,0.19012723132179615,53.318048179192246,250.52904310863218,0.041617765965304754,-0.00033199445097617514,54.11644157343309,251.45055912884573,1.6477175017737267e-05,-0.9215160202135451,power_law
89u58v07,rt,73,False,0.7534246575342466,-0.12002742431996948,56.651154821558166,593.3892063800148,0.033675708077037014,-0.004148901513849027,56.956637734932144,594.1743745773967,0.022819101558804178,-0.7851681973819495,power_law
8aknstxj,rt,63,False,0.8253968253968254,-0.17707449146261783,486.9962181497286,783.7203010382125,0.04095176703062575,-0.011979013022062527,486.13666448235415,783.497713163138,0.08713737869857807,0.2225878750745096,exponential
8bgj1tsd,rt,55,False,0.8363636363636363,-0.24452770913796687,18.958214503508586,327.64610527002174,0.19156477719193266,-0.013798687422380341,18.70021059777365,326.1388264281171,0.2404329329572259,1.507278841904622,exponential
8d21w3yr,rt,69,False,0.6956521739130435,-0.3749257673072073,23.506105981655843,439.7019098641708,0.333140641987108,-0.01782654251467492,21.01518381462842,424.2438397043116,0.40280885228100705,15.458070159859176,exponential
8jwr3j6t,rt,66,False,0.8333333333333334,-0.1285905772194922,8.218249614272715,282.0391562198889,0.09109303452983886,-0.0028405536299042733,8.623093548569479,288.38659488420825,0.025341768140981102,-6.347438664319327,power_law
8oohxrrz,rt,73,False,0.8904109589041096,-0.06468015226618949,85.39783038803955,653.3088214962111,0.0070251474135257785,-0.001989860310782088,85.37749842349734,653.2740569098056,0.003770813741290735,0.03476458640545843,exponential
8psac9uo,rt,73,False,0.8904109589041096,-0.0772813010284707,32.08222568787021,510.37211534384966,0.012807091650799962,-0.0020057422133885933,32.17854819250108,510.80980369894473,0.004892472852900509,-0.43768835509507653,power_law
8y2nd2sh,rt,73,True,0.9863013698630136,-0.11040491217137495,50.073883001518915,575.3709379198117,0.022785810279018825,-0.0021930359123376393,50.283256519779584,575.9801338008954,0.005098655838813637,-0.6091958810836786,power_law
8yhijukj,rt,72,False,0.5694444444444444,-0.10013122693036722,144.01282576944985,719.665940337246,0.015517577481611644,-0.004152646045442725,144.0213003366535,719.6744139003906,0.015006228443853464,-0.008473563144661966,power_law
904h81sn,rt,73,True,1.0,-0.08556504902765047,15.319494758615456,402.45242294663205,0.021954765403235266,-0.0030693980548002395,15.408251260695922,403.2958616638499,0.016022081915736397,-0.8434387172178504,power_law
91fk0af9,rt,36,False,0.7777777777777778,-0.28479109402072816,37.4345522030768,264.8267776210511,0.21840420269854222,-0.022904060118397036,33.79744945357814,257.4677444575661,0.36281681186117964,7.359033163485037,exponential
9evwb372,rt,70,False,0.8857142857142857,-0.21464563716133078,10.125754471300722,328.11149762606567,0.13585697048068324,-0.007403449677318524,10.576161075735625,334.2043518621655,0.0963550313378202,-6.092854236099811,power_law
9ohxtpht,rt,73,False,0.863013698630137,-0.2051178561216622,38.38434669690985,536.5568618042653,0.07772527680574037,-0.004934759557753216,39.68427621469162,541.419436441158,0.025513136979616546,-4.862574636892759,power_law
9pjr0waw,rt,42,False,0.7380952380952381,0.0009762943578246912,33.59184125371154,299.1997902829055,2.0474801094572115e-06,-0.000715243010072862,33.56138361244424,299.1235931368418,0.0007260651259887174,0.07619714606369143,exponential
a0w1xgxf,rt,68,False,0.5588235294117647,-0.20089063175290522,24.1056125018974,436.812478830015,0.08307718749564619,-0.010265328798319012,23.88778348571789,435.5779360760733,0.11878324434451615,1.234542753941696,exponential
a589fsqz,rt,72,False,0.9305555555555556,-0.09657445139412457,21.395153462114255,445.09567686099217,0.020575933561495785,-0.0047330558685845904,21.269874512616198,444.25000904206513,0.027515711951984323,0.8456678189270406,exponential
a6jpzpek,rt,73,False,0.3287671232876712,-0.6026128321859785,18.724022888937217,431.7518724978244,0.4511146903882678,-0.02702594554675709,16.63742327935011,414.5015675706648,0.5145748319422375,17.25030492715962,exponential
a9gvtd1o,rt,72,False,0.9027777777777778,-0.08438359890548863,54.48909415597806,579.7120827158054,0.011415254659975616,-0.0037888574322719956,54.46045874278708,579.6363871395549,0.012902880333452882,0.07569557625049583,exponential
aqmjput5,rt,65,False,0.7076923076923077,-0.203945250744165,18.29695690913042,381.8755183971626,0.1414471231517629,-0.00680765156416607,19.27784441366149,388.66434222595166,0.08208004469495833,-6.788823828789077,power_law
ascil7wf,rt,73,False,0.9452054794520548,-0.03223946305428318,23.248638345883244,463.3519984242797,0.0030229070676515146,-0.000496931120271037,23.255705698215795,463.39637421194885,0.0004073034730850411,-0.0443757876691393,power_law
aypxap78,rt,73,True,0.9726027397260274,-0.09330994196033325,18.500141951059216,429.9956471424201,0.02820328478042511,-0.003643801574299994,18.49033774689763,429.9182535074741,0.02439101196937088,0.07739363494602003,exponential
bcyhma9y,rt,45,False,0.4888888888888889,-0.3469872253100387,355.40588039450336,532.5934415288817,0.16671988897129175,-0.016958521301801213,354.0171302182115,532.2410772168928,0.19351311724250642,0.3523643119889357,exponential
bmlngyh3,rt,73,False,0.7397260273972602,-0.17063189999300796,57.199652818113485,594.795982998074,0.058667137700952554,-0.008420841613501569,56.77325503642871,593.7035415091009,0.0810330100090092,1.0924414889731224,exponential
bw2cwy0m,rt,72,False,0.875,-0.0022161818279583523,228.04369650117502,785.8533657154167,5.188094405084165e-06,-0.0004821165360776561,228.06256291875516,785.8652785715855,0.0001386594178715006,-0.011912856168805774,power_law
bx44xwzb,rt,73,True,0.958904109589041,-0.0842584454591664,28.776209304867372,494.4941510739138,0.016700221017487138,-0.00435092857676604,28.59457661220216,493.5696923513978,0.02525432525233917,0.9244587225160217,exponential
byx9jkxm,rt,73,True,0.9726027397260274,-0.09770166382050158,27.765154685751327,489.27214366546957,0.017694389323957505,-0.0017387995761445018,27.834837663397657,489.6381048691773,0.0031783903805114866,-0.3659612037077409,power_law
c2lwacqc,rt,66,False,0.8333333333333334,-0.2076558630674292,53.19768424914821,528.5699623448453,0.06210353082516873,-0.008793953569699073,53.58989650926842,529.5395929098532,0.0635120776243916,-0.9696305650079466,power_law
c7z6erey,rt,73,False,0.9178082191780822,-0.08667731011967263,22.57538738938938,459.06159785220206,0.013578378490136767,-0.002357608925322501,22.608519975563812,459.2757164944619,0.00569714300076507,-0.214118642259848,power_law
c9sps7bl,rt,73,False,0.7397260273972602,-0.016653819632157067,7.117326400553699,290.5296938071168,0.0011739525800056327,0.00036637980884804514,7.135587924198556,290.9038185440421,0.00032222737361842224,-0.374124736925296,power_law
cbvc5e3w,rt,35,False,0.5428571428571428,-0.15627449411137012,137.51937534731417,348.6635373157443,0.03311375911450931,-0.010439144596670008,135.75850390219992,347.76143204891446,0.07124656405452834,0.9021052668298353,exponential
cdo2cmtp,rt,49,False,0.8979591836734694,-0.16062910921774112,15.431820503461461,272.17030112039305,0.07502643545856302,-0.00579047941882034,16.09310962248119,276.28233824920864,0.02626258992064212,-4.112037128815587,power_law
ce9qdbyh,rt,49,False,0.7755102040816326,-0.1598460654405165,37.84150769283441,360.0738455535286,0.053141987021486314,-0.011156874869748942,37.35184831871497,358.7974748863272,0.11615531732362816,1.2763706672013768,exponential
cfclud8z,rt,72,False,0.875,-0.04295629222039652,17.372351387399917,415.1027116041845,0.00683194046715252,-0.0026858508281200604,17.289487898648314,414.4142100498778,0.01495550180743821,0.688501554306697,exponential
cghxa2ie,rt,73,False,0.9041095890410958,-0.21717995317765215,183.12536429955108,764.6849614912919,0.04337573951132123,-0.008802038325031835,182.90506949066173,764.5092217548543,0.04040642794508442,0.17573973643766294,exponential
clhkwrie,rt,72,False,0.6111111111111112,-0.2709607533586017,33.001952386274326,507.50560810290494,0.14306944596237003,-0.010101250705177589,33.97309710651445,511.6819287755755,0.10995698918552332,-4.176320672670556,power_law
clucow7d,rt,73,False,0.8767123287671232,-0.2501782472967291,51.55048025657065,579.6139829047554,0.09253828056411229,-0.009566548076450078,51.27249462108045,578.8245484089621,0.07673780600163727,0.7894344957933299,exponential
cp3b83py,rt,73,True,0.9726027397260274,-0.13754661435852095,16.4496157435101,412.84410921068695,0.05246612424477659,-0.004586213756082129,16.69196799499169,414.9794362198439,0.03307990744440714,-2.1353270091569243,power_law
cuybsfwr,rt,58,False,0.6551724137931034,0.14971476823539803,24.79730273215264,376.4452468288676,0.04710375181381876,0.004633017089342679,24.921103445998313,377.02293680691275,0.023971793219796922,-0.5776899780451572,power_law
cw4tyx7n,rt,64,False,0.296875,-1.0468034208980888,44.07300348649055,488.58847093293724,0.515813068946718,-0.055942114326992434,18.549755699921445,377.81844725134926,0.7508981970131835,110.77002368158799,exponential
d1vjrjhc,rt,65,False,0.8769230769230769,-0.4273103320017129,516.7290047339336,816.1774138778011,0.16623458836682592,-0.017176453962737485,516.0386222979406,816.0036095723628,0.14623332048720905,0.17380430543823877,exponential
dmft9d3y,rt,73,False,0.863013698630137,-0.49217795762139493,65.44429869375779,614.4551093664994,0.3250250545013008,-0.019036912014030606,66.00549656025896,615.7017508871184,0.27576684631874393,-1.2466415206189367,power_law
e0biso3r,rt,73,False,0.9452054794520548,-0.191220333161463,32.923336877836185,514.1505331510375,0.07990279464910044,-0.007383672264554698,33.51750577651426,516.7619079741722,0.06756397280516557,-2.6113748231347245,power_law
e2w81k0i,rt,73,False,0.863013698630137,-0.03699628325824348,40.40355140460616,544.0419823250975,0.002390945151031443,-0.003074473146707504,40.39509205039497,544.0114108781886,0.0093642145766748,0.030571446908879807,exponential
ei0ij8ms,rt,73,True,0.958904109589041,-0.15881856682306,20.734664632559042,446.6438102600233,0.06189576074811687,-0.00707702525286822,20.522414000444577,445.14157759066313,0.06970057765464899,1.5022326693601826,exponential
emwp6wq7,rt,73,False,0.7945205479452054,-0.09432585900979212,14.017673781436326,389.48656617465576,0.03495596064859674,-0.003759779433473738,14.017767978288616,389.48754727140835,0.03149640357792183,-0.000981096752582289,power_law
ew4oecfi,rt,73,True,0.958904109589041,-0.1399375787652522,19.600279171272433,438.429396196826,0.05682597651414245,-0.006758314164771154,19.400263245720897,436.9318487602643,0.07516773715434788,1.4975474365617174,exponential
eyn3wygc,rt,73,False,0.9041095890410958,-0.3325390655156117,90.73902293430946,662.1661759383761,0.15986757997914125,-0.013162899402351368,90.73168564678103,662.1543696916477,0.14205440588850815,0.011806246728383485,exponential
f0wpo2hr,rt,73,True,0.958904109589041,-0.0883014162306051,32.68742195988626,513.1005917368276,0.015942470454136104,-0.002096967221613044,32.833228435660914,513.750395439172,0.005098942251502869,-0.6498037023444567,power_law
f1ejz9fy,rt,73,False,0.863013698630137,-0.10727211264940609,23.176930906812437,462.90098426986606,0.023910142169776494,-0.004500954645635587,23.146739387826944,462.71067282139995,0.023872301520272754,0.1903114484661046,exponential
f5ktzt2t,rt,72,True,0.9722222222222222,-0.1404144219776775,16.507293863688233,407.7475363227889,0.05049376846221676,-0.005301488143799059,16.509987934674268,407.7710359085646,0.040883999203947585,-0.023499585775709875,power_law
f5ohsl5h,rt,39,False,0.7948717948717948,-0.7552880007541337,66.22498817073335,331.05851280978806,0.30614844738724734,-0.0620991313645089,58.90296480035522,321.91953119365957,0.5888273378167604,9.13898161612849,exponential
fgxp8fzz,rt,66,False,0.8333333333333334,-0.20084708729084585,19.340070294941253,395.0076444617778,0.13836627639959553,-0.006742675060636781,20.91584198156661,405.3469057035346,0.08609789283379077,-10.339261241756844,power_law
fkx2gd88,rt,66,True,1.0,-0.149337778197395,122.49456974389417,638.6648044502878,0.025519940436717903,-0.010246890775849872,122.01705047626994,638.1492246720703,0.05667090565285815,0.5155797782174432,exponential
fl73adm5,rt,49,True,0.9795918367346939,-0.0979592920811012,22627.926249995053,986.6401295276748,0.0033697887529597903,0.0035732627173427406,22627.554814496172,986.6385208527461,0.0012077693185480465,0.0016086749287751445,exponential
g3vslpjv,rt,73,False,0.8767123287671232,-0.09890837093324038,26.48411197186079,482.3755707241012,0.0283131836753161,-0.005474045711875303,26.37139746204788,481.7528790291613,0.04918310863207531,0.6226916949398742,exponential
g7svteiz,rt,73,True,0.9726027397260274,-0.16429148091427154,13.774067237528913,386.9269952344744,0.12357178036794847,-0.006346091966402691,14.014618249413537,389.454738047537,0.1045631035636726,-2.5277428130625594,power_law
gkse9wdn,rt,33,False,1.0,-0.25502190601207075,212.17988853306178,357.5906734155128,0.06744848965601113,-0.03344653743370014,208.36788469242748,356.3941427935014,0.15451015074234142,1.1965306220114371,exponential
hd5k29qy,rt,73,False,0.8082191780821918,-0.15314056174639273,34.09506070295761,519.2562688511109,0.08443212700103664,-0.005887605502824333,34.0741396893604,519.1666545366255,0.07077521387837304,0.08961431448540225,exponential
hkj9daz7,rt,73,True,1.0,-0.24850574018274507,63.911656029301255,610.9952562625463,0.08995902544164758,-0.014708907028577179,60.74473723617436,603.575345497186,0.17873484373146475,7.419910765360214,exponential
hpl7jugr,rt,64,True,1.0,-0.12340357727972766,5.996055619563924,233.26103760751658,0.07985851188736903,-0.005671805532438089,6.014077762138529,233.64518587759753,0.07520104230808222,-0.3841482700809422,power_law
hsm45iwx,rt,73,False,0.9178082191780822,-0.08377638708821514,87.97104363268282,657.6431257623306,0.010243591537680063,-0.004415148222373639,87.96099163379641,657.6264421397398,0.016135264953202944,0.016683622590790037,exponential
icf7bchs,rt,59,False,0.5423728813559322,-0.29000314740834343,22.048417824940028,369.0024197509982,0.12173048505297623,-0.020000334149760473,20.87474616457555,362.5477330840968,0.2727159795169616,6.4546866669013525,exponential
idma9086,rt,72,False,0.8055555555555556,0.0024206213152418443,24.279151738719342,463.30499616951175,1.2815893004280987e-05,0.0006851356306890799,24.290458166911336,463.3720391493594,0.0005677886414404698,-0.06704297984765617,power_law
ikfbpugl,rt,54,False,0.5370370370370371,-0.31272656999344434,219.41712046066584,586.2252544121186,0.08837324865199914,-0.018035086249466318,219.19945591150412,586.1180638748451,0.1354211802496189,0.10719053727348182,exponential
ism64anu,rt,73,False,0.9041095890410958,-0.17740335810676822,51.48417204658927,579.4260655434139,0.04597807182528002,-0.007732161272630128,51.678687614701545,579.9766378461317,0.049534229943154595,-0.5505723027177964,power_law
j2dvablb,rt,73,True,0.958904109589041,-0.18700589995817368,7.87246537465345,305.25220625478306,0.1712071406365303,-0.007142969444474186,8.15460452050922,310.3930799754518,0.14165939040792996,-5.140873720668765,power_law
j2pjmr32,rt,40,False,0.575,0.05382822707462409,54.481376048053974,323.8287135503494,0.007507233849192163,0.00440347859792567,54.02287773451628,323.1526094876221,0.020596414838299215,0.6761040627272905,exponential
jayyv6lz,rt,71,False,0.6901408450704225,-0.6019962879741241,122.00182252327596,686.1731096338614,0.2986528774033491,-0.030299864660924783,117.48308850341732,680.8138041745109,0.42478882749846214,5.35930545935048,exponential
jeq3oy2g,rt,59,False,0.3559322033898305,-0.5527418532630561,17.028690301088155,338.5181511857801,0.47670771238691423,-0.023841883534518625,14.235364616180451,317.3760614668134,0.4712719132544049,21.1420897189667,exponential
jqeesfz7,rt,73,False,0.9452054794520548,-0.04800031120507009,52.960509399238184,583.5537934016329,0.003147554346102588,-0.0035370385312721822,52.84578813129815,583.237190097789,0.009692621193320927,0.3166033038438627,exponential
jx6lhkbi,rt,73,False,0.821917808219178,-0.3588552221036655,134.66355205766527,719.8058012681734,0.22253529501965108,-0.014631997733889322,134.78675418135163,719.9393139114715,0.20981867396710407,-0.1335126432981042,power_law
k0qq522n,rt,38,False,0.6052631578947368,-0.149769514162028,63.58429957217505,319.5798599126404,0.042302647914516434,-0.005727880813135054,63.90955999838678,319.96764087880655,0.027869330692186334,-0.3877809661661331,power_law
k8txaw58,rt,73,False,0.9041095890410958,-0.1322759281390852,37.06958562717958,531.4683384914506,0.03526579076584746,-0.006335966074517329,37.076536884442596,531.4957137210378,0.04588747963378126,-0.02737522958716454,power_law
kavvl57w,rt,55,True,0.9636363636363636,-0.06711171351592915,19.532202361085382,330.927095729902,0.01567602146602376,-1.135280011119187e-05,19.642798753227968,331.548187503235,2.1565109231680424e-07,-0.6210917733329779,power_law
kck1uue7,rt,73,False,0.9041095890410958,-0.07417333139911077,65.69154952261539,615.0056630751988,0.008848712597971042,-0.001353453174294615,65.65403843843733,614.9222705757034,0.0016708886775630427,0.08339249949540317,exponential
kkeej6x5,rt,73,True,0.9863013698630136,-0.08899331272191204,46.60255063047464,564.881670032216,0.019670358209395333,-0.003938257455617144,46.506125889781195,564.579270348314,0.02184651949069183,0.30239968390196736,exponential
kmwiem6m,rt,73,True,0.9726027397260274,-0.45677639203746045,143.15326648283772,728.731714083285,0.24954389554094702,-0.019090076453105752,143.60587106042715,729.1925909276406,0.24719035038810022,-0.4608768443555391,power_law
kwy2bqjo,rt,73,False,0.8767123287671232,-0.02916135457267877,33.99886685295773,518.8437706461624,0.0016135818972308202,-0.0037555180628271903,34.04045309293504,519.0222436760981,0.015177207196835907,-0.17847302993573066,power_law
l0nln4b2,rt,73,False,0.8767123287671232,0.042386383700833564,27.765149531641235,489.2721165631483,0.004787599370118745,0.0018696036564748598,27.74848581333749,489.184465919111,0.005282514467393695,0.08765064403729639,exponential
l5sagbsh,rt,73,True,0.9863013698630136,0.07084471917887647,14.482216432065393,394.24653078846126,0.014409707886396728,0.0020586520117777704,14.543777566043957,394.8658335443287,0.00690053272140434,-0.6193027558674657,power_law
l9krayds,rt,62,False,0.24193548387096775,-0.5074238813440626,45.32170391940769,476.9094680881129,0.21192295389665272,-0.01694296320438283,48.1148113979808,484.32516731391405,0.1264559525233251,-7.415699225801177,power_law
ldo5smvx,rt,58,False,0.7931034482758621,-0.5503725156627378,20.470450070776238,354.20195680840783,0.24216664942810306,-0.02413383265688189,23.312619380097146,369.2833989173479,0.22813813986578946,-15.081442108940053,power_law
ler5uq42,rt,63,False,0.6825396825396826,-0.14985066125288235,52.56644619781499,503.22182941261195,0.03622283986080632,-0.009054102404511096,52.272608803044065,502.5155352041028,0.06188101408756341,0.7062942085091777,exponential
ljwskxcq,rt,73,False,0.9315068493150684,-0.15033627614376865,22.4939353000476,458.53387667595626,0.04555283975188562,-0.007460022457202753,22.462712995913066,458.33108321561986,0.06361282396002887,0.20279346033640877,exponential
lmtka1ev,rt,64,True,1.0,0.013274701163384639,3.5578261388584216,166.45116456937396,0.0020877856599350597,-0.0009015942502354907,3.5524599095373754,166.25795786043648,0.004293131119632476,0.19320670893748115,exponential
m63pxnwq,rt,67,False,0.835820895522388,-0.05008474496511085,14.317904661822345,360.6424509959358,0.00554804934905162,0.0004673024900682426,14.398901204763188,361.3983543917351,0.00027112259486972157,-0.7559033957992938,power_law
mhskzwic,rt,72,True,0.9722222222222222,-0.047999794965778136,24.70168551229725,465.789493216479,0.005396802426079872,-0.0015504336701095654,24.713126023960868,465.8561709455962,0.0031974088028864367,-0.06667772911720249,power_law
mlvcv31l,rt,73,False,0.8356164383561644,-0.09749253532259937,8.847024885249118,322.2918597761299,0.04493591290376686,-0.0008541792049797487,9.129235152066851,326.87636003518054,0.001956254507950894,-4.584500259050628,power_law
mpzcivx9,rt,73,False,0.9178082191780822,-0.1430444099926721,28.475617474853248,492.9610363100158,0.04402834636804909,-0.008877616016296141,27.780318708095194,489.3518602357654,0.09617447691873904,3.6091760742503993,exponential
mr7lkk46,rt,72,False,0.7083333333333334,-0.08376331284350932,31.89281036621943,502.5828069788123,0.01375657792315954,-0.0018313051972464521,32.03537870845569,503.2250862491711,0.0037134057360757033,-0.6422792703588129,power_law
mrwlcmno,rt,72,False,0.9444444444444444,-0.025762440954904986,25.897366904194115,472.5963471433555,0.0016439156392804577,-0.0020227335892654963,25.86832025155723,472.4347451769368,0.00569889458476569,0.16160196641868652,exponential
mrypomny,rt,73,True,1.0,-0.1700146757318856,70.8310315097886,626.0033916140485,0.06203982932090102,-0.00817813106499925,70.34722538804198,625.0027280297464,0.08141087661548707,1.0006635843020604,exponential
mzi8f2hv,rt,73,False,0.863013698630137,-0.08752108267076475,19.77602623384213,439.7326795422837,0.019145626597517174,-0.0017077944626874906,19.7722522952227,439.70481511629083,0.004134204456094803,0.027864425992845554,exponential
n2et79bd,rt,48,False,0.7708333333333334,-0.9890668078744012,98.60818572429001,444.75081065716347,0.3104768825946004,-0.06567140482220239,83.909555497176,429.25499185522244,0.5478812984197139,15.495818801941027,exponential
nfbzvhip,rt,63,False,0.873015873015873,-0.6948253165351029,86.77642519068176,566.3802081844499,0.27969409051777194,-0.03957289162379037,80.19733730980538,556.4457795256264,0.3986696998530098,9.934428658823435,exponential
nhds6zsd,rt,71,False,0.9295774647887324,-0.22638810273807125,44.8542870074845,544.0855220530913,0.0827748127602268,-0.006744525122882426,45.384267882768654,545.7535042075759,0.04157245108464913,-1.6679821544846618,power_law
ni5df01j,rt,70,False,0.7571428571428571,-0.05502834554716212,13.102542640787577,364.1928828525682,0.010399357342233628,0.0005199172373847506,13.20368661885112,365.2694511867322,0.0005044145029177161,-1.076568334164051,power_law
nldu5ge3,rt,72,False,0.8888888888888888,-0.0076880642897373674,106.70170422881841,676.4853467681002,6.577819608877267e-05,-4.4868222042724476e-05,106.70157608131441,676.4851738256735,1.2411865670802769e-06,0.00017294242661591852,exponential
npr5bsi2,rt,71,False,0.8028169014084507,-0.1816789982152015,149.66295469028944,715.1907831942602,0.038434283250315726,-0.008483162141350618,149.50532561080576,715.0411461315646,0.04744948634682544,0.14963706269566046,exponential
nqubyvew,rt,54,False,0.7962962962962963,-0.5656691016982794,92.20843371825897,492.5975726247927,0.14975112007933988,-0.04364581013644828,88.11546380496279,487.6939886585595,0.3504582120766848,4.903583966233214,exponential
nrfiw9bx,rt,73,False,0.9178082191780822,-0.04721792681892569,172.9818155025187,756.3652255355437,0.0033170134835300846,-0.002050351855023078,172.98576898373616,756.3685623120723,0.0035470452213774983,-0.0033367765286129725,power_law
nx0vccp8,rt,73,False,0.8356164383561644,-0.05581377151585387,31.952156069277162,509.77899052836415,0.008566701686563927,-0.002970367122062823,31.85955447289046,509.355248790428,0.013760293235812848,0.42374173793615455,exponential
nze0azo1,rt,73,False,0.8356164383561644,-0.012364356749142227,533.2684469061346,920.7376427156713,0.0001898135007402102,-0.0006030715277095705,533.2847072626759,920.7420944620205,0.0002560933028684653,-0.004451746349218411,power_law
o1t1fb7j,rt,34,False,0.5882352941176471,-0.18783591151436196,62.23670746611809,284.9042584946301,0.08101841156569756,-0.0208936664406031,58.4586475847745,280.6457345264101,0.2065144833137269,4.258523968220004,exponential
o2ho0580,rt,73,False,0.136986301369863,-0.18676015200437673,22.426362569438613,458.0946264225812,0.03945300857351963,-0.001186040298840005,23.47011706417313,464.7362876601267,0.0009023751094456856,-6.64166123754552,power_law
o4kkkuj9,rt,73,False,0.8767123287671232,-0.09888502193454257,37.087378639248165,531.5384001461465,0.030675483695981387,-0.00558521507770525,36.878663657659985,530.7144418203127,0.055499199814565636,0.8239583258338143,exponential
o5qropwk,rt,72,False,0.7361111111111112,-0.019330579274000115,20.40864345549038,438.298025427577,0.001028066559920382,-0.00036080612988049175,20.409190851878655,438.301887713818,0.0002032778954422776,-0.003862286241030688,power_law
ol9lky1i,rt,45,False,0.8,-0.27455916366922606,64.45669207287268,378.93942017984114,0.10646439978050315,-0.007428552645442872,67.03039248874985,382.4631522194743,0.018046976920379265,-3.5237320396331597,power_law
om1m73rv,rt,73,False,0.8082191780821918,-0.0813335907781085,15.60189110291324,405.1192511923001,0.017111433971715773,-0.005017257292549134,15.495235612814355,404.1177591409633,0.03692799989549189,1.001492051336811,exponential
onnumbyy,rt,57,False,0.7368421052631579,-0.293310043965715,23.86798451039958,365.66933207869147,0.20667419649600194,-0.01152753948704275,25.809303049641205,374.58379116878007,0.13465199628574576,-8.914459090088599,power_law
ovhoesyy,rt,73,False,0.9178082191780822,-0.10365807097174816,116.1858666865106,698.2579163412107,0.01938749999181999,-0.005804449783963163,116.36343146312706,698.4808751944986,0.03447578860846512,-0.2229588532878779,power_law
oxvw1rhx,rt,73,False,0.6986301369863014,-0.1738693500133716,44.6293751948854,558.5652727159999,0.04835875759068964,-0.008616462012863464,44.681924443388844,558.7370805655762,0.0673540253180328,-0.17180784957633932,power_law
p445h6ow,rt,36,False,0.6944444444444444,-0.2990737405933622,57.45799744922886,295.675902524529,0.14852388101200265,-0.016847696415396175,58.88932750244449,297.44751116825887,0.07597292044225401,-1.7716086437298486,power_law
pad0sufd,rt,73,False,0.8904109589041096,-0.18306158351425159,104.82324551619095,683.232231125149,0.024329262847420985,-0.009475441763403031,104.3958985766744,682.6357967958686,0.036966640274889384,0.5964343292804415,exponential
pcrxo3zp,rt,61,False,0.7868852459016393,-0.014940671989518888,182.57934690261126,639.2765524420929,0.00019962780378157685,0.0009647169489033909,182.5406477536893,639.2506908280743,0.0004612524997997802,0.02586161401859499,exponential
pgtp756s,rt,31,False,0.5161290322580645,-0.0826689459948941,11.566261981288237,155.7817294487759,0.042936466882589785,-0.0034598122902182553,11.886127317381488,157.4730608025692,0.030635378785515033,-1.691331353793288,power_law
phbjwkyw,rt,73,False,0.6712328767123288,-0.03887450761908976,77.99521926973355,640.0705398760385,0.0019958147714665975,-0.0031175401533511176,77.9071727607066,639.9056316726789,0.007279324308873014,0.16490820335968692,exponential
plfupad7,rt,73,False,0.9315068493150684,-0.22521209997227992,47.444825739538274,567.4968509886285,0.11686178780335321,-0.008680526851045681,47.44163808680052,567.4870414271563,0.09845953543726493,0.00980956147213874,exponential
pz38obzd,rt,73,True,1.0,-0.08065603670598989,53.169000515163376,584.1274272968209,0.00944704897839288,-0.0014972887180444453,53.23509686066107,584.3088125615217,0.0018463330461713223,-0.1813852647007934,power_law
q04yitea,rt,72,False,0.8194444444444444,-0.1392169728458392,16.15599993212893,404.64997506402653,0.05534338635948011,-0.003920758535069151,16.575071044958385,408.3375744162025,0.024275041237558304,-3.687599352175937,power_law
qazkn1sw,rt,72,False,0.375,-0.23784736423587421,45.529078221071174,553.8425733202563,0.03100551215787828,0.0005728151160020447,46.24035721603594,556.0748247416188,0.00010134307175357904,-2.232251421362548,power_law
qfiy90jx,rt,73,False,0.8356164383561644,-0.22659002101183592,26.780080664462105,483.9981194466517,0.14007659628514424,-0.007662299298020588,27.40751205693587,487.3793022181096,0.09084034435962085,-3.3811827714579294,power_law
qfsp3ery,rt,68,False,0.7352941176470589,-0.036993585027479625,62.75339107645664,566.9329159950685,0.0023297756713072104,-0.0004985512877456917,62.70301480790961,566.8236960179406,0.00023061384773559457,0.10921997712785014,exponential
qkiu92kk,rt,51,False,0.9215686274509803,-0.3053570085051097,199.98455220511534,544.4204927082342,0.05171449317607435,-0.017730087518142992,199.0207043871078,543.927703868793,0.09532903676622184,0.4927888394412321,exponential
qothvfhf,rt,70,False,0.8428571428571429,-0.021856093311915372,18.832805175660447,414.9840427449134,0.001355666491340557,-0.0010523229893221373,18.812314876378093,414.83163828033173,0.002078225162164493,0.15240446458165025,exponential
qu0lm98m,rt,73,False,0.8493150684931506,-0.12230493959669426,20.880288086666454,447.66561178531595,0.037383090435713195,-0.003023209184470835,20.97998142725969,448.36103278543374,0.012953887765400629,-0.6954210001177898,power_law
qv0yh587,rt,69,False,0.391304347826087,-0.44815278144878373,26.457647381427538,456.02524346049387,0.19756633172433657,-0.027376021381138337,24.556195333829994,445.73305658621723,0.40461302146957834,10.292186874276638,exponential
r24jdhzg,rt,73,False,0.8356164383561644,-0.1393375973920564,17.98095943732116,425.839754791607,0.07472637267656701,-0.005090917188295405,18.245108777929342,427.9689666630306,0.0565725634625055,-2.1292118714235926,power_law
r2ck84r8,rt,73,False,0.9178082191780822,-0.2624679446983511,113.5490513324888,694.906297428386,0.07519259627909003,-0.01169875515616893,113.26412627224329,694.539483814493,0.0847185219145743,0.3668136138929867,exponential
r99uy0qb,rt,71,False,0.5352112676056338,-0.3966339856332007,175.8567871708591,738.0931335447639,0.18042493198366594,-0.01323117423974135,178.02111506196584,739.8301077424638,0.11375229687449684,-1.7369741976999649,power_law
rhbgnqhz,rt,70,False,0.9285714285714286,-0.15944845927143467,12.428782573952795,356.8020941429333,0.08817012095543841,-0.008133783369988075,12.127887504853597,353.3710574482499,0.12964192454636336,3.431036694683371,exponential
rjanlii9,rt,73,False,0.7123287671232876,-0.3228334517350729,67.15922533572964,618.2316794400895,0.20802936425105478,-0.014018203557873163,66.05700540456068,615.8156407731573,0.2224481681459035,2.416038666932195,exponential
s03ed531,rt,71,False,0.7464788732394366,-0.28792882757393484,31.477950801532323,493.79880031762934,0.11907053543272728,-0.010307677915867643,32.12974775092739,496.7090897534888,0.08557739124018626,-2.910289435859454,power_law
sesf1qnx,rt,47,False,0.851063829787234,-0.2821278632365555,39.1293061747438,348.68594024915313,0.09284331718624095,-0.022818990138973254,37.41829121681375,344.48300755430483,0.161291960816893,4.2029326948483,exponential
ske58akk,rt,73,False,0.9041095890410958,-0.017886931687108695,56.548882056269534,593.1253932540351,0.0005309578402128423,-0.0014926754888128617,56.58112238500889,593.2086088102728,0.002096986675685142,-0.08321555623774657,power_law
sn10zd6g,rt,73,False,0.9041095890410958,0.03086488494344425,33.679724154076766,517.4668158745809,0.002188054722711552,-0.0024290941024870585,33.372048447693324,516.12692681069,0.007685888163181942,1.3398890638909506,exponential
so5k1adg,rt,44,False,0.9090909090909091,-0.21341479088215698,24.015150159021843,283.72427012773767,0.13816015802375414,-0.010260571274662292,24.82534873993024,286.64414268334673,0.07585138538738989,-2.919872555609061,power_law
sp00glmz,rt,73,False,0.7397260273972602,-0.1945126091027588,26.515210479436806,482.54690810794636,0.10689836030765609,-0.009789514835086529,26.067871834319956,480.06272441266816,0.15355868688810959,2.4841836952782046,exponential
stbyxpx6,rt,56,False,0.7678571428571429,-0.14310627279256832,57.47970616680973,457.7603783190531,0.028885576081778108,-0.007482906096529413,57.37354751862227,457.553335477838,0.0405898764581889,0.20704284121507044,exponential
szbhlpfr,rt,56,False,0.6964285714285714,-0.28376582242652476,22.84030291964236,354.3949845066972,0.07958633769859991,-0.021367945210312673,21.470333001798068,347.4672776492306,0.18775554260443017,6.927706857466603,exponential
t2eyvuxq,rt,73,False,0.8767123287671232,-0.1411018657221114,19.127029153763978,434.8609611496378,0.06124041263980684,-0.006444967569990531,19.085443725050293,434.5431866361522,0.07245870960407563,0.31777451348557406,exponential
t3l0if03,rt,73,False,0.7123287671232876,-0.33200009256783136,14.458672024060068,394.0089786944859,0.2527231838546371,-0.011757537234634373,16.012438558393878,408.91141119647534,0.17975373667999028,-14.902432501989438,power_law
tc5wgx8h,rt,71,False,0.9154929577464789,-0.14655169475429816,59.22188216286228,583.543336870614,0.035250908261892366,-0.00469240668691852,59.30847973636109,583.7508256089876,0.0207220536321715,-0.2074887383736268,power_law
uktb326q,rt,69,False,0.8695652173913043,-0.4223854121706984,65.27050285207048,580.6385499185593,0.24995123048127588,-0.018529503429437863,63.72608020239082,577.3339583541724,0.2640147855061401,3.3045915643868966,exponential
v6jvgdvg,rt,72,False,0.5972222222222222,-0.181809138539887,56.334223796447766,584.5075215761298,0.0817596157029834,-0.010307250715479279,55.36703969673604,582.0137630142904,0.14897206694092457,2.4937585618393996,exponential
vbwguazj,rt,69,True,0.9710144927536232,-0.2526347064113899,167.72692329235812,710.8825336444764,0.08371522766759099,-0.011170759463344752,167.64111062555622,710.8119118375096,0.08374375826806146,0.07062180696686937,exponential
vpxztp7b,rt,69,False,0.927536231884058,-0.1759475461539382,31.744747930058,481.1663663138916,0.06583008916842836,-0.0038601478597942366,33.52313254345382,488.6885299415907,0.016211921967005827,-7.522163627699058,power_law
vr20hyge,rt,68,False,0.5147058823529411,-0.2351701065747398,48.13190027583047,530.8565423971056,0.09666553215083873,-0.013498062881775713,46.450571346503885,526.0208720987332,0.174358165173076,4.835670298372406,exponential
wcau806y,rt,70,False,0.6142857142857143,-0.19698430610950263,30.376463212533505,481.91353009491553,0.12677594476510345,-0.0063680103284449036,31.73980256895198,488.0600092746677,0.0731713441120303,-6.146479179752191,power_law
x5id5i5q,rt,50,False,0.7,-0.4594574130320997,64.66457490218654,420.9213522998643,0.18551836420065282,-0.03429892326295587,58.83331956048002,411.47083536057244,0.3772834751094696,9.450516939291845,exponential
xasfvnb7,rt,44,False,0.7727272727272727,-0.343968941207458,88.87939031035087,398.8806651339725,0.09108715324235117,-0.021080219454871235,87.78625143045542,397.7916310899372,0.13343012133977317,1.0890340440353157,exponential
xeu3j3ki,rt,46,False,0.6304347826086957,-0.4333139000386228,41.170701606100536,346.0308727134293,0.12805296565325708,-0.03539973110463181,41.250324690798365,346.20862653184497,0.3077660551392687,-0.17775381841568105,power_law
xji13cu2,rt,32,False,0.71875,-0.2155803536707255,14.84279632852131,176.64093771707158,0.26647863074736133,-0.010669776762005163,14.403137597729593,174.716548581048,0.3117025367018742,1.924389136023592,exponential
xklnx39q,rt,71,False,0.7464788732394366,-0.19828163684696162,12.416968942625987,361.7070880331857,0.14455659729557901,-0.009433825778429711,12.128358349380195,358.367585355207,0.17827555534463224,3.3395026779787145,exponential
y32zaw9c,rt,72,False,0.9027777777777778,-0.27595786612136863,58.19782985084561,589.194121540868,0.16702732694269606,-0.0099298708113437,58.892953556038975,590.9038887247907,0.12284254801049432,-1.709767183922736,power_law
ya0wv6pm,rt,73,False,0.863013698630137,-0.21656479543660523,17.386083878863932,420.9278359361022,0.15513003090895305,-0.009216215300834411,17.270845557375786,419.9568983938224,0.15933159748651338,0.9709375422797848,exponential
yebzokh4,rt,72,False,0.8333333333333334,-0.22729373479842302,30.503245160685445,496.16796303967686,0.14741502631952974,-0.01056993393697227,29.842739938589396,493.0155892650747,0.17629897884115542,3.152373774602154,exponential
yfyhejim,rt,73,False,0.863013698630137,-0.45859392206840827,71.14882090641476,626.6569678588363,0.2955904910073558,-0.018985026131462364,70.33130586081808,624.9696845942772,0.2872981273849652,1.6872832645591416,exponential
ym49wqbn,rt,72,False,0.9166666666666666,-0.32875545939915923,50.37308909355741,568.4018203725803,0.14825154277395114,-0.009241696923624748,52.83182736558594,575.2643872175066,0.07832066544545213,-6.8625668449262776,power_law
z3die4q3,rt,72,True,1.0,-0.10039122156286259,12.759568006980244,370.6645247811342,0.0398995654145784,-0.0022363265442113932,12.85788741531175,371.76986987363637,0.010987613490808679,-1.105345092502148,power_law
z8b26ynw,rt,73,False,0.9178082191780822,-0.15126765243162804,18.611284247634288,430.87013920456445,0.04875259442194779,-0.007222288456611422,18.528004646894626,430.2153694203899,0.06302774730783522,0.6547697841745617,exponential
zc26r1al,rt,39,False,0.9743589743589743,-0.13706146394160357,68.05749117465163,333.18751890139856,0.027248379859485583,-0.014930356411921641,67.24680595553266,332.2528227369824,0.05809240951999728,0.9346961644161524,exponential
zelqv7az,rt,73,False,0.9178082191780822,0.007715284817210366,26.818784801088956,484.20897483997476,0.00014863214667548696,0.0004759192954249029,26.8161334782023,484.1945404694495,0.0003207391522509484,0.014434370525236773,exponential
zfeorjum,rt,73,False,0.6986301369863014,-0.1651549367980165,18.855278631425378,432.7717645956416,0.08137361902385065,-0.00693222683998021,18.81988787719024,432.49746976873143,0.08130599500684887,0.274294826910193,exponential
zj5uemkt,rt,68,False,0.8676470588235294,-0.17086668366610228,135.98422037743134,672.1052839220353,0.039918381126762825,-0.009818813702292779,134.99263440341065,671.1099495086331,0.07162931240958514,0.9953344134021336,exponential
zvbewhqx,rt,73,False,0.7808219178082192,-0.07925578908879251,31.641027271458455,508.3503730402552,0.015839725843422303,-0.002809271684314274,31.62185843867346,508.2618962140452,0.011286250427639755,0.0884768262100124,exponential
02333qfj,deliberation_time,44,False,0.7692307692307693,-0.17493653510596394,11.486454010380536,218.82282174712645,0.13998756102451382,-0.006472330258437907,11.439235703453468,218.46032736314027,0.13387870030485238,0.3624943839861885,exponential
0hrc9vve,deliberation_time,50,False,0.21153846153846154,-0.01342888026910916,6.434207877542763,190.16287375182108,0.0004187277528584499,0.0012054835472156073,6.433899390008538,190.15807914562345,0.0023239723667277667,0.004794606197634721,exponential
0yfthc4y,deliberation_time,66,False,0.7183098591549296,0.05768822348541334,9.423216498748506,300.09929595738356,0.011230248709392932,0.0012149134922708343,9.449498121569393,300.4669353272034,0.003231033855280563,-0.3676393698198126,power_law
154uk6vm,deliberation_time,46,False,0.42857142857142855,0.021810896698924265,11.147087206202904,225.82839685326488,0.0016521890253144988,-0.004651370938797257,10.958795839968476,224.26110143184275,0.03349120490506452,1.5672954214221306,exponential
189iqcds,deliberation_time,47,False,0.8970588235294118,-0.07885061711194172,8.70378483399986,207.3932491282588,0.07551480916949971,-0.0046767765018793745,8.45069044329314,204.6193258458731,0.12905927793093253,2.773923282385681,exponential
1qt2f29y,deliberation_time,49,False,0.726027397260274,-0.0944906308192298,9.960477233501894,229.26524857496727,0.035658560486547586,-0.004106647566167218,9.912659622706412,228.79364362046255,0.049262599256750694,0.47160495450472695,exponential
1r6yodve,deliberation_time,61,False,0.5294117647058824,0.43387242602678633,8.63685397253047,267.03668394077516,0.3801902426064613,0.01995171328310579,8.776022170789801,268.9868364106439,0.40993551294645614,-1.9501524698687263,power_law
23iyreiv,deliberation_time,38,False,0.6136363636363636,-0.1782025577182294,8.025529035582956,162.27969686130686,0.16435937108316068,-0.012176737830988035,8.131647042979148,163.27802534288855,0.15890519024891303,-0.9983284815816944,power_law
27d8totr,deliberation_time,43,True,0.9859154929577465,-0.02004907113000564,11.119247116909944,211.14627198461676,0.0016687107221301511,-6.024926622023595e-05,11.13095267388311,211.23675908154442,1.3409539459163788e-05,-0.0904870969276601,power_law
2d8q4qkc,deliberation_time,64,True,0.984375,0.08205751022907334,6.697108293729298,247.41450691595085,0.026667747687721288,0.0032021218701267125,6.718502328111784,247.82275351754524,0.018102596109072056,-0.4082466015943851,power_law
2j8p9vyz,deliberation_time,46,False,0.9166666666666666,-0.10750251006843245,11.702382022590639,230.30090197356594,0.026196391187830792,-0.004347895908534306,11.663342791265789,229.993476233295,0.03902866541416872,0.3074257402709293,exponential
2tkm21z6,deliberation_time,55,False,0.8356164383561644,-0.07043944998557822,9.733888953486685,254.31748535631337,0.026386536028517593,-0.001600265878980584,9.829835999946088,255.3964475432136,0.009031731555934841,-1.0789621869002417,power_law
2w766g1z,deliberation_time,61,False,0.7916666666666666,-0.08033075440428447,10.724440161654574,293.4480822167985,0.02760191335547013,-0.0036964603519901735,10.660258920050625,292.71577030012304,0.03432284677471209,0.732311916675485,exponential
3cc6zm51,deliberation_time,51,False,0.821917808219178,-0.12808734235861796,9.511172054445828,233.75164556522427,0.1337108809411558,-0.004147201127369058,10.06861954503059,239.56120836664226,0.07356517560976794,-5.8095628014179965,power_law
3irnkhq8,deliberation_time,66,False,0.8873239436619719,-0.08835403333508898,9.69719176152975,303.8823961504145,0.035247746424370896,-0.0021587324377794056,9.806249052194381,305.35861899166974,0.01165682601904039,-1.4762228412552645,power_law
41kp06jx,deliberation_time,61,False,0.8235294117647058,-0.06729510413358494,8.173070896265983,260.30305497925013,0.03233807288667201,-0.0004987690430078437,8.35347952923472,262.96673578244867,0.0009181497553528706,-2.663680803198531,power_law
44o5xnxe,deliberation_time,67,True,0.9863013698630136,-0.10224035453327958,9.30050814321931,302.8292510548004,0.06654647999594421,-0.0031829953437705182,9.443119777519065,304.8683790024416,0.0356153708487964,-2.039127947641191,power_law
4j6cy1mk,deliberation_time,63,False,0.8767123287671232,-0.147123483139334,10.07998664011537,295.1295440943775,0.07422071690305243,-0.005337963079957048,10.16280091326046,296.16049465915745,0.05877495228677754,-1.030950564779971,power_law
4s3cm7d8,deliberation_time,39,False,0.5616438356164384,-0.25193834024338346,11.223552801322802,192.60513091662585,0.15297073448599885,-0.00870214902224385,10.935028489110742,190.57375823628365,0.18779054007753926,2.0313726803422014,exponential
4s9g1cze,deliberation_time,66,False,0.8405797101449275,-0.041334717824030795,7.216989082827943,264.8897950630514,0.007885587501115454,0.0007408318735693309,7.246330752925274,265.42537137751145,0.0013679774372755693,-0.5355763144600587,power_law
4stfwpke,deliberation_time,30,False,0.84375,-0.08575019544860493,9.665425035482233,140.1133053078018,0.031440695354238435,-0.0027783407994068313,9.79644225709373,140.92115708637613,0.005607757548287906,-0.8078517785743315,power_law
4wx63ymf,deliberation_time,65,True,0.9726027397260274,-0.01093731393288689,8.407719997093528,280.78954303740227,0.0005619995448886694,0.000799173108585214,8.371332360442988,280.2256971086292,0.0018587281778482678,0.5638459287730484,exponential
50nsp39w,deliberation_time,38,False,0.6739130434782609,-0.061267319370903156,10.784339986306597,184.7352261250764,0.012896034337702034,-0.0018597425773836877,10.872057752128761,185.35089515189247,0.003512338250115432,-0.6156690268160787,power_law
5nrjvc7q,deliberation_time,59,False,0.8082191780821918,-0.2408202990435595,10.173025980126253,277.72928526548384,0.16419719651623965,-0.006717099905724678,10.555909671803551,282.088931663688,0.11172699441547351,-4.359646398204177,power_law
61zahdh9,deliberation_time,66,False,0.9154929577464789,-0.07393933693501571,8.604369592633017,288.09966196360847,0.024937163476815405,-0.0032603184318513363,8.558540730011309,287.39472042047163,0.026937842967164727,0.7049415431368402,exponential
648anokh,deliberation_time,69,True,1.0,-0.09275972201477178,7.6668376441748896,285.0927835228547,0.032385773954569874,-0.002388205027603851,7.744042906390307,286.47549689684513,0.016025303065940744,-1.3827133739904411,power_law
6e5gb0yb,deliberation_time,68,True,0.9863013698630136,-0.20884381829206666,7.491765317335156,277.8774065132857,0.1824331995810592,-0.010277114778505986,7.234748685434161,273.1298048007083,0.23840877078798417,4.747601712577364,exponential
6eyovdd2,deliberation_time,70,False,0.821917808219178,-0.0697148004297335,10.883694285962354,338.2172024991005,0.014785501787930255,-0.0026005879707806366,10.867459497365342,338.00821396926983,0.01276779303927289,0.20898852983066263,exponential
72p6pxny,deliberation_time,49,False,0.821917808219178,-0.09839350411063544,12.414599171005676,250.84956699240027,0.05313671967119282,-0.005240658226579413,12.288444704891793,249.84861786086645,0.07653182045080409,1.0009491315338153,exponential
7agy8y3l,deliberation_time,50,False,0.6986301369863014,-0.12737479140973942,12.665470928744595,257.88794662400124,0.05721506634793838,-0.005483770022954383,12.479205288077713,256.4063682073771,0.07686546462842236,1.4815784166241315,exponential
89u58v07,deliberation_time,45,False,0.7534246575342466,-0.05625427637242912,11.138586829676216,220.9373833852723,0.016043826311837095,-0.0018830174510636685,11.133885764944756,220.89939067204145,0.015650942473970697,0.03799271323086373,exponential
8aknstxj,deliberation_time,43,False,0.8253968253968254,-0.002242644681863366,11.448189141577792,213.6535144970049,2.7710345211096055e-05,-0.003535193303102292,11.364814318629325,213.02490224870434,0.038661834655560945,0.6286122483005556,exponential
8bgj1tsd,deliberation_time,47,False,0.8363636363636363,-0.19695463851927825,12.345444086777162,240.24898694481394,0.10243587123146858,-0.010784235378059897,11.697115143185362,235.17817078955466,0.1860163125541041,5.07081615525928,exponential
8d21w3yr,deliberation_time,55,False,0.6956521739130435,-0.3308024340865624,11.520333327047416,272.8524948437547,0.20859544354997872,-0.010940414459479353,11.402466927427668,271.72127020460175,0.21542045720348357,1.131224639152947,exponential
8jwr3j6t,deliberation_time,65,False,0.8333333333333334,-0.09470658247234646,7.330237589978263,262.9610307362008,0.051250841685164916,-0.001755926918825183,7.519802905338965,266.280190668842,0.010560684729848502,-3.3191599326411847,power_law
8oohxrrz,deliberation_time,63,False,0.8904109589041096,-0.032705547435482055,10.86857080265977,304.6202766606779,0.004100403167299316,-0.00150163507508115,10.859547410736981,304.51562448266,0.006002107417855229,0.10465217801794324,exponential
8psac9uo,deliberation_time,65,False,0.8904109589041096,-0.05028715260920017,11.151814459181615,317.5082881361493,0.008456712880648198,-0.0012514710717976584,11.17321908132889,317.7575689918064,0.0034714639102141343,-0.2492808556571049,power_law
8y2nd2sh,deliberation_time,55,True,0.9863013698630136,-0.06961331796221734,10.059178442641672,257.9334045154918,0.023326819568293966,-0.002212799515842722,10.100168044863524,258.3807267995512,0.01623741991808403,-0.4473222840593962,power_law
8yhijukj,deliberation_time,63,False,0.5694444444444444,-0.01406649290006542,12.001451197303846,317.11347452368926,0.0006138958845512965,-0.0014760253352498211,11.949462482519076,316.5664733997645,0.004765316266416297,0.5470011239247583,exponential
904h81sn,deliberation_time,68,True,1.0,-0.05590789918835898,9.421734796719718,309.0506156394888,0.012381227775118075,-0.0029004321207406984,9.381712493811284,308.4716748387903,0.020111662161365507,0.57894080069849,exponential
9evwb372,deliberation_time,69,False,0.8857142857142857,-0.19093272106031392,10.115264865614925,323.33830048741896,0.09042107684523026,-0.006509214743564128,10.239329591182615,325.02058840427435,0.07565168442567871,-1.6822879168553868,power_law
9ohxtpht,deliberation_time,61,False,0.863013698630137,-0.07748025220695218,11.743055477769897,304.5179692092303,0.015847885237460946,-0.0028592026907620035,11.75942752928319,304.6879419399507,0.015798502929140867,-0.16997273072041708,power_law
9pjr0waw,deliberation_time,40,False,0.7380952380952381,0.04037070056293231,6.345279622007937,151.81689358861706,0.009748983698173563,0.0007464692527985217,6.376900438233134,152.2145723661824,0.002171683807450253,-0.3976787775653463,power_law
a0w1xgxf,deliberation_time,62,False,0.5588235294117647,-0.08106263504659426,9.350534089868086,281.1937494839481,0.018812595167849167,-0.005361817067819452,9.23195821054255,279.61122671280964,0.05005541457024909,1.5825227711384855,exponential
a589fsqz,deliberation_time,63,False,0.9305555555555556,0.0214814373379826,9.369441882003597,285.9191447954181,0.0020595336929949415,0.0013989846135586408,9.352522061628362,285.6914018135272,0.004712965266936209,0.2277429818909127,exponential
a6jpzpek,deliberation_time,65,False,0.3287671232876712,-0.6832542022349968,12.594159370878312,333.3203113843299,0.43331866964175436,-0.024705122407363455,10.776926325731248,313.0629616543424,0.47802420960555514,20.25734972998748,exponential
a9gvtd1o,deliberation_time,52,False,0.9027777777777778,-0.11478031501801828,9.401605422018712,237.05156828403193,0.08624308926282831,-0.005428483839626557,9.318650056689544,236.12984854839513,0.10009373416701584,0.921719735636799,exponential
aqmjput5,deliberation_time,45,False,0.7076923076923077,0.05478072476320635,11.502297890213606,223.8292148753967,0.008301790751958471,0.0019080804281706796,11.505434712030556,223.85375566523945,0.009944233186205742,-0.02454078984274588,power_law
ascil7wf,deliberation_time,63,False,0.9452054794520548,-0.053426405557110826,11.620808905343715,313.052467636874,0.015031389933119033,-0.0020222950248753387,11.641104030888116,313.2723280133132,0.011950024700114192,-0.21986037643921463,power_law
aypxap78,deliberation_time,69,True,0.9726027397260274,-0.10628614715217344,8.44593135324733,298.44850636822076,0.058584443845271394,-0.003982824722587326,8.510651527586633,299.50195298456396,0.04550583797170571,-1.0534466163431944,power_law
bcyhma9y,deliberation_time,34,False,0.4888888888888889,-0.2742900241469055,12.158801184328894,173.8676233706815,0.18096601462401374,-0.010028974234636582,12.373113874811054,175.05576002236606,0.1479890862858646,-1.1881366516845446,power_law
bmlngyh3,deliberation_time,62,False,0.7397260273972602,-0.16229201474117036,9.515338415832643,283.3602282679647,0.12453246492659054,-0.005972921480278621,9.713710843780348,285.9187586889233,0.10818297845553904,-2.5585304209585615,power_law
bw2cwy0m,deliberation_time,55,False,0.875,-0.08517845405715231,10.010202743151341,257.3965331901401,0.024713199349532977,-0.004217533916320441,9.919315453260154,256.39323034066905,0.04083404594769913,1.0033028494710265,exponential
bx44xwzb,deliberation_time,65,True,0.958904109589041,-0.006244011453627678,9.7413902383393,299.9298995134578,0.00017845170285912815,0.0001557722657678184,9.7402991434719,299.9153379084419,6.601279651152758e-05,0.014561605015899204,exponential
byx9jkxm,deliberation_time,65,True,0.9726027397260274,-0.09370734880506597,7.722700375592696,269.7413320196851,0.043013665913202326,-0.0022382017063403126,7.879451663206287,272.3535810229366,0.013010343958153037,-2.61224900325152,power_law
c2lwacqc,deliberation_time,44,False,0.8333333333333334,-0.15984819878322212,10.556701042357194,211.39495287972858,0.13587998057565231,-0.007314090010064278,10.166601183636228,208.08149994942156,0.16023080225838193,3.3134529303070224,exponential
c7z6erey,deliberation_time,66,False,0.9178082191780822,-0.04654148312567842,11.412439384266193,325.3809193620776,0.005531216912029291,0.00010486624490974471,11.455780528989944,325.881267703595,1.662849658679022e-05,-0.5003483415173946,power_law
c9sps7bl,deliberation_time,71,False,0.7397260273972602,0.06704424195870834,5.586607043928639,248.29284302815174,0.019347830396771237,0.0019430504001049479,5.6112053781573525,248.91670935977035,0.010873374817883086,-0.6238663316186148,power_law
cdo2cmtp,deliberation_time,46,False,0.8979591836734694,-0.10507605725952202,9.217641650521008,208.34296810863,0.03966293532862253,-0.0053217258943355624,9.265159164091898,208.81601555678122,0.032336403295873395,-0.47304744815122035,power_law
ce9qdbyh,deliberation_time,47,False,0.7755102040816326,-0.11632408209308119,9.867020644318888,219.18460712438667,0.04597510213802092,-0.007831788596246787,9.505015025306172,215.67103833152302,0.09122200977999428,3.5135687928636514,exponential
cfclud8z,deliberation_time,59,False,0.875,-0.02672279308607074,8.742411049210853,259.8459498146202,0.005109901830851582,-0.0011125108776580046,8.73375455964856,259.7290516488838,0.004751317031769675,0.11689816573641565,exponential
cghxa2ie,deliberation_time,48,False,0.9041095890410958,-0.21158350444841983,10.410694238861819,228.91202272146984,0.15687781283019264,-0.007173346566035382,10.54035375651645,230.10026615553647,0.1324271066568512,-1.188243434066635,power_law
clhkwrie,deliberation_time,57,False,0.6111111111111112,-0.09796291480848747,9.378926710258435,259.1850479914019,0.030608476957997177,-0.0032821219740122296,9.408169939686317,259.53994379135474,0.028640006371510984,-0.3548957999528284,power_law
clucow7d,deliberation_time,51,False,0.8767123287671232,-0.18181013079185132,10.871268947768892,247.3845901501802,0.13280648308448983,-0.005676925463721491,11.455529231853157,252.7241966101402,0.06957671834632906,-5.3396064599600095,power_law
cp3b83py,deliberation_time,65,True,0.9726027397260274,-0.057320758288644434,10.122791192714192,304.9226266003872,0.010645881305316185,-0.0022770027840276702,10.127216828711335,304.9794495594873,0.012103330200114781,-0.05682295910008861,power_law
cuybsfwr,deliberation_time,50,False,0.6551724137931034,0.17205936508217506,9.556822880748426,229.72553371781657,0.10059830127189051,0.0050372495397472,9.73510563337141,231.5738489650902,0.046945706817482336,-1.8483152472736322,power_law
cw4tyx7n,deliberation_time,56,False,0.296875,-0.9660970685367771,29.999915550519514,384.93379146765716,0.45996043251320995,-0.05149909684700686,9.571892255044258,256.98906233654094,0.7365435543139851,127.94472913111622,exponential
d1vjrjhc,deliberation_time,52,False,0.8769230769230769,-0.159912567959818,11.00402085480864,253.4191167793585,0.05615503278470779,-0.004119525930921507,11.138972268947775,254.68679732865743,0.03172373316767263,-1.2676805492989445,power_law
dmft9d3y,deliberation_time,54,False,0.863013698630137,-0.22593928520327894,10.817684688020337,261.16768473329995,0.10724961994624038,-0.0070886719457017525,10.79647280539333,260.95570477896837,0.10258739155378416,0.21197995433158212,exponential
e0biso3r,deliberation_time,62,False,0.9452054794520548,-0.17023862235130252,9.233312905895215,279.6294211084373,0.14376303446624228,-0.006806913172406981,9.488358765533075,283.00814110798797,0.13636624780217455,-3.37871999955064,power_law
e2w81k0i,deliberation_time,63,False,0.863013698630137,-0.04569449841168401,10.476896618364202,299.9957363655348,0.01016428808516523,-0.0018947568733535315,10.47398042907704,299.96066004374427,0.00947066341980285,0.03507632179054099,exponential
ei0ij8ms,deliberation_time,69,True,0.958904109589041,-0.16108411506360526,10.211487633153558,324.6448388643298,0.09359696324843259,-0.006404192299786202,10.216654739106396,324.71465046283004,0.08132247667363246,-0.06981159850022323,power_law
emwp6wq7,deliberation_time,70,False,0.7945205479452054,-0.11210361276071373,10.078032158559585,327.450122970763,0.06338386565699194,-0.0039756891595286075,10.196897362322025,329.09168913949674,0.04523964564181793,-1.641566168733732,power_law
ew4oecfi,deliberation_time,64,True,0.958904109589041,-0.10015348713051785,11.013805057250673,311.0911348662041,0.048268262468766254,-0.004484095982739785,11.04230013099915,311.4218706364545,0.054141542306683776,-0.3307357702504419,power_law
eyn3wygc,deliberation_time,43,False,0.9041095890410958,-0.13807103442825544,11.15889208163186,211.4523541519576,0.0560519160288222,-0.0043054285480911905,11.158816824681592,211.45177415535042,0.049305114030647856,0.0005799966071720064,exponential
f0wpo2hr,deliberation_time,58,True,0.958904109589041,-0.07441206381171028,10.169988684038398,273.0551672959941,0.02472581929155293,-0.0032820466390699105,10.127923901069025,272.57437679210517,0.033199928726172945,0.4807905038889544,exponential
f1ejz9fy,deliberation_time,66,False,0.863013698630137,-0.12803074829196953,10.112216613205304,309.4142421320198,0.06366414202510173,-0.004500375409430866,10.315668645362711,312.04364365006495,0.043103984357626635,-2.6294015180451424,power_law
f5ktzt2t,deliberation_time,68,True,0.9722222222222222,-0.17235934793768964,7.641312868977968,280.56544246703027,0.12690917394871148,-0.006019539950104138,7.852370563951037,284.27090376708844,0.08612936819962247,-3.7054613000581753,power_law
f5ohsl5h,deliberation_time,30,False,0.7948717948717948,-0.6277909293080421,15.51064325310582,168.4915869863058,0.2962497895149837,-0.0532136938569773,11.301018209960105,149.4935697241007,0.5896413246177206,18.99801726220511,exponential
fgxp8fzz,deliberation_time,56,False,0.8333333333333334,-0.01246449540128556,11.952134854368639,281.8619100681588,0.0005289162376554968,-0.0012033586527111471,11.934250445324606,281.694194931515,0.004049567938296472,0.16771513664377835,exponential
fkx2gd88,deliberation_time,49,True,1.0,-0.06051940906131398,8.99779741779943,219.30402197084157,0.022359871362332084,-0.002319170689990799,9.003062447077012,219.36134955272263,0.01785515444305641,-0.05732758188105436,power_law
fl73adm5,deliberation_time,41,True,0.9795918367346939,-0.10130863857790619,7.518024291804197,169.41887685571658,0.03726816365977448,0.00021216975508343852,7.812463296813041,172.56906599757139,5.4237743145502115e-05,-3.15018914185481,power_law
g3vslpjv,deliberation_time,62,False,0.8767123287671232,-0.10920543309754943,8.633371080984999,271.2987464904934,0.0693245149289552,-0.00545785909844532,8.381826192311268,267.6321608693453,0.11215393401015772,3.6665856211481014,exponential
g7svteiz,deliberation_time,67,True,0.9726027397260274,-0.1830017278734262,7.6378832364910485,276.43814720137436,0.2128084546582032,-0.0073197390962749485,7.7745437230131555,278.8145393408342,0.21608444136432758,-2.376392139459824,power_law
hkj9daz7,deliberation_time,43,True,1.0,0.016015147639215355,10.531174985930424,206.47323178954233,0.001536990685269024,0.002200847095293289,10.47110238542086,205.981260596006,0.016135414918103552,0.49197119353632957,exponential
hpl7jugr,deliberation_time,64,True,1.0,-0.12340357727972766,5.996055619563924,233.26103760751658,0.07985851188736903,-0.005671805532438089,6.014077762138529,233.64518587759753,0.07520104230808222,-0.3841482700809422,power_law
hsm45iwx,deliberation_time,51,False,0.9178082191780822,-0.02926053216655363,10.831764208025033,247.01326067975825,0.004025266823423301,-0.003828658043490673,10.559402251991996,244.4157005186016,0.044144943759623634,2.5975601611566503,exponential
icf7bchs,deliberation_time,44,False,0.5423728813559322,-0.4107181596807296,13.406096156418695,232.42243956844874,0.1592499405940654,-0.022372731689531675,12.490804093294676,226.19935769081573,0.3406008741493043,6.223081877633007,exponential
idma9086,deliberation_time,64,False,0.8055555555555556,-0.021249269465392295,11.594004468463071,317.6624778661314,0.001781677332186149,0.0016916972596742273,11.637398020052904,318.1406565784131,0.006216220878889955,-0.4781787122817036,power_law
ikfbpugl,deliberation_time,45,False,0.5370370370370371,-0.2761314291960802,6.661416922654899,174.6698991766029,0.2840613135708764,-0.012511898921889019,6.730813741439058,175.60264440045722,0.27399699030852387,-0.9327452238543117,power_law
ism64anu,deliberation_time,52,False,0.9041095890410958,-0.18443744750805785,10.305336410130806,246.59683335056783,0.16190974275248893,-0.008196541732344693,10.162200320915568,245.1421985151226,0.17995231796841094,1.4546348354452334,exponential
j2dvablb,deliberation_time,72,True,0.958904109589041,-0.14575654117431708,6.783430031343607,279.68553448294995,0.10712508541009957,-0.005977973520814774,6.755431588860504,279.0899480033512,0.11133242671639987,0.5955864795987509,exponential
jayyv6lz,deliberation_time,45,False,0.6901408450704225,-0.5297049655750499,9.986934659432281,211.1149934209743,0.4092548629508822,-0.019286920710524406,8.443490945245069,196.0056257976337,0.4266565380500812,15.109367623340574,exponential
jeq3oy2g,deliberation_time,39,False,0.3559322033898305,-0.3459592960511294,7.713156453742633,163.3483450910716,0.16980426576006946,-0.011518550768146885,8.322330875461946,169.27750477406144,0.11411255568447254,-5.929159682989848,power_law
jqeesfz7,deliberation_time,58,False,0.9452054794520548,-0.10916743365710754,11.48562962174049,287.16721207986905,0.04957055027737267,-0.003521023769262547,11.606757387524887,288.3841455818982,0.027442595348010745,-1.2169335020291783,power_law
jx6lhkbi,deliberation_time,53,False,0.821917808219178,-0.2101279233743477,8.603929068548792,232.13521054045262,0.1791110540914631,-0.00765072508552034,8.210354863589282,227.17199146183026,0.22613391273290273,4.963219078622359,exponential
k8txaw58,deliberation_time,67,False,0.9041095890410958,-0.17051981830879026,10.50061186801166,319.09209283369063,0.10910120286822034,-0.0075839808995060405,10.472162811557425,318.72855715838966,0.12170867357171145,0.363535675300966,exponential
kavvl57w,deliberation_time,47,True,0.9636363636363636,-0.042004645164462985,9.43237091450455,214.94986383242264,0.00872360893520785,-0.0011598951918348184,9.462945244588983,215.2540650971152,0.0037063497939303636,-0.3042012646925514,power_law
kck1uue7,deliberation_time,53,False,0.9041095890410958,-0.17095729132688228,9.95205516840303,247.56458241961354,0.13302659493381186,-0.005781687599435936,10.022758822367484,248.31498926935504,0.11876241042389446,-0.7504068497414949,power_law
kmwiem6m,deliberation_time,64,True,0.9726027397260274,-0.22411248807331738,9.184147846803471,287.83730403192396,0.15921760687950093,-0.00996631469148428,8.914312999037378,284.0202479494187,0.20509258312752365,3.817056082505246,exponential
kwy2bqjo,deliberation_time,66,False,0.8767123287671232,-0.07238508555192533,8.661496212851896,288.9731474256665,0.02134255986411393,-0.00592447494880484,8.404153724280082,284.99184184912906,0.07790187421618977,3.9813055765374656,exponential
l0nln4b2,deliberation_time,65,False,0.8767123287671232,-0.0681426455806437,10.044685349399609,303.9156775777118,0.02594510884298562,-0.003600648023570796,9.970486532374958,302.9518197145335,0.039134532885487294,0.9638578631783048,exponential
l5sagbsh,deliberation_time,67,True,0.9863013698630136,0.025796706095198695,8.883583973322578,296.6834802079396,0.0028483203965470327,0.0004237241838071684,8.902514738566921,296.96872809076643,0.00042305623996441444,-0.285247882826809,power_law
l9krayds,deliberation_time,55,False,0.24193548387096775,-0.3346410600581333,10.536151021660148,263.02935280296845,0.10906070772660126,-0.01158884234791147,10.430642189844482,261.922262238399,0.08080300433164178,1.1070905645694324,exponential
ldo5smvx,deliberation_time,49,False,0.7931034482758621,-0.46026829186578233,11.19888400872478,240.74978486331366,0.13772803905767883,-0.01698667856291595,11.634250667254921,244.48743235232217,0.12907723858110687,-3.737647489008509,power_law
ler5uq42,deliberation_time,54,False,0.6825396825396826,-0.03180388358655984,7.076574674949072,215.33331866748674,0.00409124283982798,-0.00203412730792341,7.098127333785369,215.66174729289293,0.00911095322193023,-0.32842862540618967,power_law
ljwskxcq,deliberation_time,71,False,0.9315068493150684,-0.11610083704316272,7.352116040374607,287.28831991848904,0.0430749822067219,-0.006236980336423231,7.268351140391309,285.66118368554623,0.07200090961117112,1.627136232942803,exponential
lmtka1ev,deliberation_time,64,True,1.0,0.013274701163384639,3.5578261388584216,166.45116456937396,0.0020877856599350597,-0.0009015942502354907,3.5524599095373754,166.25795786043648,0.004293131119632476,0.19320670893748115,exponential
m63pxnwq,deliberation_time,66,False,0.835820895522388,0.020415766413833653,10.579823680061821,315.3812364375724,0.001012316692704962,0.0027066433640358678,10.52435264664273,314.68732702739186,0.010331651615086423,0.6939094101805381,exponential
mhskzwic,deliberation_time,65,True,0.9722222222222222,-0.09412747498976695,10.251552632691512,306.5657921615133,0.036822137952968625,-0.003358026856008716,10.381423301754742,308.20233843574334,0.025411129130439858,-1.6365462742300565,power_law
mlvcv31l,deliberation_time,73,False,0.8356164383561644,-0.09749253532259937,8.847024885249118,322.2918597761299,0.04493591290376686,-0.0008541792049797487,9.129235152066851,326.87636003518054,0.001956254507950894,-4.584500259050628,power_law
mpzcivx9,deliberation_time,62,False,0.9178082191780822,-0.07681613544429282,11.586252559944377,307.7775896231753,0.02394351870194833,-0.0037337547698231676,11.556220224191986,307.45575610447344,0.030414068891362445,0.32183351870185106,exponential
mr7lkk46,deliberation_time,57,False,0.7083333333333334,0.03719228767136664,10.265626919225136,269.48332791727995,0.00500547789255168,-3.9553954474292875e-05,10.30246682293031,269.8917034883104,4.001452495794311e-06,-0.4083755710304331,power_law
mrwlcmno,deliberation_time,66,False,0.9444444444444444,-0.04029406281323194,9.483435259017098,300.94015380326937,0.008509951552850836,-0.0019551739920276724,9.462840006040311,300.65317660846995,0.011219127842540755,0.2869771947994195,exponential
mrypomny,deliberation_time,42,True,1.0,-0.1463452763749883,12.103941753016917,213.4566177982629,0.11455361726775448,-0.005640437743453795,11.941480858153597,212.32152252057858,0.11692706961057342,1.1350952776843144,exponential
mzi8f2hv,deliberation_time,70,False,0.863013698630137,-0.15135473438208605,7.696624721048985,289.70946387779446,0.09517586561128721,-0.005193961179379813,7.793910006396306,291.4679724456982,0.06194660947838393,-1.758508567903732,power_law
n2et79bd,deliberation_time,36,False,0.7708333333333334,-1.0069774641559932,25.72462768836393,237.81631423790918,0.26864753157648835,-0.057963393489958534,16.430886746874044,205.53972892933479,0.49320658213611357,32.2765853085744,exponential
nfbzvhip,deliberation_time,48,False,0.873015873015873,-0.7225969659785954,12.785206347899083,248.63571985181432,0.2568306229608557,-0.029950133932423594,11.31187014363659,236.88185243827786,0.3568159936598819,11.753867413536454,exponential
nhds6zsd,deliberation_time,50,False,0.9295774647887324,-0.19109232058852962,10.515598492315162,239.28597254916414,0.13380706098985262,-0.0049957150360002735,11.03446040720869,244.1023140208534,0.06393955830807552,-4.81634147168927,power_law
ni5df01j,deliberation_time,67,False,0.7571428571428571,-0.04660669533892628,10.679782779391923,321.3592342384728,0.008887177695727,0.001005503693656236,10.733965083654693,322.03734479734896,0.0022216216571878666,-0.678110558876142,power_law
nldu5ge3,deliberation_time,65,False,0.8888888888888888,0.0053344899158536165,8.314649080070234,279.3424581070296,0.00013873500502947778,0.0013866797042748034,8.29320860836379,279.00680218769537,0.005091847389911752,0.335655919334215,exponential
npr5bsi2,deliberation_time,61,False,0.8028169014084507,-0.021889734423909332,8.118138074210007,259.48030085427456,0.0014356896232714522,-0.0006499307282898642,8.114666664778095,259.42812109064664,0.0007769128859206331,0.052179763627918874,exponential
nqubyvew,deliberation_time,42,False,0.7962962962962963,-0.5662329254056974,18.02592307368339,246.91211497882435,0.20381901939621583,-0.04261743596354986,16.221567645142212,238.05270220495152,0.4553499605296305,8.859412773872833,exponential
nrfiw9bx,deliberation_time,59,False,0.9178082191780822,-0.1520173552053872,7.331168286943525,239.0719167251861,0.15433772630922615,-0.005131544847511236,7.568228302314257,242.82716177472028,0.11237114501995538,-3.7552450495341816,power_law
nx0vccp8,deliberation_time,49,False,0.8356164383561644,-0.0829736369293804,11.778623307187637,245.69605783433255,0.031183216354891075,-0.003233289439577554,11.796885140447149,245.84788149670254,0.02806434396539248,-0.151823662369992,power_law
nze0azo1,deliberation_time,68,False,0.8356164383561644,-0.09504999953190937,11.280336189938671,333.5363027589766,0.03275348793746524,-0.005684913607170803,11.081070353836592,331.1124059419948,0.06685633974763205,2.4238968169818236,exponential
o2ho0580,deliberation_time,66,False,0.136986301369863,0.04533847250900673,12.372103292911495,336.03863489023377,0.002349220957745146,0.005356735413594111,12.399408216477898,336.329634603281,0.024607520212075462,-0.29099971304725614,power_law
o4kkkuj9,deliberation_time,56,False,0.8767123287671232,-0.08668229886317264,8.353885714721816,241.7453999956207,0.08474232010092009,-0.0038119347862254956,8.283402869227297,240.79643215363748,0.0880384391091521,0.9489678419832046,exponential
o5qropwk,deliberation_time,60,False,0.7361111111111112,-0.06453422809232223,9.409402578989285,273.0051356434576,0.021441382951929877,-0.003357908861015745,9.350643611426895,272.25342116539264,0.03700408626129559,0.7517144780649687,exponential
ol9lky1i,deliberation_time,41,False,0.8,-0.06817820069558211,8.58713411846521,180.3217341285797,0.013098508990187496,-0.002404510858359401,8.67758184592613,181.18091785576553,0.004476640390930653,-0.8591837271858367,power_law
om1m73rv,deliberation_time,70,False,0.8082191780821918,-0.04960795347058402,9.762470257790353,322.9963656017587,0.008567665537016378,-0.0034674850667278045,9.69606166703728,322.0407705098341,0.02450973349082275,0.9555950919246357,exponential
onnumbyy,deliberation_time,47,False,0.7368421052631579,-0.19050608515887646,12.390910549341818,240.59453925895872,0.10459560881563001,-0.006157132785681243,12.689148651836751,242.83023598803337,0.06646325811128662,-2.235696729074647,power_law
ovhoesyy,deliberation_time,64,False,0.9178082191780822,-0.12417688236709377,10.76259143620951,308.1377747882001,0.09020033272365058,-0.007143676341852496,10.352933747305794,303.17055147416283,0.15940241226291485,4.9672233140372555,exponential
oxvw1rhx,deliberation_time,63,False,0.6986301369863014,-0.1790050510476095,10.941002931815792,305.45720102603525,0.10348813726476613,-0.008151932011776991,10.709958560648763,302.7679259191944,0.14298653608451528,2.689275106840853,exponential
p445h6ow,deliberation_time,30,False,0.6944444444444444,-0.09789452329084525,10.37956772182575,144.39035389446295,0.035604179109891776,-0.0035313136766353913,10.569473749761016,145.4782006892031,0.008354081707520167,-1.0878467947401589,power_law
pad0sufd,deliberation_time,59,False,0.8904109589041096,-0.09795924440676684,9.515818564661016,269.8487520578461,0.03529912257940626,-0.0031894231978938196,9.626921754900428,271.2184957246993,0.02021064047724952,-1.3697436668531964,power_law
pcrxo3zp,deliberation_time,50,False,0.7868852459016393,0.072483491923558,7.229378393276964,201.81530564409073,0.02580966550406738,0.0035492302199956784,7.155189539668327,200.7837903177229,0.03995315517589415,1.0315153263678383,exponential
phbjwkyw,deliberation_time,59,False,0.6712328767123288,-0.08804345969621173,10.689989493134867,283.578313575811,0.02509516325374328,-0.004732184016126871,10.586497446725694,282.43036487314345,0.04441307459249577,1.147948702667577,exponential
plfupad7,deliberation_time,51,False,0.9315068493150684,-0.14643144490824947,11.687820927224982,254.771830031675,0.08303096347659067,-0.004153931160168207,11.881872756466777,256.45142197628184,0.05604795974130328,-1.679591944606841,power_law
pz38obzd,deliberation_time,60,True,1.0,-0.057412315759864704,9.372798280211255,272.5374032996883,0.013848577750410707,-0.004031771851178193,9.251914945680278,270.9796661503644,0.045053488511497375,1.5577371493239411,exponential
q04yitea,deliberation_time,68,False,0.8194444444444444,-0.07875510033018798,12.487154679990146,347.3592666860049,0.019707405470635098,-0.0016753724143435894,12.668082914848577,349.31565164701374,0.005331003626958264,-1.9563849610088369,power_law
qazkn1sw,deliberation_time,63,False,0.375,-0.03123593289273225,11.331433485913353,309.87515412581126,0.0006727424922635672,0.0083490463163824,11.243143427620382,308.8895671879695,0.029111490461543044,0.9855869378417879,exponential
qfiy90jx,deliberation_time,60,False,0.8356164383561644,-0.15959368594661327,10.780518786339718,289.3288827058303,0.11225191014125113,-0.005239446402986908,10.957557990563052,291.2835334736535,0.08342759533096311,-1.954650767823182,power_law
qfsp3ery,deliberation_time,57,False,0.7352941176470589,-0.156071143445893,9.77916349016327,263.94895003614175,0.13818730674623703,-0.006557736681208169,9.99699891878677,266.4604831407646,0.12554988487118113,-2.511533104622856,power_law
qkiu92kk,deliberation_time,42,False,0.9215686274509803,-0.1401245971404369,9.105786207188903,189.54844490573626,0.06665125089338386,-0.006052536025083506,9.027513506041332,188.82326550252878,0.0712142838149511,0.725179403207477,exponential
qothvfhf,deliberation_time,60,False,0.8428571428571429,-0.05685564581001967,8.758567690826126,264.4038863159613,0.019624503327279164,-0.0018329438247569486,8.775933568241975,264.641578388345,0.012917864190238104,-0.23769207238370882,power_law
qu0lm98m,deliberation_time,69,False,0.8493150684931506,-0.1605075107985732,9.914783219947541,320.5757119081008,0.10548288314808918,-0.004322509616461221,10.340622729051972,326.3790527668798,0.04273838822801401,-5.803340858778995,power_law
qv0yh587,deliberation_time,63,False,0.391304347826087,-0.3540087981880118,14.378325537233104,339.88095960772466,0.14382383438697333,-0.023392564783527046,12.734364184949198,324.58232675569667,0.3701865115288766,15.298632852027993,exponential
r24jdhzg,deliberation_time,63,False,0.8356164383561644,-0.14600048609781527,10.030452393258582,294.5088388262837,0.08701660226599106,-0.005357384450936859,9.963128180774916,293.6602781792188,0.10411551615632308,0.8485606470649145,exponential
r2ck84r8,deliberation_time,56,False,0.9178082191780822,-0.17573472501118229,10.754177840811513,270.0329633280126,0.08147202808255949,-0.006282379718146958,10.649547829015695,268.93795259508374,0.08376276234642843,1.0950107329288699,exponential
r99uy0qb,deliberation_time,53,False,0.5352112676056338,-0.10597520437678759,13.794473907313217,282.172415469397,0.02341133839702514,-0.004579420300032028,13.614091278954174,280.777170257645,0.030056133719441713,1.3952452117519556,exponential
rhbgnqhz,deliberation_time,67,False,0.9285714285714286,-0.10711811759614713,8.431509159950851,289.68475432219793,0.0532756517366515,-0.005548138638899832,8.323142790152225,287.9513496429544,0.0795716040614195,1.733404679243506,exponential
rjanlii9,deliberation_time,45,False,0.7123287671232876,-0.17831362461472336,11.15754840013398,221.09046298718798,0.1495998239274292,-0.007273972261130907,10.756613144972512,217.79686675361435,0.16866427491097535,3.2935962335736235,exponential
s03ed531,deliberation_time,66,False,0.7464788732394366,-0.09097920429391286,9.910969590339008,306.760768175289,0.015556753738505402,-0.0033455151919129073,9.868804206980673,306.19798731729355,0.014218257836014603,0.562780857995449,exponential
sesf1qnx,deliberation_time,33,False,0.851063829787234,-0.24771097507721504,12.397037521782371,170.15219727923628,0.1050558931634874,-0.019833355382710482,11.39491731323236,164.5890488133879,0.17147076367083158,5.563148465848371,exponential
ske58akk,deliberation_time,51,False,0.9041095890410958,-0.02106379029943045,10.050167334617402,239.37410702687015,0.0029224619946291996,-0.002400144604092984,9.96696979544275,238.52621376349865,0.020761201081638148,0.8478932633715033,exponential
sn10zd6g,deliberation_time,62,False,0.9041095890410958,0.07379375133425067,10.968756150874178,300.98630929725056,0.03336936138400548,0.001897537680993774,11.040093217241518,301.79015206609847,0.011877559728819431,-0.8038427688479146,power_law
so5k1adg,deliberation_time,34,False,0.9090909090909091,-0.10659793760286874,10.638777394581039,164.78637881350915,0.044186538805487174,-0.002989914631297463,10.940286273176742,166.6867335668172,0.012109662801290222,-1.9003547533080507,power_law
sp00glmz,deliberation_time,59,False,0.7397260273972602,-0.09087066309788416,10.553583854854717,282.06292948597337,0.03873146462236032,-0.004867740270807293,10.43172109933503,280.692449826624,0.07127636102840529,1.370479659349371,exponential
stbyxpx6,deliberation_time,53,False,0.7678571428571429,-0.1801518234214597,8.187309960139753,226.87405130996962,0.10688600564586104,-0.007592498806705897,8.271448622821818,227.95782392778102,0.09722332274681589,-1.0837726178114053,power_law
szbhlpfr,deliberation_time,46,False,0.6964285714285714,-0.26020026291607,13.46397816966797,243.20164086617152,0.08219190703733237,-0.019230758090037804,12.923980890396852,239.43578037996843,0.17489713232671733,3.7658604862030813,exponential
t2eyvuxq,deliberation_time,65,False,0.8767123287671232,-0.053100979861537015,10.938110121773562,314.9928942497127,0.009866347437620715,-0.003300417768594025,10.891116615463867,314.43317078068037,0.028319509908211304,0.5597234690323489,exponential
t3l0if03,deliberation_time,70,False,0.7123287671232876,-0.16973212131834403,7.952116640084219,294.28133921714726,0.08129512120539206,-0.006925355562031473,7.868885724734614,292.8083054133265,0.094888503418748,1.4730338038207833,exponential
tc5wgx8h,deliberation_time,52,False,0.9154929577464789,-0.11385619621785098,10.175217748703062,245.27533367221557,0.06672112821823684,-0.0022090414310899763,10.519720898542946,248.7381743456903,0.017766398361521718,-3.4628406734747443,power_law
v6jvgdvg,deliberation_time,47,False,0.5972222222222222,-0.16439526566185497,9.964207816940613,220.10594867232444,0.17737838130936823,-0.007854427650458991,9.321754631097075,213.84098235499926,0.26567918992943873,6.2649663173251895,exponential
vbwguazj,deliberation_time,48,True,0.9710144927536232,-0.0889854085125352,11.269932504327592,236.52528055028614,0.02613432499073398,-0.004545728646558734,11.148077290219247,235.4816360989602,0.04954224385737449,1.043644451325946,exponential
vpxztp7b,deliberation_time,58,False,0.927536231884058,-0.04844392539752621,11.00762350081502,282.23621708069555,0.007656671583665675,-0.001935146483444869,11.010541000899506,282.2669580638283,0.008093311297807326,-0.03074098313277318,power_law
vr20hyge,deliberation_time,51,False,0.5147058823529411,-0.08208207010872388,10.551137542300815,244.33583515847496,0.03655371627710058,-0.005577564626789963,10.166683273612989,240.5498348982333,0.08658846968849021,3.78600026024165,exponential
wcau806y,deliberation_time,55,False,0.6142857142857143,0.010292914428180007,8.985344123057859,245.5154301153335,0.0005792922046923277,0.0005071762788352676,8.984582576543243,245.50610674768063,0.0009924565201224755,0.009323367652854131,exponential
xklnx39q,deliberation_time,64,False,0.7464788732394366,-0.19311603403110592,10.07320651582956,299.66452206967426,0.14211526006459196,-0.008287350876563614,9.890944078156435,297.3273086631457,0.17011046238873406,2.3372134065285763,exponential
y32zaw9c,deliberation_time,53,False,0.9027777777777778,-0.08619323509306163,10.515842687363829,253.40559242388406,0.032493656114557345,-0.002074538565641626,10.69429077274749,255.18926280125157,0.014349848640574758,-1.783670377367514,power_law
ya0wv6pm,deliberation_time,67,False,0.863013698630137,-0.1584574365991235,8.578402758530743,291.9991968237662,0.13497211634006645,-0.0066637648538350495,8.500513751694031,290.77696480810135,0.1401383071403951,1.222232015664872,exponential
yebzokh4,deliberation_time,52,False,0.8333333333333334,-0.1188888494812762,12.045821958629745,262.8266589364132,0.07355214259128906,-0.005892999999622493,11.819275476727691,260.852098226268,0.10569224438767955,1.9745607101451697,exponential
yfyhejim,deliberation_time,56,False,0.863013698630137,-0.23436726858363305,9.89668256190122,260.7263558973454,0.1795628895336806,-0.007385972804795407,10.555533436940184,267.9448245072076,0.11163735681851716,-7.218468609862214,power_law
ym49wqbn,deliberation_time,53,False,0.9166666666666666,-0.14184347222750385,11.276748474813257,260.8107525661499,0.06017398261629281,-0.0028731930924750255,11.618646606955094,263.9767950056649,0.02186014681513182,-3.1660424395149676,power_law
z3die4q3,deliberation_time,70,True,1.0,-0.14232630417021339,8.343686933386179,301.01072758370725,0.10120478879222294,-0.004930210808717598,8.488406534941825,303.41818135905044,0.06517222655257005,-2.4074537753431855,power_law
z8b26ynw,deliberation_time,67,False,0.9178082191780822,-0.158615493921651,11.095836912256614,326.4803779924771,0.08277934139458232,-0.0064702216513538476,11.173789135352811,327.4184844999747,0.07715041479089557,-0.9381065074975936,power_law
zelqv7az,deliberation_time,68,False,0.9178082191780822,-0.0033092909390174396,8.529129796701866,295.5142781720283,5.127948269156857e-05,1.062508612688362e-05,8.528033932663162,295.4968031085495,3.0540857054450754e-07,0.017475063478798347,exponential
zfeorjum,deliberation_time,68,False,0.6986301369863014,-0.12521055762660818,7.162881933480149,271.77208703447747,0.08120884553065166,-0.0045291893304408234,7.259305908782243,273.5906538404861,0.06270707579620816,-1.8185668060086186,power_law
zj5uemkt,deliberation_time,40,False,0.8676470588235294,-0.0704402849226467,13.286350935617431,210.93898102680038,0.0193153884893017,-0.002700468755976189,13.297309737727051,211.00493915267361,0.015114966207168345,-0.06595812587323735,power_law
zvbewhqx,deliberation_time,67,False,0.7808219178082192,-0.08027132439366429,10.417898630360439,318.0323967707883,0.02640924444048154,-0.0019366671143974295,10.526436707301055,319.4212431842354,0.008933566780895852,-1.3888464134470837,power_law
