subject,cells_per_stroke,n_strokes,accuracy,size
02333qfj,3.4712656255874883,17.29230769230769,0.7692307692307693,6.545556631402785
0fy66fv2,1.0,26.325,0.05,4.304007936507936
0hrc9vve,10.54636147078641,11.73076923076923,0.2307692307692307,8.966036268695843
0ra11hiv,1.7583204656190208,37.775510204081634,0.6530612244897959,5.031335621089126
0yfthc4y,2.2443624536163678,27.788732394366196,0.7323943661971831,5.484669754045875
154uk6vm,5.314314709592976,24.660714285714285,0.4464285714285714,7.776229725787997
189iqcds,4.626238228928974,15.132352941176471,0.8970588235294118,5.776341378182597
1qt2f29y,1.5466164600374097,37.10958904109589,0.726027397260274,5.885187617539609
1r6yodve,1.0,67.01470588235294,0.5294117647058824,5.497625220713024
23iyreiv,3.97549525732547,17.977272727272727,0.6136363636363636,5.25268972722087
27d8totr,3.2103995265810292,19.816901408450704,0.9859154929577464,5.9766687017453375
2anyuqd8,1.0,45.79545454545455,0.9772727272727272,5.144020754943215
2d8q4qkc,6.015598254681576,11.734375,1.0,7.55313555643205
2j8p9vyz,4.755861961961197,14.0,0.9166666666666666,4.866499460253081
2tkm21z6,1.0012682119803498,40.78082191780822,0.8356164383561644,6.924990442546318
2w766g1z,3.6529992814568013,17.416666666666668,0.7916666666666666,6.0243814522291155
3cc6zm51,1.468005703290781,34.73972602739726,0.821917808219178,4.602743033793326
3d2as981,3.6774129404544937,23.415384615384614,0.6461538461538462,5.257104063365053
3irnkhq8,5.87879383445722,14.577464788732394,0.8873239436619719,6.597870560043284
41kp06jx,3.630211222875274,17.102941176470587,0.8235294117647058,5.556557256514944
44o5xnxe,2.91031830472227,17.835616438356166,0.9863013698630136,5.801627360985569
4j6cy1mk,2.5596470352530614,24.84931506849315,0.8767123287671232,6.496469686252029
4s3cm7d8,1.7738807519892645,25.753424657534246,0.5616438356164384,5.3505585014239925
4s9g1cze,5.719903482466756,10.478260869565217,0.8405797101449275,7.980967671462129
4wx63ymf,4.3137508437866545,14.575342465753424,0.9726027397260274,5.957144364667502
50nsp39w,4.28492946857498,18.804347826086957,0.6739130434782609,6.093690141082213
5hz183aa,4.395620034968158,36.78181818181818,0.109090909090909,7.205670781607682
5nrjvc7q,2.562944695112584,27.027397260273972,0.8082191780821918,5.016545222412404
61zahdh9,4.154388421657952,18.408450704225352,0.9154929577464788,6.245450436529773
648anokh,4.0731725060114625,15.32876712328767,1.0,6.969000447200384
6e5gb0yb,3.9317959035116825,16.136986301369863,0.9863013698630136,6.576003875329016
6eyovdd2,2.7490978116409757,22.123287671232877,0.821917808219178,5.3977143052732375
72p6pxny,3.200660878347657,25.726027397260275,0.821917808219178,5.327118893845435
74l1qvc1,2.6071539810336777,23.90909090909091,0.5681818181818182,4.885877228864897
7agy8y3l,2.4359349754852513,26.54794520547945,0.6986301369863014,5.519405202957923
89u58v07,4.288342550838085,17.36986301369863,0.7534246575342466,5.996871806386278
8aknstxj,3.544981640317863,18.841269841269842,0.8412698412698413,5.665704433799965
8bgj1tsd,2.6957415336651347,20.854545454545455,0.8363636363636363,5.63296794871575
8d21w3yr,2.5227196592146326,30.666666666666668,0.7101449275362319,5.409044588459174
8jwr3j6t,3.383722568281392,15.348484848484848,0.8333333333333334,6.12497773373631
8oohxrrz,4.482127308383713,15.191780821917808,0.8904109589041096,5.957972637481624
8psac9uo,1.9344834268257773,30.17808219178082,0.9178082191780822,5.274532554322566
8y2nd2sh,4.689392163251316,14.917808219178083,0.9863013698630136,5.092849811646541
8yhijukj,4.528877330626192,14.36111111111111,0.5694444444444444,6.561605286972611
904h81sn,3.564647042269303,18.82191780821918,1.0,6.52672545203876
9evwb372,4.881532501453852,12.357142857142858,0.8857142857142857,6.337782070870307
9ohxtpht,2.8870317521322,21.0,0.863013698630137,5.402535407924862
9pjr0waw,3.9310013033962616,12.857142857142858,0.7619047619047619,5.233941731066657
a0w1xgxf,3.853056942456986,18.25,0.5882352941176471,5.973224794350614
a589fsqz,3.575819743557439,18.583333333333332,0.9305555555555556,6.666332326091724
a6jpzpek,3.4088747514533915,11.36986301369863,0.3424657534246575,5.609645791564965
a9gvtd1o,3.7640061991442755,20.77777777777778,0.9027777777777778,5.579770278349128
aqmjput5,3.2497140279993304,33.96923076923077,0.7076923076923077,4.765322481448885
ascil7wf,3.5607743725433085,19.589041095890412,0.9452054794520548,5.374809530776919
aypxap78,4.316225916572355,17.904109589041095,0.9726027397260274,6.446678533485807
b73rrttr,1.0752518335696601,17.625,0.1111111111111111,4.677993579586716
bcyhma9y,1.140518500173825,33.51111111111111,0.4888888888888889,4.695284702526082
bmlngyh3,4.156340101861101,30.931506849315067,0.7397260273972602,6.684292379105158
bw2cwy0m,2.284684524745883,23.055555555555557,0.875,5.74414512915427
bx44xwzb,1.9490072396235942,26.84931506849315,0.958904109589041,7.207867059362911
byx9jkxm,4.896802330686795,14.10958904109589,0.9726027397260274,6.4262908369274205
c2lwacqc,3.06294615582485,21.348484848484848,0.8333333333333334,5.456496318703875
c7ac53of,4.019130021213354,14.041666666666666,0.0,5.3466820024111685
c7z6erey,3.9763791633744767,17.863013698630137,0.9315068493150684,5.5557774884064415
c9sps7bl,5.503711241892245,10.808219178082192,1.0,5.887513538258278
cdo2cmtp,1.519095422968557,38.89795918367347,0.8979591836734694,5.866911036808996
ce9qdbyh,3.9242375442687543,15.326530612244898,0.7959183673469388,7.20665494369576
cfclud8z,4.175493761614191,16.40277777777778,0.8888888888888888,5.7009084336165445
cghxa2ie,4.114404977667147,16.534246575342465,0.9041095890410958,5.172597518868056
clhkwrie,2.4612819379884057,27.055555555555557,0.625,5.772948065633404
clucow7d,4.855259948876749,16.73972602739726,0.8767123287671232,5.98211583680334
cp3b83py,4.442012261082266,13.712328767123287,0.9726027397260274,6.613590606941954
cuybsfwr,3.9157572191087473,21.448275862068964,0.6551724137931034,6.440148796153207
cw4tyx7n,2.6910622581464385,12.53125,0.3125,4.54187748015873
d1vjrjhc,4.173653016111459,16.369230769230768,0.8769230769230769,6.539789911575476
d33m799j,8.62438122141512,7.135593220338983,0.135593220338983,10.049530314931935
dmft9d3y,2.6783894830458377,19.986301369863014,0.863013698630137,4.613059622961237
e0biso3r,4.409966146688066,16.671232876712327,0.9452054794520548,6.738392508790389
e2w81k0i,4.699000761199569,14.123287671232877,0.863013698630137,6.438100074258346
ei0ij8ms,4.377889827087887,17.397260273972602,0.958904109589041,5.845022249462973
emwp6wq7,3.6943244188583924,19.383561643835616,0.7945205479452054,5.824808856993473
ew4oecfi,4.983405967737864,14.849315068493151,0.958904109589041,6.109983298944217
eyn3wygc,2.032021859925722,28.589041095890412,0.9041095890410958,5.348441066405135
f0wpo2hr,5.136331298957461,17.424657534246574,0.958904109589041,6.4362593698563755
f1ejz9fy,3.9770125151257223,17.835616438356166,0.863013698630137,6.443048550104117
f5ktzt2t,5.0136406616274085,13.333333333333334,0.9722222222222222,6.679826436861571
fgxp8fzz,6.015649117088756,12.090909090909092,0.8333333333333334,5.765152461914471
fkx2gd88,4.854849935849052,12.409090909090908,1.0,5.271257819223955
fl73adm5,6.463266317116562,12.551020408163266,0.979591836734694,7.062165517721597
g3vslpjv,2.959274851373791,19.534246575342465,0.8767123287671232,5.0791364517834685
g7svteiz,1.9985937297740928,29.205479452054796,0.9726027397260274,5.681522884342267
hd5k29qy,3.2909386744381237,22.397260273972602,0.8082191780821918,5.844241897756917
hkj9daz7,4.559048249329445,12.95890410958904,1.0,6.260879536429284
hpl7jugr,6.909872065708463,10.84375,1.0,7.241764615154324
hsm45iwx,3.8807796178168115,17.753424657534246,0.9178082191780822,5.592186431838334
icf7bchs,1.8209030938629807,50.42372881355932,0.559322033898305,4.040912693472169
idma9086,3.5779580518614895,20.166666666666668,0.8055555555555556,5.5425183009422145
ikfbpugl,4.816754715350179,13.333333333333334,0.5370370370370371,7.809801849385183
ism64anu,4.128172149414862,16.931506849315067,0.9041095890410958,6.154196830897248
j2dvablb,4.955509897174405,13.58904109589041,0.958904109589041,6.946287690633107
j2pjmr32,1.7593990839491955,25.475,0.575,4.241866944130362
jayyv6lz,2.7462754135188963,27.591549295774648,0.9295774647887324,5.448214993916444
jeq3oy2g,7.505757017846951,17.45762711864407,0.3559322033898305,10.800988042089738
jqeesfz7,1.0004696673189823,44.42465753424658,0.9452054794520548,5.485294126885691
jx6lhkbi,4.569085996250644,13.219178082191782,0.821917808219178,5.924439898223243
k8txaw58,4.369979370253544,17.36986301369863,0.9041095890410958,6.813757635459149
kavvl57w,4.346447603771792,12.963636363636363,0.9636363636363636,5.661535029298187
kck1uue7,4.5332651043998515,15.205479452054794,0.9041095890410958,4.663248089971584
kkeej6x5,2.4566930933953817,20.410958904109588,0.9863013698630136,5.114312375881018
kmwiem6m,5.774737398521136,12.41095890410959,0.9726027397260274,8.542518918035809
kwy2bqjo,3.88515374022167,21.575342465753426,0.8904109589041096,5.900280982598752
l0nln4b2,2.4529801665468156,23.794520547945204,0.8767123287671232,5.303511128781497
l5sagbsh,4.080818043433157,16.15068493150685,0.9863013698630136,6.82210540630374
l9krayds,4.876841966912012,29.370967741935484,0.2580645161290322,6.396078405110959
ldo5smvx,4.321980976960995,12.60344827586207,0.8103448275862069,5.794437757720693
ler5uq42,1.0,34.25396825396825,0.6825396825396826,5.328132291227529
ljwskxcq,5.007659724574538,13.205479452054794,0.9315068493150684,6.955308282906993
lmtka1ev,6.318703385263534,11.4375,1.0,7.584884126290376
m63pxnwq,4.208330006628275,14.17910447761194,0.8805970149253731,6.3364332464348685
mhskzwic,2.312124604949051,21.51388888888889,0.9722222222222222,5.209302882151678
mlvcv31l,5.118781330732531,14.383561643835616,0.8356164383561644,6.636474044678636
mpzcivx9,5.0745573802670005,12.698630136986301,0.9178082191780822,6.257211958189938
mr7lkk46,3.418255736488883,19.583333333333332,0.7638888888888888,4.822911698039878
mrwlcmno,1.151815157497813,36.15277777777778,0.9444444444444444,6.989822798812835
mrypomny,1.5937103477291492,26.589041095890412,1.0,5.387345539297663
mzi8f2hv,4.243412886776274,16.465753424657535,0.863013698630137,6.370416395751257
n2et79bd,3.87581222018722,11.645833333333334,0.7708333333333334,5.5727496416895335
nfbzvhip,1.6729740338518178,36.38095238095238,0.873015873015873,4.842248593299485
nhds6zsd,1.808408959725011,31.422535211267604,0.9577464788732394,5.506338218313832
ni5df01j,3.8737773997385587,16.02857142857143,0.7571428571428571,5.835553638659541
nldu5ge3,3.6094610644173404,17.90277777777778,0.8888888888888888,6.505764667928647
npr5bsi2,1.963978341178355,28.112676056338028,0.8028169014084507,4.833148897233238
nqubyvew,2.406550346553206,23.40740740740741,0.7962962962962963,4.210506117003107
nrfiw9bx,4.105240102356896,13.575342465753424,0.9315068493150684,5.125339848102063
nx0vccp8,1.444379310907361,36.16438356164384,0.8356164383561644,5.418821968360896
nze0azo1,3.2571681061504245,21.91780821917808,0.8356164383561644,5.928486031993149
o2ho0580,3.8613965349108947,21.726027397260275,0.1506849315068493,5.722049981400304
o4kkkuj9,2.2004295152430666,31.684931506849313,0.8767123287671232,5.3753815014160935
o5qropwk,3.377191334637887,26.23611111111111,0.7361111111111112,7.68267457272069
ol9lky1i,3.404477568461666,21.42222222222222,0.8,6.183087984447746
om1m73rv,4.022444680976378,21.438356164383563,0.8082191780821918,5.992139838806898
onnumbyy,1.6313288354786197,30.982456140350877,0.7543859649122807,4.924966765117694
ovhoesyy,4.160101969433248,15.205479452054794,0.9178082191780822,5.22989202361226
oxvw1rhx,2.291981692282768,38.397260273972606,0.6986301369863014,6.726209267983948
pad0sufd,3.514052885221001,19.65753424657534,0.8904109589041096,6.671021269212595
pcrxo3zp,5.008326233271175,15.901639344262295,0.7868852459016393,5.5408335058509195
phbjwkyw,4.0243297193026555,20.054794520547944,0.6712328767123288,6.436961689528422
plfupad7,2.8493252226270434,22.15068493150685,0.9315068493150684,5.389245411700525
pz38obzd,2.99796458840744,18.52054794520548,1.0,6.1218202777329065
q04yitea,2.9698156010719843,20.166666666666668,0.8194444444444444,5.869689779437587
qazkn1sw,1.896804321809474,25.305555555555557,0.375,5.530820439405209
qfiy90jx,3.711834806506896,16.835616438356166,0.8356164383561644,5.39057474652448
qfsp3ery,2.5301668924050262,28.220588235294116,0.7352941176470589,5.512162649836691
qkiu92kk,2.396662736824968,21.294117647058822,0.9215686274509804,6.351340870210188
qothvfhf,1.1803645614791127,39.885714285714286,0.8428571428571429,6.379684483908086
qu0lm98m,3.9937593530257054,18.589041095890412,0.8493150684931506,6.520881921530486
qv0yh587,1.0742241420902856,32.26086956521739,0.4202898550724637,4.91282007752596
r24jdhzg,1.952444634934579,26.534246575342465,0.8493150684931506,5.040105564974024
r2ck84r8,2.8601256147864405,18.123287671232877,0.9178082191780822,5.115739539095869
r99uy0qb,3.887697031118472,11.690140845070422,0.5352112676056338,4.6672883751060725
rhbgnqhz,4.912896649527288,15.571428571428571,0.9285714285714286,6.824228816700318
rjanlii9,3.459451150170494,22.328767123287673,0.7123287671232876,5.423597097547191
s03ed531,1.0,44.23943661971831,0.7464788732394366,6.542660408394285
sesf1qnx,3.58202163055888,19.148936170212767,0.851063829787234,5.653003476371828
ske58akk,3.710664993849991,16.80821917808219,0.9041095890410958,5.71104047781226
sn10zd6g,4.104602245436944,16.82191780821918,0.9041095890410958,4.989268251076601
so5k1adg,1.0,49.77272727272727,0.9090909090909092,5.125077489558257
sp00glmz,2.2821041406800897,30.232876712328768,0.7397260273972602,4.844325638820372
stbyxpx6,2.9816997285312907,17.875,0.7678571428571429,6.035263992900717
szbhlpfr,2.965764208262972,21.25,0.7321428571428571,4.920496705726769
t2eyvuxq,4.19425083220854,19.561643835616437,0.8767123287671232,6.263071198631238
t3l0if03,3.7022207340462905,16.54794520547945,0.7123287671232876,5.921929224648967
tc5wgx8h,3.4661235015006326,24.154929577464788,0.9154929577464788,5.479624365724765
uktb326q,1.4368649021389188,31.753623188405797,0.927536231884058,4.935005827967444
v6jvgdvg,2.119864494450257,31.90277777777778,0.5972222222222222,5.388471214108313
vbwguazj,2.860106527058785,19.855072463768117,0.9710144927536232,5.986783453983777
vpxztp7b,2.9357422308463046,18.942028985507246,0.927536231884058,5.281780118362201
vr20hyge,1.4990440964422096,19.426470588235293,0.5147058823529411,4.318420817975956
w12e497z,4.087332651605594,34.486111111111114,0.0138888888888888,5.987665813345572
wcau806y,1.5753527270125551,22.585714285714285,0.6285714285714286,4.776563173416622
x5id5i5q,2.31383030127482,32.38,0.7,4.436923050510516
xasfvnb7,1.3486159817661192,32.63636363636363,0.7727272727272727,5.707091631573946
xeu3j3ki,2.488736888613852,18.630434782608695,0.6521739130434783,4.599788592416354
xklnx39q,4.931748883368274,13.225352112676056,0.7605633802816901,5.87901326755711
y32zaw9c,1.008112225519169,38.75,0.9027777777777778,6.2279323925415255
ya0wv6pm,1.6037191463914884,30.986301369863014,0.8767123287671232,6.0272409131606715
yebzokh4,1.9104710238877745,36.59722222222222,0.8333333333333334,6.347570304890796
yfyhejim,5.237326384646207,14.73972602739726,0.863013698630137,7.10472075062574
ym49wqbn,2.8997671116057733,30.40277777777778,0.9166666666666666,5.374498445606629
z3die4q3,6.231088589260117,12.097222222222221,1.0,7.1149856710115005
z8b26ynw,4.474893428087285,14.191780821917808,0.9178082191780822,6.075179387918806
zelqv7az,3.482949975369082,17.54794520547945,0.9178082191780822,6.2049612091342565
zfeorjum,3.4425700394099845,18.34246575342466,0.6986301369863014,5.41015056400781
zj5uemkt,2.594687579349637,23.823529411764707,0.8676470588235294,6.019953105219761
zvbewhqx,3.3736740282314344,20.465753424657535,0.7808219178082192,6.1260207585474875
