task_id,n_examples,n_test
00d62c1b,5,1
00dbd492,4,1
0a2355a6,4,1
0a938d79,4,1
0b17323b,2,1
0ca9ddb6,3,1
0d3d703e,4,1
0d87d2a6,3,1
0e671a1a,4,1
12eac192,4,1
1a07d186,3,1
1b60fb0c,3,1
1bfc4729,2,1
1c02dbbe,3,1
1c0d0a4b,3,1
1caeab9d,3,1
1e0a9b12,3,1
1e32b0e9,3,1
1f0c79e5,4,1
1f642eb9,3,1
1f876c06,3,1
21f83797,2,1
23581191,2,1
2546ccf6,2,1
2bcee788,4,1
2bee17df,3,1
2c608aff,4,1
2dd70a9a,3,1
32597951,3,1
3aa6fb7a,2,1
3ac3eb23,2,1
3befdf3e,3,1
3eda0437,4,1
4258a5f9,2,1
42a15761,3,1
4b6b68e5,3,1
5168d44c,3,1
55783887,5,1
5c0a986e,3,1
6455b5f5,4,1
69889d6e,4,1
6a1e5592,2,1
6d58a25d,3,1
6ea4a07e,6,2
73251a56,3,1
73c3b0d8,4,1
7447852a,3,1
74dd1130,4,1
7df24a62,4,1
82819916,4,1
834ec97d,3,1
8cb8642d,3,1
90f3ed37,3,1
93b581b8,3,1
96a8c0cd,4,1
9ddd00f0,2,1
9dfd6313,3,1
a1570a43,4,1
a3df8b1e,3,1
baf41dbf,3,1
bcb3040b,3,1
c0f76784,3,1
c444b776,2,1
c8f0f002,3,1
ca8f78db,3,1
ce9e57f2,3,1
d364b489,2,1
d43fd935,3,1
d511f180,3,1
d5d6de2d,3,2
d9f24cd1,2,1
e69241bd,3,1
e8593010,3,1
ecaa0ec1,4,1
fe9372f3,2,1
