subject,early,late,n_early,n_late,outcome
02333qfj,3.938186748108566,3.3258970684398177,33,32,rt
0hrc9vve,2.4175976242368,2.258005417419251,26,26,rt
0ra11hiv,4.178650103576458,3.9690242778583618,25,24,rt
0yfthc4y,3.089245443479689,2.8582967396352976,36,35,rt
154uk6vm,3.308306338209725,3.1522122098624776,28,28,rt
189iqcds,4.299419035341983,3.6136717661602042,34,34,rt
1qt2f29y,3.9458513642977273,3.278224453254707,37,36,rt
1r6yodve,2.293620132323204,3.194494838940206,34,34,rt
23iyreiv,3.2936575566151065,2.9642470396141025,22,22,rt
27d8totr,4.049900325275801,3.758476204361612,36,35,rt
2anyuqd8,3.6870023717353964,3.563556547884187,22,22,rt
2d8q4qkc,2.467031270218164,2.53761532835858,32,32,rt
2j8p9vyz,3.8160011564328724,3.5811610591932865,36,36,rt
2tkm21z6,3.729349926474508,3.5429789405036223,37,36,rt
2w766g1z,3.2487142501652544,3.1339713407339373,36,36,rt
3cc6zm51,3.8872500511205503,3.6207857472815297,37,36,rt
3d2as981,4.094896922611898,3.9821975773901452,33,32,rt
3irnkhq8,3.096468203692586,3.0943085170119757,36,35,rt
41kp06jx,3.1613167244108196,3.277154509481409,34,34,rt
44o5xnxe,3.2465130041884867,3.160324909058156,37,36,rt
4j6cy1mk,3.1519271928632056,2.9951855618755903,37,36,rt
4s3cm7d8,4.349376682162767,3.683156221185629,37,36,rt
4s9g1cze,2.8015685475077974,2.8041225941251833,35,34,rt
4wx63ymf,2.9808795707343787,3.0351960203432204,37,36,rt
50nsp39w,3.282786516527003,3.3302377287436506,23,23,rt
5nrjvc7q,3.721815880621085,3.220553919004267,37,36,rt
61zahdh9,3.102032149720144,2.767380490452293,36,35,rt
648anokh,3.013295866238832,2.8659817058632755,37,36,rt
6e5gb0yb,3.1121794915099614,2.575420710549536,37,36,rt
6eyovdd2,2.9652206958697573,2.745669020473967,37,36,rt
72p6pxny,3.633954146451932,3.470583267422212,37,36,rt
74l1qvc1,3.944236555870145,3.268940105152496,22,22,rt
7agy8y3l,3.8477690243400926,3.3964359325919866,37,36,rt
89u58v07,3.891086396776213,3.809693325193317,37,36,rt
8aknstxj,4.0297303160726035,3.6305559689613114,32,31,rt
8bgj1tsd,3.8064694355641087,3.354526219094836,28,27,rt
8d21w3yr,3.7684374903579543,3.069533181196059,35,34,rt
8jwr3j6t,2.994561897133559,2.818427605868871,33,33,rt
8oohxrrz,3.317538518098732,3.352479882148097,37,36,rt
8psac9uo,3.4744849619799245,3.4381295396932385,37,36,rt
8y2nd2sh,3.6464934303038405,3.429606434882797,37,36,rt
8yhijukj,3.4543179853888666,3.2422965717934473,36,36,rt
904h81sn,3.013427723378505,2.965333193933672,37,36,rt
9evwb372,3.04951826701778,2.7056401181532816,35,35,rt
9ohxtpht,3.480670667352999,3.319459863062193,37,36,rt
9pjr0waw,2.826056335124369,2.844708848480686,21,21,rt
a0w1xgxf,3.080340461892975,2.743280092429801,34,34,rt
a589fsqz,3.17640171264779,2.9677020480998237,36,36,rt
a6jpzpek,3.4283085872390573,2.340694075318785,37,36,rt
a9gvtd1o,3.593909174954333,3.5589944088807552,36,36,rt
aqmjput5,3.569693815584109,3.431560460077838,33,32,rt
ascil7wf,3.402254724142138,3.474011916659775,37,36,rt
aypxap78,3.02267398460073,2.958165399352467,37,36,rt
bcyhma9y,4.13189894212999,3.329271562479356,23,22,rt
bmlngyh3,3.5917629868016947,3.2168843246726735,37,36,rt
bw2cwy0m,3.3704071257353645,3.3617655748962916,36,36,rt
bx44xwzb,3.3199414937480967,3.055436319978307,37,36,rt
byx9jkxm,2.9467682800049557,2.983760275388168,37,36,rt
c2lwacqc,3.7591357090435156,3.514909707704562,33,33,rt
c7z6erey,3.032096991864616,2.9349754324023167,37,36,rt
c9sps7bl,2.4597184236511906,2.436632790282899,37,36,rt
cdo2cmtp,3.1612010983869827,2.9067344882210286,25,24,rt
ce9qdbyh,2.941370379689973,2.5311900613271914,25,24,rt
cfclud8z,3.346125221627314,3.2002176440030947,36,36,rt
cghxa2ie,3.8863157812720686,3.6161801161783345,37,36,rt
clhkwrie,3.607500328763935,3.2315901218799414,36,36,rt
clucow7d,3.7376488104126686,3.460215332100433,37,36,rt
cp3b83py,3.164999426341397,3.0500273051612723,37,36,rt
cuybsfwr,2.976355329356585,3.195908729106056,29,29,rt
cw4tyx7n,3.4323602495944634,1.266793720823451,32,32,rt
d1vjrjhc,3.722527614220897,3.2330742168787148,33,32,rt
dmft9d3y,3.8465336288279905,3.1323774379021483,37,36,rt
e0biso3r,3.4064543778579064,3.3278933407987004,37,36,rt
e2w81k0i,3.2901934149412386,3.150073707988599,37,36,rt
ei0ij8ms,3.218393077260042,2.9048446760750775,37,36,rt
emwp6wq7,3.242403781720364,3.108178850872219,37,36,rt
ew4oecfi,3.4274605655164256,3.1436803451253943,37,36,rt
eyn3wygc,3.9544363615564087,3.643099415336922,37,36,rt
f0wpo2hr,3.414483405944367,3.355702972171915,37,36,rt
f1ejz9fy,3.030867634057259,2.876243614007772,37,36,rt
f5ktzt2t,2.8102286092248656,2.676711764714564,36,36,rt
fgxp8fzz,3.5230581377464927,3.4000485464012646,33,33,rt
fkx2gd88,3.740638870291775,3.4159590247513645,33,33,rt
fl73adm5,2.9662362094221426,3.270098369625661,25,24,rt
g3vslpjv,3.4078424076644755,3.208439019645766,37,36,rt
g7svteiz,3.3198538547100913,3.149349942817292,37,36,rt
hd5k29qy,4.063664791314032,3.8967916275501318,37,36,rt
hkj9daz7,4.127439032702572,3.5397551432066514,37,36,rt
hpl7jugr,2.649538909533722,2.5018395651069807,32,32,rt
hsm45iwx,3.687445481178492,3.587143631216168,37,36,rt
icf7bchs,3.721893102015818,3.2016640934678127,30,29,rt
idma9086,3.1154251165567586,3.2221930030507746,36,36,rt
ikfbpugl,2.861345679667946,2.4381981920276314,27,27,rt
ism64anu,3.6722235906755123,3.438087257524826,37,36,rt
j2dvablb,2.9212857808829282,2.642094703012362,37,36,rt
j2pjmr32,3.4526221581668515,3.7476148049725673,20,20,rt
jayyv6lz,4.133642497646831,2.6313801458097568,36,35,rt
jeq3oy2g,3.5369501579481337,2.513352414508332,30,29,rt
jqeesfz7,3.3412917261564714,3.3032274068654397,37,36,rt
jx6lhkbi,3.9652113698408384,3.312999341726012,37,36,rt
k8txaw58,3.1397746922288685,2.955866335357731,37,36,rt
kavvl57w,3.289333482382013,3.3456276246435728,28,27,rt
kck1uue7,3.5203728407653117,3.732411956545253,37,36,rt
kkeej6x5,3.929054034133092,3.8208937800323337,37,36,rt
kmwiem6m,3.3016318419017456,2.6828766228045153,37,36,rt
kwy2bqjo,3.0583639825270708,2.9863675163334324,37,36,rt
l0nln4b2,3.2855976843875068,3.323338786792485,37,36,rt
l5sagbsh,2.9288619837349668,3.0431903939774094,37,36,rt
l9krayds,3.2508821264948877,2.6394757769746358,31,31,rt
ldo5smvx,3.5538295973894956,2.641586789783793,29,29,rt
ler5uq42,3.352574277059225,2.9771077616490023,32,31,rt
ljwskxcq,2.5932760698954214,2.2650147984609728,37,36,rt
lmtka1ev,2.4011927167371603,2.2597605933775218,32,32,rt
m63pxnwq,2.563060286928941,2.5954529136079154,34,33,rt
mhskzwic,3.182043578038604,3.027510508569547,36,36,rt
mlvcv31l,2.88054184709451,2.9296171944558016,37,36,rt
mpzcivx9,3.5634557376334413,3.1582779335723123,37,36,rt
mr7lkk46,3.3666824980293133,3.278004573840407,36,36,rt
mrwlcmno,3.056848921679222,3.069673749088805,36,36,rt
mrypomny,4.177079895265391,3.7488169074160345,37,36,rt
mzi8f2hv,2.766368375557498,2.710455858576796,37,36,rt
n2et79bd,3.7492740703724814,1.9661646657362326,24,24,rt
nfbzvhip,4.063660237099135,2.7792953854837164,32,31,rt
nhds6zsd,3.6498139916680827,3.4628874876681732,36,35,rt
ni5df01j,2.9797466954235396,3.0004708354866234,35,35,rt
nldu5ge3,2.954948249112154,3.0322330074381285,36,36,rt
npr5bsi2,3.52239522137577,3.1154000183969295,36,35,rt
nqubyvew,3.7254967775454784,2.8998404243693354,27,27,rt
nrfiw9bx,3.266736358339479,3.2675457691349057,37,36,rt
nx0vccp8,3.8643585979168065,3.745824274682502,37,36,rt
nze0azo1,3.201253841254096,3.1261753756193222,37,36,rt
o2ho0580,2.545299507799778,2.75300769099319,37,36,rt
o4kkkuj9,3.5614108717347936,3.3753149123502495,37,36,rt
o5qropwk,3.2596050299160075,3.251107503252822,36,36,rt
ol9lky1i,2.9327406959965145,2.8092263713073637,23,22,rt
om1m73rv,2.9698577165657163,2.6705282371361463,37,36,rt
onnumbyy,3.7496760228383432,3.333776763945804,29,28,rt
ovhoesyy,3.6529820191883458,3.291697466431075,37,36,rt
oxvw1rhx,3.351506141338818,3.1506190976894697,37,36,rt
pad0sufd,3.2949711031228244,3.0133906688391474,37,36,rt
pcrxo3zp,3.169397515079489,3.1713512348885304,31,30,rt
phbjwkyw,3.091630092732927,3.0832435927511663,37,36,rt
plfupad7,3.938899303099513,3.629514231578876,37,36,rt
pz38obzd,3.2919416755160866,3.231695024820801,37,36,rt
q04yitea,3.160415857663409,3.1511293677451993,36,36,rt
qazkn1sw,2.428331923266415,2.412814085729787,36,36,rt
qfiy90jx,3.598369343551332,3.3764463729470426,37,36,rt
qfsp3ery,3.45258352857871,3.3348437787201815,34,34,rt
qkiu92kk,3.6367586962073855,2.8211712441552685,26,25,rt
qothvfhf,3.3416084952333014,3.3215556072460197,35,35,rt
qu0lm98m,2.9652398694065085,2.966593153344286,37,36,rt
qv0yh587,3.250272646966639,2.101989881305692,35,34,rt
r24jdhzg,3.4613545111138766,3.324378956905675,37,36,rt
r2ck84r8,3.5788533977318857,3.141639334905976,37,36,rt
r99uy0qb,3.962711477814075,3.4480779750873176,36,35,rt
rhbgnqhz,3.052784756421533,2.8203998932011403,35,35,rt
rjanlii9,4.085824497478788,3.54887460059871,37,36,rt
s03ed531,3.0871629569901335,2.789337542927208,36,35,rt
sesf1qnx,3.9249230982780325,3.3186583995566963,24,23,rt
ske58akk,3.7042344329227612,3.7338644080708048,37,36,rt
sn10zd6g,3.5276019961023835,3.336628843199286,37,36,rt
so5k1adg,3.794080967525699,3.4899679596335207,22,22,rt
sp00glmz,3.6203286895569744,3.327362645191221,37,36,rt
stbyxpx6,3.1889586236779865,2.905947388253891,28,28,rt
szbhlpfr,3.4818904630064558,2.9177842230289044,28,28,rt
t2eyvuxq,3.409768266064411,3.1742994992724487,37,36,rt
t3l0if03,2.7567669786838542,2.3859114635394336,37,36,rt
tc5wgx8h,3.6788265521111225,3.5297517433698493,36,35,rt
uktb326q,4.318701569994054,3.637247914685708,35,34,rt
v6jvgdvg,3.9970829804917796,3.598791789704341,36,36,rt
vbwguazj,3.8023685057020966,3.612224317945743,35,34,rt
vpxztp7b,3.4179145656215617,3.333439191756116,35,34,rt
vr20hyge,3.899464925367942,3.3348851552126693,34,34,rt
wcau806y,3.549510174908574,3.3620008168653563,35,35,rt
x5id5i5q,4.508194302925059,3.7736538806094195,25,25,rt
xasfvnb7,3.662144349925936,3.0383331118335395,22,22,rt
xeu3j3ki,3.978038848155674,3.5323756980763887,23,23,rt
xklnx39q,3.3294373425565933,2.8676953126955858,36,35,rt
y32zaw9c,3.7283853538396152,3.486186319262526,36,36,rt
ya0wv6pm,3.1694581792755874,2.785296612686628,37,36,rt
yebzokh4,3.939925693308536,3.566184172533794,36,36,rt
yfyhejim,3.698410905128483,2.9826589119267055,37,36,rt
ym49wqbn,3.7594535778749107,3.5016945638002115,36,36,rt
z3die4q3,3.0048079623126243,2.899711403271099,36,36,rt
z8b26ynw,2.944767196414881,2.8492270465208027,37,36,rt
zelqv7az,2.8740768244705497,3.004749437920835,37,36,rt
zfeorjum,3.032884291635409,2.7536461334528886,37,36,rt
zj5uemkt,4.278632893634459,3.828556105302742,34,34,rt
zvbewhqx,3.190394864934545,3.1168500068896625,37,36,rt
02333qfj,3.4389920055632928,3.092744614992806,22,22,deliberation_time
0hrc9vve,2.2270872195730296,2.280525971688753,25,25,deliberation_time
0ra11hiv,3.62752309079274,3.7172754039882765,12,11,deliberation_time
0yfthc4y,2.846648657128712,2.858502152646309,33,33,deliberation_time
154uk6vm,3.0829867765985832,2.991460714360764,23,23,deliberation_time
189iqcds,3.569099436596306,3.3763164980504117,24,23,deliberation_time
1qt2f29y,3.265849519748098,3.062420855653496,25,24,deliberation_time
1r6yodve,2.208264319536076,3.0530654080785644,31,30,deliberation_time
23iyreiv,3.045901963518038,2.797676773499241,19,19,deliberation_time
27d8totr,3.5566975262715363,3.5387980408332127,22,21,deliberation_time
2anyuqd8,3.40480509598065,3.2442841587040006,15,14,deliberation_time
2d8q4qkc,2.467031270218164,2.53761532835858,32,32,deliberation_time
2j8p9vyz,3.2973210379638163,3.1345161891017996,23,23,deliberation_time
2tkm21z6,3.3713179698694016,3.3847914560244186,28,27,deliberation_time
2w766g1z,3.090641327788983,2.9219588191910533,31,30,deliberation_time
3cc6zm51,3.4522156360563674,3.333109010951253,26,25,deliberation_time
3d2as981,3.583097400593527,3.468004641020937,14,13,deliberation_time
3irnkhq8,3.010615882293535,3.0232342961064735,33,33,deliberation_time
41kp06jx,3.0803546022287516,3.0733455177806372,31,30,deliberation_time
44o5xnxe,3.117423776397914,3.0605727727860965,34,33,deliberation_time
4j6cy1mk,2.975250363473384,2.8051299159447574,32,31,deliberation_time
4s3cm7d8,3.619307519746493,3.206969041924141,20,19,deliberation_time
4s9g1cze,2.69379672039514,2.769933320537057,33,33,deliberation_time
4wx63ymf,2.8227702814975957,2.8971135192591677,33,32,deliberation_time
50nsp39w,3.0979116201089787,3.1090056307939684,19,19,deliberation_time
5nrjvc7q,3.3408381251596606,3.0827457742257596,30,29,deliberation_time
61zahdh9,2.9761267645543357,2.731436731747054,33,33,deliberation_time
648anokh,2.895138221824955,2.839261695523267,35,34,deliberation_time
6e5gb0yb,2.9104764537275223,2.538526865817156,34,34,deliberation_time
6eyovdd2,2.863668912310909,2.7439636100998177,35,35,deliberation_time
72p6pxny,3.3527156766407415,3.1651565116978304,25,24,deliberation_time
74l1qvc1,3.478516251262109,2.0742051339588206,12,11,deliberation_time
7agy8y3l,3.4418637565938344,3.1158880736228842,25,25,deliberation_time
89u58v07,3.534041246612325,3.476154416416294,23,22,deliberation_time
8aknstxj,3.5385566019592543,3.405429051058346,22,21,deliberation_time
8bgj1tsd,3.6664648857988418,3.2347172882059207,24,23,deliberation_time
8d21w3yr,3.4005107644955883,3.0177006085370977,28,27,deliberation_time
8jwr3j6t,2.9331692238848683,2.844041792345636,33,32,deliberation_time
8oohxrrz,3.1596251318019655,3.1066409236814545,32,31,deliberation_time
8psac9uo,3.31969868762141,3.2973157103179744,33,32,deliberation_time
8y2nd2sh,3.3218949275461545,3.1601636467986034,28,27,deliberation_time
8yhijukj,3.2403338694160713,3.0751154716913343,32,31,deliberation_time
904h81sn,2.9333081913902257,2.8863688409704875,34,34,deliberation_time
9evwb372,3.0075558485845892,2.7134993476311586,35,34,deliberation_time
9ohxtpht,3.2386665703968984,3.1251563785162118,31,30,deliberation_time
9pjr0waw,2.6978437086908897,2.7636875205849076,20,20,deliberation_time
a0w1xgxf,2.875108775052693,2.710483121482738,31,31,deliberation_time
a589fsqz,2.8492197483258597,2.9473590513844203,32,31,deliberation_time
a6jpzpek,3.1632760470329893,2.3456036019354056,33,32,deliberation_time
a9gvtd1o,3.297899797251911,3.1320592985089766,26,26,deliberation_time
aqmjput5,3.2412974036046935,3.3057077518894853,23,22,deliberation_time
ascil7wf,3.314661592273612,3.2548456346427352,32,31,deliberation_time
aypxap78,2.9718424381760666,2.864418213400416,35,34,deliberation_time
bcyhma9y,3.656427533943023,3.2287321796909723,17,17,deliberation_time
bmlngyh3,3.3101003870065444,3.102669865537105,31,31,deliberation_time
bw2cwy0m,3.086363402847895,2.9198397625102253,28,27,deliberation_time
bx44xwzb,3.0126188146832757,3.0728734383468836,33,32,deliberation_time
byx9jkxm,2.7778301578300475,2.7747643139503047,33,32,deliberation_time
c2lwacqc,3.3196589943351396,3.014287420545592,22,22,deliberation_time
c7z6erey,2.8418705883772017,2.8553782789121778,33,33,deliberation_time
c9sps7bl,2.386312015255374,2.44502020137877,36,35,deliberation_time
cdo2cmtp,3.059155721947898,2.8472915494565534,23,23,deliberation_time
ce9qdbyh,2.7756874493041708,2.5346624982212123,24,23,deliberation_time
cfclud8z,3.1369693376264602,3.1036472549495757,30,29,deliberation_time
cghxa2ie,3.360855704263784,3.096642197194791,24,24,deliberation_time
clhkwrie,3.1950002500439134,3.110867442508347,29,28,deliberation_time
clucow7d,3.2812816937169638,3.1270016988586633,26,25,deliberation_time
cp3b83py,3.0347559499617214,2.935355918915171,33,32,deliberation_time
cuybsfwr,2.7823481008473827,3.051481081496591,25,25,deliberation_time
cw4tyx7n,3.1223362853224503,1.0442642098849866,28,28,deliberation_time
d1vjrjhc,3.0542453765245514,3.1513870264383304,26,26,deliberation_time
dmft9d3y,3.2577616363887305,3.0001987597097934,27,27,deliberation_time
e0biso3r,3.261004396420042,3.0862305671833363,31,31,deliberation_time
e2w81k0i,3.0482135814620324,2.9684399637480454,32,31,deliberation_time
ei0ij8ms,3.0965051812744524,2.8721147264954108,35,34,deliberation_time
emwp6wq7,3.178648888876217,3.0848095214208198,35,35,deliberation_time
ew4oecfi,3.2658616910675455,3.0383375455879738,32,32,deliberation_time
eyn3wygc,3.340424160790963,3.2690736053138685,22,21,deliberation_time
f0wpo2hr,3.1916623897529317,3.057377721388983,29,29,deliberation_time
f1ejz9fy,2.9106829525108715,2.7173107865347244,33,33,deliberation_time
f5ktzt2t,2.734634949776178,2.576985485985495,34,34,deliberation_time
fgxp8fzz,3.320497744424371,3.3355018338108335,28,28,deliberation_time
fkx2gd88,3.2158676769485703,3.1505484536410813,25,24,deliberation_time
fl73adm5,2.6444343815022022,2.679716216127038,21,20,deliberation_time
g3vslpjv,3.2482827178850835,3.0464771451020796,31,31,deliberation_time
g7svteiz,3.2561780640606837,3.048258920355212,34,33,deliberation_time
hd5k29qy,3.490390000034407,3.3185101258994547,9,9,deliberation_time
hkj9daz7,3.240692887412034,3.3937871933285275,22,21,deliberation_time
hpl7jugr,2.649538909533722,2.5018395651069807,32,32,deliberation_time
hsm45iwx,3.3395939010228135,3.1392222065850506,26,25,deliberation_time
icf7bchs,3.5259813497716266,2.9583087846102027,22,22,deliberation_time
idma9086,2.966938647176911,3.089750328637729,32,32,deliberation_time
ikfbpugl,2.5180469923470796,2.0812332703492826,23,22,deliberation_time
ism64anu,3.339734156617428,3.014883201792906,26,26,deliberation_time
j2dvablb,2.8882362945716586,2.642094703012362,36,36,deliberation_time
j2pjmr32,3.244445986348979,3.280727295500717,14,14,deliberation_time
jayyv6lz,3.0942057978254915,2.516546216760231,23,22,deliberation_time
jeq3oy2g,2.70414215238896,2.534184725565501,20,19,deliberation_time
jqeesfz7,3.029731675731815,2.9868193540898322,29,29,deliberation_time
jx6lhkbi,3.4798850637830467,3.156135512154226,27,26,deliberation_time
k8txaw58,3.05228095922602,2.7941623149547574,34,33,deliberation_time
kavvl57w,3.1576865950795945,3.1790755842367022,24,23,deliberation_time
kck1uue7,3.3786520874586023,3.159629065300906,27,26,deliberation_time
kkeej6x5,3.2929941954367195,3.2116383479612836,10,9,deliberation_time
kmwiem6m,2.948573994287841,2.568695198427575,32,32,deliberation_time
kwy2bqjo,2.955677371240583,2.787147112585579,33,33,deliberation_time
l0nln4b2,3.233753392517664,3.0925574035107712,33,32,deliberation_time
l5sagbsh,2.8923799286456267,2.8910885492789697,34,33,deliberation_time
l9krayds,2.942865686690772,2.4829405269363343,28,27,deliberation_time
ldo5smvx,3.1959895053036758,2.512785017695674,25,24,deliberation_time
ler5uq42,2.945350185193975,2.945307078205412,27,27,deliberation_time
ljwskxcq,2.538816310262114,2.1822920054308494,36,35,deliberation_time
lmtka1ev,2.4011927167371603,2.2597605933775218,32,32,deliberation_time
m63pxnwq,2.502933623489542,2.5954529136079154,33,33,deliberation_time
mhskzwic,3.0776741718297775,2.878112257022586,33,32,deliberation_time
mlvcv31l,2.88054184709451,2.9296171944558016,37,36,deliberation_time
mpzcivx9,3.27692063654772,3.100382885359656,31,31,deliberation_time
mr7lkk46,3.083775678738187,3.0402007777272346,29,28,deliberation_time
mrwlcmno,2.9952290202763767,2.8767375586336206,33,33,deliberation_time
mrypomny,3.7298321626851187,3.4282944220355773,21,21,deliberation_time
mzi8f2hv,2.7398180171044526,2.587809658043455,35,35,deliberation_time
n2et79bd,3.082334277736592,1.6010501536321045,18,18,deliberation_time
nfbzvhip,3.330970863250741,2.6032797430607086,24,24,deliberation_time
nhds6zsd,3.1980065914482303,3.16152172747735,25,25,deliberation_time
ni5df01j,2.9006296674120144,2.9933221079517387,34,33,deliberation_time
nldu5ge3,2.725887552357081,2.8084925993710397,33,32,deliberation_time
npr5bsi2,3.0853225611114756,3.069836046598009,31,30,deliberation_time
nqubyvew,3.284232604948821,2.498517031125052,21,21,deliberation_time
nrfiw9bx,3.0811869143768145,2.9145211765727796,30,29,deliberation_time
nx0vccp8,3.604490874904276,3.4616517527160915,25,24,deliberation_time
nze0azo1,3.1681259519054126,2.8783017035699086,34,34,deliberation_time
o2ho0580,2.309380971245347,2.6740001545667327,33,33,deliberation_time
o4kkkuj9,3.3510559572072003,3.1948442337928062,28,28,deliberation_time
o5qropwk,3.183542860906569,2.9534486533885658,30,30,deliberation_time
ol9lky1i,2.7275578339038278,2.690248217762581,21,20,deliberation_time
om1m73rv,2.853156877394628,2.6615284636693173,35,35,deliberation_time
onnumbyy,3.412991658127272,3.2858053338539155,24,23,deliberation_time
ovhoesyy,3.4084426683689024,3.1797497438693365,32,32,deliberation_time
oxvw1rhx,3.2209300942385894,2.846720530837879,32,31,deliberation_time
pad0sufd,2.7686794421489194,2.649637145877458,30,29,deliberation_time
pcrxo3zp,2.7354770470274845,2.815975703068468,25,25,deliberation_time
phbjwkyw,2.909595513977829,2.7039082758183985,30,29,deliberation_time
plfupad7,3.5058729259499635,3.45157662762833,26,25,deliberation_time
pz38obzd,3.071686251348899,2.864697466043773,30,30,deliberation_time
q04yitea,3.048652510897779,3.1329420889106285,34,34,deliberation_time
qazkn1sw,1.9095712555701303,2.3456350752348696,32,31,deliberation_time
qfiy90jx,3.3452513444874876,3.244863364039126,30,30,deliberation_time
qfsp3ery,3.2755306199775687,3.0390266745876957,29,28,deliberation_time
qkiu92kk,2.928861849111171,2.6299483873728113,21,21,deliberation_time
qothvfhf,3.208395690361767,3.1543416898474943,30,30,deliberation_time
qu0lm98m,2.912497796328788,2.844316337318982,35,34,deliberation_time
qv0yh587,3.0516039007667106,2.006916157415195,32,31,deliberation_time
r24jdhzg,3.3211093627230084,3.214026497025117,32,31,deliberation_time
r2ck84r8,3.1204281713922373,2.866748940152283,28,28,deliberation_time
r99uy0qb,3.4125133709684117,3.31687587913698,27,26,deliberation_time
rhbgnqhz,2.9521003461120907,2.8115635708221065,34,33,deliberation_time
rjanlii9,3.6167866003376967,3.283831309077472,23,22,deliberation_time
s03ed531,2.8627748745677035,2.7441096006633994,33,33,deliberation_time
sesf1qnx,3.445581981924763,3.063437448511354,17,16,deliberation_time
ske58akk,3.3278286532834187,3.3371679173303055,26,25,deliberation_time
sn10zd6g,3.1910669321039284,3.29505414923808,31,31,deliberation_time
so5k1adg,3.4619765394707254,3.397478887612265,17,17,deliberation_time
sp00glmz,3.3535617291514237,3.2366385274136142,30,29,deliberation_time
stbyxpx6,3.0280055422369667,2.858709886628073,27,26,deliberation_time
szbhlpfr,3.256448934003451,2.7383125723865276,23,23,deliberation_time
t2eyvuxq,3.25850495287109,3.0956872342579373,33,32,deliberation_time
t3l0if03,2.633668633608733,2.3552769490324184,35,35,deliberation_time
tc5wgx8h,3.2765514665530313,3.239936176274153,26,26,deliberation_time
uktb326q,3.255493641406289,3.371919520899815,14,14,deliberation_time
v6jvgdvg,3.6661748954363387,3.2674387704810117,24,23,deliberation_time
vbwguazj,3.3750004852973805,3.30700526404904,24,24,deliberation_time
vpxztp7b,3.1954171530721838,3.1638926773257916,29,29,deliberation_time
vr20hyge,3.44157469769152,3.1396934153672076,26,25,deliberation_time
wcau806y,3.263902642149433,3.307805885237381,28,27,deliberation_time
x5id5i5q,3.7164529129152566,2.5050452137388444,9,8,deliberation_time
xasfvnb7,2.988090626972045,2.573335417510827,15,14,deliberation_time
xeu3j3ki,3.642279836327986,2.8267880361991122,14,13,deliberation_time
xklnx39q,3.193535836011894,2.845220439279695,32,32,deliberation_time
y32zaw9c,3.3723178508586584,3.2977835523063965,27,26,deliberation_time
ya0wv6pm,3.005219432197631,2.7564772215970064,34,33,deliberation_time
yebzokh4,3.614826616064422,3.4036288851019143,26,26,deliberation_time
yfyhejim,3.141908976280276,2.9216343049042726,28,28,deliberation_time
ym49wqbn,3.3525709812913926,3.2505569402268226,27,26,deliberation_time
z3die4q3,3.0133401386632084,2.8191258502033327,35,35,deliberation_time
z8b26ynw,2.858604438910614,2.7103352436633608,34,33,deliberation_time
zelqv7az,2.809599159474293,2.85580255684791,34,34,deliberation_time
zfeorjum,2.863425677686452,2.7402002762866386,34,34,deliberation_time
zj5uemkt,3.7281458499070084,3.4733976093793104,20,20,deliberation_time
zvbewhqx,3.0709928752096136,3.034716849504776,34,33,deliberation_time
02333qfj,8.454545454545455,7.25,33,32,num_chunks
0hrc9vve,12.090909090909092,9.4,11,10,num_chunks
0ra11hiv,6.291666666666667,13.125,24,24,num_chunks
0yfthc4y,9.342857142857143,10.411764705882353,35,34,num_chunks
154uk6vm,10.037037037037036,9.884615384615385,27,26,num_chunks
189iqcds,6.911764705882353,7.294117647058823,34,34,num_chunks
1qt2f29y,8.81081081081081,9.972222222222221,37,36,num_chunks
1r6yodve,12.875,13.041666666666666,24,24,num_chunks
23iyreiv,8.590909090909092,9.954545454545455,22,22,num_chunks
27d8totr,7.888888888888889,6.428571428571429,36,35,num_chunks
2anyuqd8,6.454545454545454,9.454545454545455,22,22,num_chunks
2d8q4qkc,8.5625,7.580645161290323,32,31,num_chunks
2j8p9vyz,9.027777777777779,9.277777777777779,36,36,num_chunks
2tkm21z6,5.945945945945946,6.944444444444445,37,36,num_chunks
2w766g1z,7.777777777777778,8.86111111111111,36,36,num_chunks
3cc6zm51,7.945945945945946,9.444444444444445,37,36,num_chunks
3d2as981,21.454545454545453,12.90625,33,32,num_chunks
3irnkhq8,8.61111111111111,9.885714285714286,36,35,num_chunks
41kp06jx,10.882352941176471,7.264705882352941,34,34,num_chunks
44o5xnxe,8.702702702702704,7.527777777777778,37,36,num_chunks
4j6cy1mk,11.972972972972974,7.888888888888889,37,36,num_chunks
4s3cm7d8,11.243243243243244,6.861111111111111,37,36,num_chunks
4s9g1cze,8.485714285714286,9.735294117647058,35,34,num_chunks
4wx63ymf,7.702702702702703,9.86111111111111,37,36,num_chunks
50nsp39w,11.304347826086957,15.478260869565217,23,23,num_chunks
5nrjvc7q,10.486486486486486,10.083333333333334,37,36,num_chunks
61zahdh9,8.75,9.257142857142858,36,35,num_chunks
648anokh,8.054054054054054,6.305555555555555,37,36,num_chunks
6e5gb0yb,7.864864864864865,8.972222222222221,37,36,num_chunks
6eyovdd2,9.91891891891892,10.75,37,36,num_chunks
72p6pxny,14.135135135135135,13.777777777777779,37,36,num_chunks
74l1qvc1,11.333333333333334,8.5,21,20,num_chunks
7agy8y3l,9.972972972972974,9.75,37,36,num_chunks
89u58v07,12.027027027027026,8.61111111111111,37,36,num_chunks
8aknstxj,7.806451612903226,9.096774193548388,31,31,num_chunks
8bgj1tsd,8.714285714285714,7.925925925925926,28,27,num_chunks
8d21w3yr,9.735294117647058,10.5,34,34,num_chunks
8jwr3j6t,9.393939393939394,6.242424242424242,33,33,num_chunks
8oohxrrz,7.702702702702703,11.194444444444445,37,36,num_chunks
8psac9uo,10.583333333333334,8.914285714285715,36,35,num_chunks
8y2nd2sh,8.783783783783784,11.333333333333334,37,36,num_chunks
8yhijukj,8.527777777777779,9.055555555555555,36,36,num_chunks
904h81sn,8.162162162162161,7.694444444444445,37,36,num_chunks
9evwb372,5.8,9.588235294117647,35,34,num_chunks
9ohxtpht,8.108108108108109,9.194444444444445,37,36,num_chunks
9pjr0waw,7.380952380952381,7.8,21,20,num_chunks
a0w1xgxf,9.666666666666666,7.5625,33,32,num_chunks
a589fsqz,8.25,11.694444444444445,36,36,num_chunks
a6jpzpek,9.161290322580646,6.419354838709677,31,31,num_chunks
a9gvtd1o,9.61111111111111,9.333333333333334,36,36,num_chunks
aqmjput5,20.90625,12.9375,32,32,num_chunks
ascil7wf,10.864864864864865,9.027777777777779,37,36,num_chunks
aypxap78,9.756756756756756,7.027777777777778,37,36,num_chunks
bcyhma9y,11.347826086956522,5.7727272727272725,23,22,num_chunks
bmlngyh3,22.083333333333332,16.083333333333332,36,36,num_chunks
bw2cwy0m,9.13888888888889,5.583333333333333,36,36,num_chunks
bx44xwzb,6.297297297297297,9.805555555555555,37,36,num_chunks
byx9jkxm,8.324324324324325,8.833333333333334,37,36,num_chunks
c2lwacqc,9.848484848484848,7.636363636363637,33,33,num_chunks
c7z6erey,9.555555555555555,8.944444444444445,36,36,num_chunks
c9sps7bl,6.111111111111111,10.851851851851851,27,27,num_chunks
cdo2cmtp,8.16,8.833333333333334,25,24,num_chunks
ce9qdbyh,10.0,8.875,24,24,num_chunks
cfclud8z,8.472222222222221,7.742857142857143,36,35,num_chunks
cghxa2ie,10.756756756756756,8.63888888888889,37,36,num_chunks
clhkwrie,11.685714285714285,11.142857142857142,35,35,num_chunks
clucow7d,10.216216216216216,11.333333333333334,37,36,num_chunks
cp3b83py,7.594594594594595,9.222222222222221,37,36,num_chunks
cuybsfwr,8.357142857142858,12.5,28,28,num_chunks
cw4tyx7n,7.3,5.8,20,20,num_chunks
d1vjrjhc,8.727272727272727,7.09375,33,32,num_chunks
dmft9d3y,9.702702702702704,9.166666666666666,37,36,num_chunks
e0biso3r,6.27027027027027,8.027777777777779,37,36,num_chunks
e2w81k0i,8.432432432432432,9.805555555555555,37,36,num_chunks
ei0ij8ms,10.594594594594595,9.555555555555555,37,36,num_chunks
emwp6wq7,10.675675675675675,7.611111111111111,37,36,num_chunks
ew4oecfi,8.27027027027027,8.555555555555555,37,36,num_chunks
eyn3wygc,8.675675675675675,7.805555555555555,37,36,num_chunks
f0wpo2hr,10.64864864864865,10.805555555555555,37,36,num_chunks
f1ejz9fy,13.621621621621621,9.472222222222221,37,36,num_chunks
f5ktzt2t,8.277777777777779,11.166666666666666,36,36,num_chunks
fgxp8fzz,7.696969696969697,10.06060606060606,33,33,num_chunks
fkx2gd88,6.818181818181818,11.121212121212121,33,33,num_chunks
fl73adm5,11.32,6.666666666666667,25,24,num_chunks
g3vslpjv,11.64864864864865,7.666666666666667,37,36,num_chunks
g7svteiz,9.432432432432432,9.166666666666666,37,36,num_chunks
hd5k29qy,8.837837837837839,8.61111111111111,37,36,num_chunks
hkj9daz7,8.702702702702704,5.611111111111111,37,36,num_chunks
hpl7jugr,7.46875,9.53125,32,32,num_chunks
hsm45iwx,8.0,8.305555555555555,37,36,num_chunks
icf7bchs,22.607142857142858,13.178571428571429,28,28,num_chunks
idma9086,11.222222222222221,10.083333333333334,36,36,num_chunks
ikfbpugl,12.555555555555555,7.148148148148148,27,27,num_chunks
ism64anu,10.621621621621621,6.694444444444445,37,36,num_chunks
j2dvablb,7.45945945945946,8.722222222222221,37,36,num_chunks
j2pjmr32,6.0,9.631578947368421,20,19,num_chunks
jayyv6lz,12.0,7.730769230769231,26,26,num_chunks
jeq3oy2g,9.0,6.653846153846154,27,26,num_chunks
jqeesfz7,9.08108108108108,6.666666666666667,37,36,num_chunks
jx6lhkbi,8.27027027027027,6.833333333333333,37,36,num_chunks
k8txaw58,9.18918918918919,7.638888888888889,37,36,num_chunks
kavvl57w,7.535714285714286,5.814814814814815,28,27,num_chunks
kck1uue7,11.702702702702704,8.194444444444445,37,36,num_chunks
kkeej6x5,6.702702702702703,7.138888888888889,37,36,num_chunks
kmwiem6m,7.513513513513513,10.194444444444445,37,36,num_chunks
kwy2bqjo,9.166666666666666,9.472222222222221,36,36,num_chunks
l0nln4b2,9.837837837837839,9.194444444444445,37,36,num_chunks
l5sagbsh,8.054054054054054,6.694444444444445,37,36,num_chunks
l9krayds,25.64,11.16,25,25,num_chunks
ldo5smvx,9.285714285714286,6.925925925925926,28,27,num_chunks
ler5uq42,8.25,5.354838709677419,32,31,num_chunks
ljwskxcq,9.72972972972973,9.666666666666666,37,36,num_chunks
lmtka1ev,7.65625,7.65625,32,32,num_chunks
m63pxnwq,9.71875,6.25,32,32,num_chunks
mhskzwic,7.694444444444445,9.305555555555555,36,36,num_chunks
mlvcv31l,8.08108108108108,8.666666666666666,37,36,num_chunks
mpzcivx9,7.972972972972973,9.166666666666666,37,36,num_chunks
mr7lkk46,7.484848484848484,11.25,33,32,num_chunks
mrwlcmno,7.666666666666667,7.138888888888889,36,36,num_chunks
mrypomny,7.54054054054054,5.694444444444445,37,36,num_chunks
mzi8f2hv,8.945945945945946,10.36111111111111,37,36,num_chunks
n2et79bd,9.380952380952381,6.0,21,20,num_chunks
nfbzvhip,9.32258064516129,11.933333333333334,31,30,num_chunks
nhds6zsd,7.0,6.617647058823529,35,34,num_chunks
ni5df01j,8.914285714285715,8.342857142857143,35,35,num_chunks
nldu5ge3,8.38888888888889,7.305555555555555,36,36,num_chunks
npr5bsi2,8.722222222222221,7.485714285714286,36,35,num_chunks
nqubyvew,11.0,12.6,25,25,num_chunks
nrfiw9bx,9.055555555555555,8.083333333333334,36,36,num_chunks
nx0vccp8,9.513513513513514,9.25,37,36,num_chunks
nze0azo1,10.972972972972974,8.25,37,36,num_chunks
o2ho0580,11.833333333333334,11.652173913043478,24,23,num_chunks
o4kkkuj9,9.54054054054054,9.555555555555555,37,36,num_chunks
o5qropwk,7.583333333333333,6.888888888888889,36,36,num_chunks
ol9lky1i,11.173913043478262,7.2727272727272725,23,22,num_chunks
om1m73rv,12.324324324324325,10.694444444444445,37,36,num_chunks
onnumbyy,8.857142857142858,5.214285714285714,28,28,num_chunks
ovhoesyy,10.54054054054054,6.472222222222222,37,36,num_chunks
oxvw1rhx,9.162162162162161,11.333333333333334,37,36,num_chunks
pad0sufd,6.756756756756757,8.5,37,36,num_chunks
pcrxo3zp,15.64516129032258,8.8,31,30,num_chunks
phbjwkyw,11.083333333333334,9.38888888888889,36,36,num_chunks
plfupad7,8.594594594594595,9.63888888888889,37,36,num_chunks
pz38obzd,8.81081081081081,7.5,37,36,num_chunks
q04yitea,7.361111111111111,9.25,36,36,num_chunks
qazkn1sw,7.695652173913044,9.363636363636363,23,22,num_chunks
qfiy90jx,8.45945945945946,7.5,37,36,num_chunks
qfsp3ery,9.794117647058824,8.823529411764707,34,34,num_chunks
qkiu92kk,8.423076923076923,6.24,26,25,num_chunks
qothvfhf,8.228571428571428,8.885714285714286,35,35,num_chunks
qu0lm98m,9.243243243243244,14.194444444444445,37,36,num_chunks
qv0yh587,7.0476190476190474,5.9,21,20,num_chunks
r24jdhzg,8.222222222222221,8.722222222222221,36,36,num_chunks
r2ck84r8,7.648648648648648,8.916666666666666,37,36,num_chunks
r99uy0qb,8.857142857142858,6.571428571428571,35,35,num_chunks
rhbgnqhz,9.771428571428572,7.114285714285714,35,35,num_chunks
rjanlii9,11.891891891891891,10.333333333333334,37,36,num_chunks
s03ed531,8.571428571428571,7.794117647058823,35,34,num_chunks
sesf1qnx,10.333333333333334,9.521739130434783,24,23,num_chunks
ske58akk,10.297297297297296,10.5,37,36,num_chunks
sn10zd6g,9.162162162162161,10.25,37,36,num_chunks
so5k1adg,8.181818181818182,10.318181818181818,22,22,num_chunks
sp00glmz,9.64864864864865,8.416666666666666,37,36,num_chunks
stbyxpx6,8.444444444444445,7.074074074074074,27,27,num_chunks
szbhlpfr,7.703703703703703,9.423076923076923,27,26,num_chunks
t2eyvuxq,8.216216216216216,10.722222222222221,37,36,num_chunks
t3l0if03,8.405405405405405,9.194444444444445,37,36,num_chunks
tc5wgx8h,12.805555555555555,10.771428571428572,36,35,num_chunks
uktb326q,7.151515151515151,8.6875,33,32,num_chunks
v6jvgdvg,9.055555555555555,8.194444444444445,36,36,num_chunks
vbwguazj,7.6,7.794117647058823,35,34,num_chunks
vpxztp7b,8.142857142857142,7.5,35,34,num_chunks
vr20hyge,5.382352941176471,6.382352941176471,34,34,num_chunks
wcau806y,5.848484848484849,6.03030303030303,33,33,num_chunks
x5id5i5q,9.347826086956522,9.130434782608695,23,23,num_chunks
xasfvnb7,7.238095238095238,7.4,21,20,num_chunks
xeu3j3ki,8.0,8.2,21,20,num_chunks
xklnx39q,11.2,9.714285714285714,35,35,num_chunks
y32zaw9c,7.527777777777778,5.944444444444445,36,36,num_chunks
ya0wv6pm,7.833333333333333,7.194444444444445,36,36,num_chunks
yebzokh4,9.555555555555555,7.777777777777778,36,36,num_chunks
yfyhejim,10.378378378378379,11.222222222222221,37,36,num_chunks
ym49wqbn,11.444444444444445,10.722222222222221,36,36,num_chunks
z3die4q3,8.972222222222221,9.305555555555555,36,36,num_chunks
z8b26ynw,7.972972972972973,9.444444444444445,37,36,num_chunks
zelqv7az,9.162162162162161,7.666666666666667,37,36,num_chunks
zfeorjum,9.91891891891892,9.916666666666666,37,36,num_chunks
zj5uemkt,8.558823529411764,5.882352941176471,34,34,num_chunks
zvbewhqx,8.783783783783784,9.583333333333334,37,36,num_chunks
