outcome,group,quartile,n_subjects,mean,se
cells_per_stroke,rest,Q1,156,2.895599855525457,0.11385302419654973
cells_per_stroke,rest,Q2,156,3.2367754326633618,0.1439791156958896
cells_per_stroke,rest,Q3,156,3.5724130514811785,0.15048494195355017
cells_per_stroke,rest,Q4,150,3.6001394614503064,0.17335380322588564
cells_per_stroke,top,Q1,33,3.944049387865909,0.3057609528287812
cells_per_stroke,top,Q2,33,4.2815846513416,0.3392873135613276
cells_per_stroke,top,Q3,33,4.069789127260811,0.2614619328892312
cells_per_stroke,top,Q4,31,4.507893108141501,0.34070167279588176
n_strokes,rest,Q1,156,26.490762087301444,0.8512387229282607
n_strokes,rest,Q2,156,23.680795401807845,0.9619497580264338
n_strokes,rest,Q3,156,20.61932144757371,0.9500001300122798
n_strokes,rest,Q4,150,18.462818770468154,0.8401845462993519
n_strokes,top,Q1,33,17.410571884256093,1.193529182649639
n_strokes,top,Q2,33,18.372007894066716,1.5646431288018208
n_strokes,top,Q3,33,16.687824702530584,1.258443582736847
n_strokes,top,Q4,31,16.379402289843714,1.112924821661153
rt,rest,Q1,156,3.5245788905087747,0.037242875704848945
rt,rest,Q2,156,3.3355175688170995,0.03557445112259902
rt,rest,Q3,156,3.2066806536004497,0.036712158906081996
rt,rest,Q4,150,2.9773137900390254,0.05504135704705173
rt,top,Q1,33,3.327551213102138,0.0851907346097964
rt,top,Q2,33,3.1738245703499444,0.07451219282428832
rt,top,Q3,33,3.133833870948986,0.07505897685534758
rt,top,Q4,31,3.058064805375577,0.07028876515272196
deliberation_time,rest,Q1,156,3.209145127007948,0.027069681643711554
deliberation_time,rest,Q2,156,3.1004954996337766,0.027490027976530333
deliberation_time,rest,Q3,156,2.993883873523994,0.03123863223633607
deliberation_time,rest,Q4,150,2.835647307947259,0.050090979079156925
deliberation_time,top,Q1,33,3.0880999159499454,0.055556187316551445
deliberation_time,top,Q2,33,2.9999557982961735,0.0497194048426537
deliberation_time,top,Q3,33,2.9557204641400747,0.051871348026953853
deliberation_time,top,Q4,31,2.9077443840883843,0.05543755795114434
