outcome,quartile,n_subjects,rho_with_accuracy,ci_lo,ci_hi,p,quartile_mean
cells_per_stroke,Q1,189,0.2653724388542344,0.12010731037254045,0.39765018528494456,0.00022385329903758662,3.0786624722833134
cells_per_stroke,Q2,189,0.21640129666605157,0.0672438482874666,0.3572685119156778,0.002782379169204435,3.4192024390992444
cells_per_stroke,Q3,189,0.14865056169524263,0.0002852808139994931,0.29589397383555505,0.04121049469107621,3.6592564932839724
cells_per_stroke,Q4,181,0.21496631957560947,0.06013954515575575,0.36309261771156165,0.0036597353580746345,3.7556110804968643
n_strokes,Q1,189,-0.4332950890214314,-0.5494342055572885,-0.3004801900998988,4.736729164976064e-10,24.905332051849076
n_strokes,Q2,189,-0.18552558176513462,-0.32625228596463984,-0.03714065636523083,0.010592493152095055,22.75386424966257
n_strokes,Q3,189,-0.10648602572719201,-0.26056591443620186,0.03709451188132096,0.14473613266649643,19.932869634947135
n_strokes,Q4,181,-0.002772814066204003,-0.16528710591725976,0.15659570162361428,0.9704483130043777,18.105990533455127
rt,Q1,189,-0.09996133318529851,-0.24752434990802544,0.05325470705258569,0.17113850676443454,3.490177232548885
rt,Q2,189,-0.08507665259645178,-0.2382835285521268,0.07708675986029992,0.2444389958505049,3.307285457973628
rt,Q3,189,0.05791371064274889,-0.09696269916222013,0.22157415243588036,0.42861453614000167,3.1939613740898767
rt,Q4,181,0.1511586651471416,-0.008652791457050946,0.30111631597976024,0.04223175426294603,2.991144074433684
deliberation_time,Q1,189,-0.09267544916080091,-0.24172767508098345,0.06137214643805198,0.2046708328249909,3.1880102488867093
deliberation_time,Q2,189,-0.09881635775538723,-0.24847432730632027,0.056456057806272775,0.17611908784993033,3.0829409486065757
deliberation_time,Q3,189,0.038369122287135876,-0.1176798108495327,0.20090139127768553,0.6001519843371829,2.987220421091882
deliberation_time,Q4,181,0.11601273703105161,-0.03986747962369146,0.27111423295129605,0.11989023964986191,2.8479954259603812
