subject,outcome,early,late
02333qfj,cells_per_stroke,3.1539886253801726,3.798457532051282
0hrc9vve,cells_per_stroke,9.681203905053785,11.411519036519037
0ra11hiv,cells_per_stroke,2.2925403120868593,1.2018414588816888
0yfthc4y,cells_per_stroke,2.5116646454588647,1.9694230562926565
154uk6vm,cells_per_stroke,1.6183438843764932,9.010285534809459
189iqcds,cells_per_stroke,4.980769841007048,4.2717066168509
1qt2f29y,cells_per_stroke,1.2373965068724282,1.864425856345863
1r6yodve,cells_per_stroke,1.0,1.0
23iyreiv,cells_per_stroke,2.836062095117256,5.114928419533682
27d8totr,cells_per_stroke,2.948420846464325,3.4798633118439257
2anyuqd8,cells_per_stroke,1.0,1.0
2d8q4qkc,cells_per_stroke,5.117210320880745,6.913986188482408
2j8p9vyz,cells_per_stroke,4.68453399342453,4.827189930497863
2tkm21z6,cells_per_stroke,1.0,1.0025716520712646
2w766g1z,cells_per_stroke,3.4636799666591176,3.8423185962544846
3cc6zm51,cells_per_stroke,1.4839518944782102,1.4516165623481452
3d2as981,cells_per_stroke,4.075816102496639,3.2665596795985303
3irnkhq8,cells_per_stroke,4.990894468253536,6.792061753981008
41kp06jx,cells_per_stroke,3.3043736358522566,3.9560488098982916
44o5xnxe,cells_per_stroke,2.5669089057129444,3.2632668537040765
4j6cy1mk,cells_per_stroke,3.3191428114945993,1.7790541541159253
4s3cm7d8,cells_per_stroke,1.7037592552449388,1.8459500680875993
4s9g1cze,cells_per_stroke,6.2712450599467555,5.152345976237345
4wx63ymf,cells_per_stroke,4.5851779509674255,4.034784094739751
50nsp39w,cells_per_stroke,4.018773024916692,4.551085912233268
5nrjvc7q,cells_per_stroke,1.951303202173162,3.191576229522545
61zahdh9,cells_per_stroke,3.0020862620752733,5.33961350008585
648anokh,cells_per_stroke,4.552819131063848,3.5802023635965106
6e5gb0yb,cells_per_stroke,3.602274568896086,4.270470608533269
6eyovdd2,cells_per_stroke,2.2091550389132406,3.3040389947222586
72p6pxny,cells_per_stroke,2.678149019196503,3.737686955808565
74l1qvc1,cells_per_stroke,2.2718837196431125,2.942424242424242
7agy8y3l,cells_per_stroke,2.1291106204870855,2.7512822292333663
89u58v07,cells_per_stroke,4.6628345737041395,3.903447971781305
8aknstxj,cells_per_stroke,3.059883023909411,4.045728599191104
8bgj1tsd,cells_per_stroke,3.049078806891307,2.329317694763919
8d21w3yr,cells_per_stroke,2.5893649857054877,2.454114176062282
8jwr3j6t,cells_per_stroke,4.382323613205966,2.3851215233568177
8oohxrrz,cells_per_stroke,2.40046872881707,6.621609737382764
8psac9uo,cells_per_stroke,1.8693460606717984,2.001430164261811
8y2nd2sh,cells_per_stroke,3.8947790418438646,5.506077871364528
8yhijukj,cells_per_stroke,3.4309132739688293,5.626841387283554
904h81sn,cells_per_stroke,3.2474669772415212,3.8906376646589678
9evwb372,cells_per_stroke,4.298737911501886,5.464327091405818
9ohxtpht,cells_per_stroke,2.6343762947584146,3.146705416655257
9pjr0waw,cells_per_stroke,3.549599976742834,4.312402630049689
a0w1xgxf,cells_per_stroke,3.4982395742255368,4.207874310688434
a589fsqz,cells_per_stroke,3.3750450784178403,3.7765944086970364
a6jpzpek,cells_per_stroke,2.8362758686103633,3.9973791588198373
a9gvtd1o,cells_per_stroke,3.9397487479840425,3.5882636503045098
aqmjput5,cells_per_stroke,2.563985870503062,3.956871190417357
ascil7wf,cells_per_stroke,4.261873710140302,2.840200053346401
aypxap78,cells_per_stroke,5.56472292157605,3.0330484392074477
bcyhma9y,cells_per_stroke,1.2749275003400924,1.0
bmlngyh3,cells_per_stroke,4.147340751683074,4.165589433988519
bw2cwy0m,cells_per_stroke,2.2938268327755233,2.2755422167162433
bx44xwzb,cells_per_stroke,1.4535818114343377,2.458194485262552
byx9jkxm,cells_per_stroke,4.107378799099734,5.70815429370683
c2lwacqc,cells_per_stroke,2.1311485463522004,3.9947437652974997
c7z6erey,cells_per_stroke,3.4195785070785076,4.548646504567558
c9sps7bl,cells_per_stroke,4.970901095331836,6.051321670301556
cdo2cmtp,cells_per_stroke,1.8733078403078403,1.1501241549068035
ce9qdbyh,cells_per_stroke,4.253179215521321,3.581589970047331
cfclud8z,cells_per_stroke,3.297245960380635,5.053741562847746
cghxa2ie,cells_per_stroke,3.842771568573192,4.393583759235933
clhkwrie,cells_per_stroke,2.009677271646919,2.912886604329892
clucow7d,cells_per_stroke,3.8293047855512556,5.909713866739059
cp3b83py,cells_per_stroke,4.449425945014181,4.4343926414855765
cuybsfwr,cells_per_stroke,2.576479961194212,5.255034477023283
cw4tyx7n,cells_per_stroke,2.080041182959544,3.3020833333333335
d1vjrjhc,cells_per_stroke,3.9580123580123576,4.396032444776157
dmft9d3y,cells_per_stroke,2.5811143479488523,2.7783667052288505
e0biso3r,cells_per_stroke,3.3336196879434126,5.516211118175625
e2w81k0i,cells_per_stroke,5.122776402394117,4.2634535744162845
ei0ij8ms,cells_per_stroke,3.492576335312884,5.287795360301085
emwp6wq7,cells_per_stroke,4.4518430446062025,2.9157636090620316
ew4oecfi,cells_per_stroke,4.506677336600198,5.473377060851577
eyn3wygc,cells_per_stroke,2.050768032022334,2.012754960826426
f0wpo2hr,cells_per_stroke,5.181798877740359,5.089600731875037
f1ejz9fy,cells_per_stroke,4.193341092036985,3.7546748110780346
f5ktzt2t,cells_per_stroke,5.04916847041847,4.978112852836348
fgxp8fzz,cells_per_stroke,4.570881956208043,7.46041627796947
fkx2gd88,cells_per_stroke,4.547658175619612,5.162041696078494
fl73adm5,cells_per_stroke,6.435685387031866,6.491996452621453
g3vslpjv,cells_per_stroke,3.2187109321021916,2.6926322128473794
g7svteiz,cells_per_stroke,1.8303049929921353,2.1715571536888816
hd5k29qy,cells_per_stroke,2.7884187541836862,3.8074174813662944
hkj9daz7,cells_per_stroke,4.926428569956335,4.181462919796253
hpl7jugr,cells_per_stroke,8.008813582251083,5.810930549165843
hsm45iwx,cells_per_stroke,2.958010189589137,4.829181530161922
icf7bchs,cells_per_stroke,2.086493495134926,1.5461544028920027
idma9086,cells_per_stroke,4.351372438599906,2.804543665123072
ikfbpugl,cells_per_stroke,5.600958792038607,4.03255063866175
ism64anu,cells_per_stroke,5.123005338245277,3.105704705339158
j2dvablb,cells_per_stroke,4.702771017328084,5.215269301460903
j2pjmr32,cells_per_stroke,1.6267770842199838,1.8920210836784068
jayyv6lz,cells_per_stroke,1.7441304184972048,3.7770531226840642
jeq3oy2g,cells_per_stroke,2.3554460667229344,12.83366489832007
jqeesfz7,cells_per_stroke,1.0009266409266409,1.0
jx6lhkbi,cells_per_stroke,4.1325774849802315,5.017719743945234
k8txaw58,cells_per_stroke,4.356086082506609,4.3842585826601175
kavvl57w,cells_per_stroke,4.029018267333638,4.675633582300249
kck1uue7,cells_per_stroke,3.6404586999094737,5.450871686792739
kkeej6x5,cells_per_stroke,1.8021640401260122,3.1294035092555665
kmwiem6m,cells_per_stroke,6.464714714714714,5.065594045766624
kwy2bqjo,cells_per_stroke,3.773569633422574,3.999837405542963
l0nln4b2,cells_per_stroke,2.492011015523948,2.412865127320318
l5sagbsh,cells_per_stroke,3.680887338593175,4.491857934518695
l9krayds,cells_per_stroke,5.003515501991755,4.750168431832268
ldo5smvx,cells_per_stroke,5.153978845757163,3.489983108164826
ler5uq42,cells_per_stroke,1.0,1.0
ljwskxcq,cells_per_stroke,4.854150462517056,5.165433132800282
lmtka1ev,cells_per_stroke,6.57053952991453,6.066867240612538
m63pxnwq,cells_per_stroke,5.367839343281865,3.0136840234094238
mhskzwic,cells_per_stroke,2.3173802722036414,2.3068689376944604
mlvcv31l,cells_per_stroke,5.049471522052791,5.190016411875598
mpzcivx9,cells_per_stroke,4.150709781332798,6.02406741250493
mr7lkk46,cells_per_stroke,3.4851520730575114,3.351359399920256
mrwlcmno,cells_per_stroke,1.0882844496023223,1.2153458653933038
mrypomny,cells_per_stroke,1.631546081486197,1.5548236213677389
mzi8f2hv,cells_per_stroke,4.278084073023029,4.207778612022662
n2et79bd,cells_per_stroke,3.707930402930403,4.0436940374440375
nfbzvhip,cells_per_stroke,1.0870011135272213,2.2778493064449497
nhds6zsd,cells_per_stroke,1.004803575185859,2.634974498108139
ni5df01j,cells_per_stroke,4.081173974419822,3.666380825057296
nldu5ge3,cells_per_stroke,3.4005841693041714,3.818337959530508
npr5bsi2,cells_per_stroke,2.134482625868495,1.7886025054970676
nqubyvew,cells_per_stroke,2.813940433635656,1.999160259470756
nrfiw9bx,cells_per_stroke,4.026592481816939,4.18607237902296
nx0vccp8,cells_per_stroke,1.2503047320370415,1.6438448503018563
nze0azo1,cells_per_stroke,3.745278063414484,2.7554995389623635
o2ho0580,cells_per_stroke,4.378362297389604,3.330070612363332
o4kkkuj9,cells_per_stroke,2.136841465653854,2.2657838995430906
o5qropwk,cells_per_stroke,3.0363763808195245,3.7180062884562486
ol9lky1i,cells_per_stroke,3.4077346413251313,3.4010724468316806
om1m73rv,cells_per_stroke,4.333843345524577,3.702396053524062
onnumbyy,cells_per_stroke,1.643277537415624,1.618953394186722
ovhoesyy,cells_per_stroke,4.555900014333878,3.753309534396491
oxvw1rhx,cells_per_stroke,1.035343209248034,3.583526799846245
pad0sufd,cells_per_stroke,4.091084302926408,2.9209928170237753
pcrxo3zp,cells_per_stroke,4.981457219536735,5.036090880796762
phbjwkyw,cells_per_stroke,5.450274738732711,2.558775115999544
plfupad7,cells_per_stroke,1.945040036639542,3.7787294415586428
pz38obzd,cells_per_stroke,3.1754514362674313,2.8155475503291156
q04yitea,cells_per_stroke,2.716785589829618,3.2228456123143503
qazkn1sw,cells_per_stroke,1.9275357093522156,1.8660729342667324
qfiy90jx,cells_per_stroke,4.290700549033883,3.1168894600208263
qfsp3ery,cells_per_stroke,1.7120335733987726,3.34830021141128
qkiu92kk,cells_per_stroke,2.5848991334342197,2.2008968843513466
qothvfhf,cells_per_stroke,1.3471952883717588,1.0135338345864662
qu0lm98m,cells_per_stroke,3.3705330874933908,4.63429745926725
qv0yh587,cells_per_stroke,1.0458078855483608,1.1034761708834433
r24jdhzg,cells_per_stroke,1.8186385315797078,2.089967574493752
r2ck84r8,cells_per_stroke,2.330225628074049,3.4047450455741757
r99uy0qb,cells_per_stroke,3.463565240452617,4.323946872946209
rhbgnqhz,cells_per_stroke,4.829188118520825,4.996605180533751
rjanlii9,cells_per_stroke,3.0035722993391305,3.9279933024138387
s03ed531,cells_per_stroke,1.0,1.0
sesf1qnx,cells_per_stroke,3.544651450558827,3.6210166009937175
ske58akk,cells_per_stroke,2.9307090634461828,4.512286366765016
sn10zd6g,cells_per_stroke,3.018127578716836,5.221256764010388
so5k1adg,cells_per_stroke,1.0,1.0
sp00glmz,cells_per_stroke,2.49659250366971,2.061657767607424
stbyxpx6,cells_per_stroke,2.167382557531886,3.796016899530696
szbhlpfr,cells_per_stroke,2.7795232156627834,3.152005200863161
t2eyvuxq,cells_per_stroke,3.6368512349593423,4.767133751603546
t3l0if03,cells_per_stroke,2.8712641851894203,4.556259409260296
tc5wgx8h,cells_per_stroke,3.5158197814660546,3.4150073278219133
uktb326q,cells_per_stroke,1.1713678507881446,1.7101706902941272
v6jvgdvg,cells_per_stroke,1.0541512508321549,3.1855777380683588
vbwguazj,cells_per_stroke,3.0114569226158374,2.7043046492794667
vpxztp7b,cells_per_stroke,2.891966800395372,2.9808051739575596
vr20hyge,cells_per_stroke,1.1523448831587428,1.8457433097256761
wcau806y,cells_per_stroke,1.5935798208591043,1.557125633166006
x5id5i5q,cells_per_stroke,1.8726411524732278,2.755019450076412
xasfvnb7,cells_per_stroke,1.181718116162079,1.5155138473701597
xeu3j3ki,cells_per_stroke,2.866774959969667,2.1106988172580374
xklnx39q,cells_per_stroke,4.54212461388459,5.332505274837208
y32zaw9c,cells_per_stroke,1.0043229287737612,1.0119015222645764
ya0wv6pm,cells_per_stroke,1.9432202603275042,1.25478744595725
yebzokh4,cells_per_stroke,1.7753189248805752,2.0456231228949737
yfyhejim,cells_per_stroke,4.180117917059728,6.323901754110087
ym49wqbn,cells_per_stroke,2.493727277510728,3.305806945700818
z3die4q3,cells_per_stroke,6.84208229482596,5.620094883694273
z8b26ynw,cells_per_stroke,4.2954153010866305,4.659357058615735
zelqv7az,cells_per_stroke,3.0666071960116033,3.9108578319309353
zfeorjum,cells_per_stroke,2.5884001566249135,4.32046686338353
zj5uemkt,cells_per_stroke,2.245967915823946,2.9434072428753275
zvbewhqx,cells_per_stroke,2.825494482868259,3.9370807831880317
02333qfj,n_strokes,19.848484848484848,14.65625
0hrc9vve,n_strokes,16.153846153846153,7.3076923076923075
0ra11hiv,n_strokes,21.08,55.166666666666664
0yfthc4y,n_strokes,28.305555555555557,27.257142857142856
154uk6vm,n_strokes,36.285714285714285,13.035714285714286
189iqcds,n_strokes,17.11764705882353,13.147058823529411
1qt2f29y,n_strokes,34.945945945945944,39.333333333333336
1r6yodve,n_strokes,57.35294117647059,76.67647058823529
23iyreiv,n_strokes,23.454545454545453,12.5
27d8totr,n_strokes,20.11111111111111,19.514285714285716
2anyuqd8,n_strokes,35.63636363636363,55.95454545454545
2d8q4qkc,n_strokes,11.875,11.59375
2j8p9vyz,n_strokes,13.75,14.25
2tkm21z6,n_strokes,37.891891891891895,43.75
2w766g1z,n_strokes,16.72222222222222,18.11111111111111
3cc6zm51,n_strokes,34.972972972972975,34.5
3d2as981,n_strokes,28.21212121212121,18.46875
3irnkhq8,n_strokes,17.944444444444443,11.114285714285714
41kp06jx,n_strokes,20.941176470588236,13.264705882352942
44o5xnxe,n_strokes,21.972972972972972,13.583333333333334
4j6cy1mk,n_strokes,26.756756756756758,22.88888888888889
4s3cm7d8,n_strokes,35.45945945945946,15.777777777777779
4s9g1cze,n_strokes,8.82857142857143,12.176470588235293
4wx63ymf,n_strokes,11.891891891891891,17.333333333333332
50nsp39w,n_strokes,20.391304347826086,17.217391304347824
5nrjvc7q,n_strokes,29.91891891891892,24.055555555555557
61zahdh9,n_strokes,21.52777777777778,15.2
648anokh,n_strokes,16.405405405405407,14.222222222222221
6e5gb0yb,n_strokes,18.486486486486488,13.722222222222221
6eyovdd2,n_strokes,26.10810810810811,18.02777777777778
72p6pxny,n_strokes,27.027027027027028,24.38888888888889
74l1qvc1,n_strokes,26.227272727272727,21.59090909090909
7agy8y3l,n_strokes,27.81081081081081,25.25
89u58v07,n_strokes,17.72972972972973,17.0
8aknstxj,n_strokes,20.28125,17.35483870967742
8bgj1tsd,n_strokes,21.25,20.444444444444443
8d21w3yr,n_strokes,34.82857142857143,26.38235294117647
8jwr3j6t,n_strokes,15.0,15.696969696969697
8oohxrrz,n_strokes,17.324324324324323,13.0
8psac9uo,n_strokes,30.864864864864863,29.47222222222222
8y2nd2sh,n_strokes,14.783783783783784,15.055555555555555
8yhijukj,n_strokes,17.22222222222222,11.5
904h81sn,n_strokes,20.43243243243243,17.166666666666668
9evwb372,n_strokes,12.685714285714285,12.028571428571428
9ohxtpht,n_strokes,21.243243243243242,20.75
9pjr0waw,n_strokes,12.380952380952381,13.333333333333334
a0w1xgxf,n_strokes,24.058823529411764,12.441176470588236
a589fsqz,n_strokes,15.63888888888889,21.52777777777778
a6jpzpek,n_strokes,14.72972972972973,7.916666666666667
a9gvtd1o,n_strokes,23.333333333333332,18.22222222222222
aqmjput5,n_strokes,48.60606060606061,18.875
ascil7wf,n_strokes,17.35135135135135,21.88888888888889
aypxap78,n_strokes,19.16216216216216,16.61111111111111
bcyhma9y,n_strokes,42.0,24.636363636363637
bmlngyh3,n_strokes,34.729729729729726,27.02777777777778
bw2cwy0m,n_strokes,28.02777777777778,18.083333333333332
bx44xwzb,n_strokes,21.243243243243242,32.611111111111114
byx9jkxm,n_strokes,17.43243243243243,10.694444444444445
c2lwacqc,n_strokes,27.606060606060606,15.090909090909092
c7z6erey,n_strokes,21.675675675675677,13.944444444444445
c9sps7bl,n_strokes,9.243243243243244,12.416666666666666
cdo2cmtp,n_strokes,30.48,47.666666666666664
ce9qdbyh,n_strokes,17.72,12.833333333333334
cfclud8z,n_strokes,21.583333333333332,11.222222222222221
cghxa2ie,n_strokes,19.89189189189189,13.083333333333334
clhkwrie,n_strokes,29.555555555555557,24.555555555555557
clucow7d,n_strokes,19.135135135135137,14.277777777777779
cp3b83py,n_strokes,11.81081081081081,15.666666666666666
cuybsfwr,n_strokes,21.137931034482758,21.75862068965517
cw4tyx7n,n_strokes,22.78125,2.28125
d1vjrjhc,n_strokes,21.181818181818183,11.40625
dmft9d3y,n_strokes,20.135135135135137,19.833333333333332
e0biso3r,n_strokes,19.81081081081081,13.444444444444445
e2w81k0i,n_strokes,12.0,16.305555555555557
ei0ij8ms,n_strokes,20.37837837837838,14.333333333333334
emwp6wq7,n_strokes,20.216216216216218,18.52777777777778
ew4oecfi,n_strokes,16.18918918918919,13.472222222222221
eyn3wygc,n_strokes,30.7027027027027,26.416666666666668
f0wpo2hr,n_strokes,19.43243243243243,15.36111111111111
f1ejz9fy,n_strokes,18.513513513513512,17.13888888888889
f5ktzt2t,n_strokes,12.694444444444445,13.972222222222221
fgxp8fzz,n_strokes,11.878787878787879,12.303030303030303
fkx2gd88,n_strokes,10.666666666666666,14.151515151515152
fl73adm5,n_strokes,13.12,11.958333333333334
g3vslpjv,n_strokes,21.18918918918919,17.833333333333332
g7svteiz,n_strokes,32.32432432432432,26.0
hd5k29qy,n_strokes,26.91891891891892,17.75
hkj9daz7,n_strokes,14.432432432432432,11.444444444444445
hpl7jugr,n_strokes,8.03125,13.65625
hsm45iwx,n_strokes,21.18918918918919,14.222222222222221
icf7bchs,n_strokes,57.3,43.310344827586206
idma9086,n_strokes,18.583333333333332,21.75
ikfbpugl,n_strokes,17.59259259259259,9.074074074074074
ism64anu,n_strokes,17.81081081081081,16.02777777777778
j2dvablb,n_strokes,14.027027027027026,13.13888888888889
j2pjmr32,n_strokes,24.45,26.5
jayyv6lz,n_strokes,36.94444444444444,17.97142857142857
jeq3oy2g,n_strokes,29.133333333333333,5.379310344827586
jqeesfz7,n_strokes,48.513513513513516,40.22222222222222
jx6lhkbi,n_strokes,13.72972972972973,12.694444444444445
k8txaw58,n_strokes,22.054054054054053,12.555555555555555
kavvl57w,n_strokes,13.321428571428571,12.592592592592593
kck1uue7,n_strokes,20.81081081081081,9.444444444444445
kkeej6x5,n_strokes,21.27027027027027,19.52777777777778
kmwiem6m,n_strokes,9.837837837837839,15.055555555555555
kwy2bqjo,n_strokes,24.135135135135137,18.944444444444443
l0nln4b2,n_strokes,26.243243243243242,21.27777777777778
l5sagbsh,n_strokes,17.72972972972973,14.527777777777779
l9krayds,n_strokes,44.064516129032256,14.67741935483871
ldo5smvx,n_strokes,13.10344827586207,12.10344827586207
ler5uq42,n_strokes,43.0625,25.161290322580644
ljwskxcq,n_strokes,14.891891891891891,11.472222222222221
lmtka1ev,n_strokes,12.03125,10.84375
m63pxnwq,n_strokes,12.058823529411764,16.363636363636363
mhskzwic,n_strokes,19.25,23.77777777777778
mlvcv31l,n_strokes,14.837837837837839,13.916666666666666
mpzcivx9,n_strokes,13.243243243243244,12.13888888888889
mr7lkk46,n_strokes,17.944444444444443,21.22222222222222
mrwlcmno,n_strokes,40.111111111111114,32.19444444444444
mrypomny,n_strokes,29.324324324324323,23.77777777777778
mzi8f2hv,n_strokes,18.054054054054053,14.833333333333334
n2et79bd,n_strokes,18.583333333333332,4.708333333333333
nfbzvhip,n_strokes,40.71875,31.903225806451612
nhds6zsd,n_strokes,42.416666666666664,20.114285714285714
ni5df01j,n_strokes,15.6,16.457142857142856
nldu5ge3,n_strokes,20.36111111111111,15.444444444444445
npr5bsi2,n_strokes,29.75,26.428571428571427
nqubyvew,n_strokes,22.962962962962962,23.85185185185185
nrfiw9bx,n_strokes,12.81081081081081,14.36111111111111
nx0vccp8,n_strokes,36.45945945945946,35.861111111111114
nze0azo1,n_strokes,21.675675675675677,22.166666666666668
o2ho0580,n_strokes,23.594594594594593,19.805555555555557
o4kkkuj9,n_strokes,31.675675675675677,31.694444444444443
o5qropwk,n_strokes,25.0,27.47222222222222
ol9lky1i,n_strokes,27.52173913043478,15.045454545454545
om1m73rv,n_strokes,21.81081081081081,21.055555555555557
onnumbyy,n_strokes,31.103448275862068,30.857142857142858
ovhoesyy,n_strokes,16.594594594594593,13.777777777777779
oxvw1rhx,n_strokes,50.945945945945944,25.5
pad0sufd,n_strokes,16.405405405405407,23.0
pcrxo3zp,n_strokes,20.516129032258064,11.133333333333333
phbjwkyw,n_strokes,16.864864864864863,23.333333333333332
plfupad7,n_strokes,25.0,19.22222222222222
pz38obzd,n_strokes,17.594594594594593,19.47222222222222
q04yitea,n_strokes,21.055555555555557,19.27777777777778
qazkn1sw,n_strokes,26.88888888888889,23.72222222222222
qfiy90jx,n_strokes,16.08108108108108,17.61111111111111
qfsp3ery,n_strokes,38.64705882352941,17.794117647058822
qkiu92kk,n_strokes,24.884615384615383,17.56
qothvfhf,n_strokes,35.02857142857143,44.74285714285714
qu0lm98m,n_strokes,18.756756756756758,18.416666666666668
qv0yh587,n_strokes,48.05714285714286,16.0
r24jdhzg,n_strokes,25.027027027027028,28.083333333333332
r2ck84r8,n_strokes,18.783783783783782,17.444444444444443
r99uy0qb,n_strokes,14.166666666666666,9.142857142857142
rhbgnqhz,n_strokes,20.228571428571428,10.914285714285715
rjanlii9,n_strokes,25.513513513513512,19.055555555555557
s03ed531,n_strokes,49.22222222222222,39.114285714285714
sesf1qnx,n_strokes,24.541666666666668,13.521739130434783
ske58akk,n_strokes,17.72972972972973,15.86111111111111
sn10zd6g,n_strokes,20.89189189189189,12.63888888888889
so5k1adg,n_strokes,44.77272727272727,54.77272727272727
sp00glmz,n_strokes,30.45945945945946,30.0
stbyxpx6,n_strokes,22.285714285714285,13.464285714285714
szbhlpfr,n_strokes,23.464285714285715,19.035714285714285
t2eyvuxq,n_strokes,22.405405405405407,16.63888888888889
t3l0if03,n_strokes,20.35135135135135,12.63888888888889
tc5wgx8h,n_strokes,27.13888888888889,21.085714285714285
uktb326q,n_strokes,33.2,30.264705882352942
v6jvgdvg,n_strokes,41.94444444444444,21.86111111111111
vbwguazj,n_strokes,18.485714285714284,21.264705882352942
vpxztp7b,n_strokes,17.714285714285715,20.205882352941178
vr20hyge,n_strokes,21.41176470588235,17.441176470588236
wcau806y,n_strokes,24.17142857142857,21.0
x5id5i5q,n_strokes,38.08,26.68
xasfvnb7,n_strokes,44.68181818181818,20.59090909090909
xeu3j3ki,n_strokes,17.0,20.26086956521739
xklnx39q,n_strokes,17.166666666666668,9.17142857142857
y32zaw9c,n_strokes,44.333333333333336,33.166666666666664
ya0wv6pm,n_strokes,25.27027027027027,36.861111111111114
yebzokh4,n_strokes,40.638888888888886,32.55555555555556
yfyhejim,n_strokes,13.594594594594595,15.916666666666666
ym49wqbn,n_strokes,38.19444444444444,22.61111111111111
z3die4q3,n_strokes,11.194444444444445,13.0
z8b26ynw,n_strokes,14.621621621621621,13.75
zelqv7az,n_strokes,22.16216216216216,12.805555555555555
zfeorjum,n_strokes,20.2972972972973,16.333333333333332
zj5uemkt,n_strokes,29.11764705882353,18.529411764705884
zvbewhqx,n_strokes,22.08108108108108,18.805555555555557
02333qfj,rt,3.938186748108566,3.3258970684398177
0hrc9vve,rt,2.4175976242368,2.258005417419251
0ra11hiv,rt,4.178650103576458,3.9690242778583618
0yfthc4y,rt,3.089245443479689,2.8582967396352976
154uk6vm,rt,3.308306338209725,3.1522122098624776
189iqcds,rt,4.299419035341983,3.6136717661602042
1qt2f29y,rt,3.9458513642977273,3.278224453254707
1r6yodve,rt,2.293620132323204,3.194494838940206
23iyreiv,rt,3.2936575566151065,2.9642470396141025
27d8totr,rt,4.049900325275801,3.758476204361612
2anyuqd8,rt,3.6870023717353964,3.563556547884187
2d8q4qkc,rt,2.467031270218164,2.53761532835858
2j8p9vyz,rt,3.8160011564328724,3.5811610591932865
2tkm21z6,rt,3.729349926474508,3.5429789405036223
2w766g1z,rt,3.2487142501652544,3.1339713407339373
3cc6zm51,rt,3.8872500511205503,3.6207857472815297
3d2as981,rt,4.094896922611898,3.9821975773901452
3irnkhq8,rt,3.096468203692586,3.0943085170119757
41kp06jx,rt,3.1613167244108196,3.277154509481409
44o5xnxe,rt,3.2465130041884867,3.160324909058156
4j6cy1mk,rt,3.1519271928632056,2.9951855618755903
4s3cm7d8,rt,4.349376682162767,3.683156221185629
4s9g1cze,rt,2.8015685475077974,2.8041225941251833
4wx63ymf,rt,2.9808795707343787,3.0351960203432204
50nsp39w,rt,3.282786516527003,3.3302377287436506
5nrjvc7q,rt,3.721815880621085,3.220553919004267
61zahdh9,rt,3.102032149720144,2.767380490452293
648anokh,rt,3.013295866238832,2.8659817058632755
6e5gb0yb,rt,3.1121794915099614,2.575420710549536
6eyovdd2,rt,2.9652206958697573,2.745669020473967
72p6pxny,rt,3.633954146451932,3.470583267422212
74l1qvc1,rt,3.944236555870145,3.268940105152496
7agy8y3l,rt,3.8477690243400926,3.3964359325919866
89u58v07,rt,3.891086396776213,3.809693325193317
8aknstxj,rt,4.0297303160726035,3.6305559689613114
8bgj1tsd,rt,3.8064694355641087,3.354526219094836
8d21w3yr,rt,3.7684374903579543,3.069533181196059
8jwr3j6t,rt,2.994561897133559,2.818427605868871
8oohxrrz,rt,3.317538518098732,3.352479882148097
8psac9uo,rt,3.4744849619799245,3.4381295396932385
8y2nd2sh,rt,3.6464934303038405,3.429606434882797
8yhijukj,rt,3.4543179853888666,3.2422965717934473
904h81sn,rt,3.013427723378505,2.965333193933672
9evwb372,rt,3.04951826701778,2.7056401181532816
9ohxtpht,rt,3.480670667352999,3.319459863062193
9pjr0waw,rt,2.826056335124369,2.844708848480686
a0w1xgxf,rt,3.080340461892975,2.743280092429801
a589fsqz,rt,3.17640171264779,2.9677020480998237
a6jpzpek,rt,3.4283085872390573,2.340694075318785
a9gvtd1o,rt,3.593909174954333,3.5589944088807552
aqmjput5,rt,3.569693815584109,3.431560460077838
ascil7wf,rt,3.402254724142138,3.474011916659775
aypxap78,rt,3.02267398460073,2.958165399352467
bcyhma9y,rt,4.13189894212999,3.329271562479356
bmlngyh3,rt,3.5917629868016947,3.2168843246726735
bw2cwy0m,rt,3.3704071257353645,3.3617655748962916
bx44xwzb,rt,3.3199414937480967,3.055436319978307
byx9jkxm,rt,2.9467682800049557,2.983760275388168
c2lwacqc,rt,3.7591357090435156,3.514909707704562
c7z6erey,rt,3.032096991864616,2.9349754324023167
c9sps7bl,rt,2.4597184236511906,2.436632790282899
cdo2cmtp,rt,3.1612010983869827,2.9067344882210286
ce9qdbyh,rt,2.941370379689973,2.5311900613271914
cfclud8z,rt,3.346125221627314,3.2002176440030947
cghxa2ie,rt,3.8863157812720686,3.6161801161783345
clhkwrie,rt,3.607500328763935,3.2315901218799414
clucow7d,rt,3.7376488104126686,3.460215332100433
cp3b83py,rt,3.164999426341397,3.0500273051612723
cuybsfwr,rt,2.976355329356585,3.195908729106056
cw4tyx7n,rt,3.4323602495944634,1.266793720823451
d1vjrjhc,rt,3.722527614220897,3.2330742168787148
dmft9d3y,rt,3.8465336288279905,3.1323774379021483
e0biso3r,rt,3.4064543778579064,3.3278933407987004
e2w81k0i,rt,3.2901934149412386,3.150073707988599
ei0ij8ms,rt,3.218393077260042,2.9048446760750775
emwp6wq7,rt,3.242403781720364,3.108178850872219
ew4oecfi,rt,3.4274605655164256,3.1436803451253943
eyn3wygc,rt,3.9544363615564087,3.643099415336922
f0wpo2hr,rt,3.414483405944367,3.355702972171915
f1ejz9fy,rt,3.030867634057259,2.876243614007772
f5ktzt2t,rt,2.8102286092248656,2.676711764714564
fgxp8fzz,rt,3.5230581377464927,3.4000485464012646
fkx2gd88,rt,3.740638870291775,3.4159590247513645
fl73adm5,rt,2.9662362094221426,3.270098369625661
g3vslpjv,rt,3.4078424076644755,3.208439019645766
g7svteiz,rt,3.3198538547100913,3.149349942817292
hd5k29qy,rt,4.063664791314032,3.8967916275501318
hkj9daz7,rt,4.127439032702572,3.5397551432066514
hpl7jugr,rt,2.649538909533722,2.5018395651069807
hsm45iwx,rt,3.687445481178492,3.587143631216168
icf7bchs,rt,3.721893102015818,3.2016640934678127
idma9086,rt,3.1154251165567586,3.2221930030507746
ikfbpugl,rt,2.861345679667946,2.4381981920276314
ism64anu,rt,3.6722235906755123,3.438087257524826
j2dvablb,rt,2.9212857808829282,2.642094703012362
j2pjmr32,rt,3.4526221581668515,3.7476148049725673
jayyv6lz,rt,4.133642497646831,2.6313801458097568
jeq3oy2g,rt,3.5369501579481337,2.513352414508332
jqeesfz7,rt,3.3412917261564714,3.3032274068654397
jx6lhkbi,rt,3.9652113698408384,3.312999341726012
k8txaw58,rt,3.1397746922288685,2.955866335357731
kavvl57w,rt,3.289333482382013,3.3456276246435728
kck1uue7,rt,3.5203728407653117,3.732411956545253
kkeej6x5,rt,3.929054034133092,3.8208937800323337
kmwiem6m,rt,3.3016318419017456,2.6828766228045153
kwy2bqjo,rt,3.0583639825270708,2.9863675163334324
l0nln4b2,rt,3.2855976843875068,3.323338786792485
l5sagbsh,rt,2.9288619837349668,3.0431903939774094
l9krayds,rt,3.2508821264948877,2.6394757769746358
ldo5smvx,rt,3.5538295973894956,2.641586789783793
ler5uq42,rt,3.352574277059225,2.9771077616490023
ljwskxcq,rt,2.5932760698954214,2.2650147984609728
lmtka1ev,rt,2.4011927167371603,2.2597605933775218
m63pxnwq,rt,2.563060286928941,2.5954529136079154
mhskzwic,rt,3.182043578038604,3.027510508569547
mlvcv31l,rt,2.88054184709451,2.9296171944558016
mpzcivx9,rt,3.5634557376334413,3.1582779335723123
mr7lkk46,rt,3.3666824980293133,3.278004573840407
mrwlcmno,rt,3.056848921679222,3.069673749088805
mrypomny,rt,4.177079895265391,3.7488169074160345
mzi8f2hv,rt,2.766368375557498,2.710455858576796
n2et79bd,rt,3.7492740703724814,1.9661646657362326
nfbzvhip,rt,4.063660237099135,2.7792953854837164
nhds6zsd,rt,3.6498139916680827,3.4628874876681732
ni5df01j,rt,2.9797466954235396,3.0004708354866234
nldu5ge3,rt,2.954948249112154,3.0322330074381285
npr5bsi2,rt,3.52239522137577,3.1154000183969295
nqubyvew,rt,3.7254967775454784,2.8998404243693354
nrfiw9bx,rt,3.266736358339479,3.2675457691349057
nx0vccp8,rt,3.8643585979168065,3.745824274682502
nze0azo1,rt,3.201253841254096,3.1261753756193222
o2ho0580,rt,2.545299507799778,2.75300769099319
o4kkkuj9,rt,3.5614108717347936,3.3753149123502495
o5qropwk,rt,3.2596050299160075,3.251107503252822
ol9lky1i,rt,2.9327406959965145,2.8092263713073637
om1m73rv,rt,2.9698577165657163,2.6705282371361463
onnumbyy,rt,3.7496760228383432,3.333776763945804
ovhoesyy,rt,3.6529820191883458,3.291697466431075
oxvw1rhx,rt,3.351506141338818,3.1506190976894697
pad0sufd,rt,3.2949711031228244,3.0133906688391474
pcrxo3zp,rt,3.169397515079489,3.1713512348885304
phbjwkyw,rt,3.091630092732927,3.0832435927511663
plfupad7,rt,3.938899303099513,3.629514231578876
pz38obzd,rt,3.2919416755160866,3.231695024820801
q04yitea,rt,3.160415857663409,3.1511293677451993
qazkn1sw,rt,2.428331923266415,2.412814085729787
qfiy90jx,rt,3.598369343551332,3.3764463729470426
qfsp3ery,rt,3.45258352857871,3.3348437787201815
qkiu92kk,rt,3.6367586962073855,2.8211712441552685
qothvfhf,rt,3.3416084952333014,3.3215556072460197
qu0lm98m,rt,2.9652398694065085,2.966593153344286
qv0yh587,rt,3.250272646966639,2.101989881305692
r24jdhzg,rt,3.4613545111138766,3.324378956905675
r2ck84r8,rt,3.5788533977318857,3.141639334905976
r99uy0qb,rt,3.962711477814075,3.4480779750873176
rhbgnqhz,rt,3.052784756421533,2.8203998932011403
rjanlii9,rt,4.085824497478788,3.54887460059871
s03ed531,rt,3.0871629569901335,2.789337542927208
sesf1qnx,rt,3.9249230982780325,3.3186583995566963
ske58akk,rt,3.7042344329227612,3.7338644080708048
sn10zd6g,rt,3.5276019961023835,3.336628843199286
so5k1adg,rt,3.794080967525699,3.4899679596335207
sp00glmz,rt,3.6203286895569744,3.327362645191221
stbyxpx6,rt,3.1889586236779865,2.905947388253891
szbhlpfr,rt,3.4818904630064558,2.9177842230289044
t2eyvuxq,rt,3.409768266064411,3.1742994992724487
t3l0if03,rt,2.7567669786838542,2.3859114635394336
tc5wgx8h,rt,3.6788265521111225,3.5297517433698493
uktb326q,rt,4.318701569994054,3.637247914685708
v6jvgdvg,rt,3.9970829804917796,3.598791789704341
vbwguazj,rt,3.8023685057020966,3.612224317945743
vpxztp7b,rt,3.4179145656215617,3.333439191756116
vr20hyge,rt,3.899464925367942,3.3348851552126693
wcau806y,rt,3.549510174908574,3.3620008168653563
x5id5i5q,rt,4.508194302925059,3.7736538806094195
xasfvnb7,rt,3.662144349925936,3.0383331118335395
xeu3j3ki,rt,3.978038848155674,3.5323756980763887
xklnx39q,rt,3.3294373425565933,2.8676953126955858
y32zaw9c,rt,3.7283853538396152,3.486186319262526
ya0wv6pm,rt,3.1694581792755874,2.785296612686628
yebzokh4,rt,3.939925693308536,3.566184172533794
yfyhejim,rt,3.698410905128483,2.9826589119267055
ym49wqbn,rt,3.7594535778749107,3.5016945638002115
z3die4q3,rt,3.0048079623126243,2.899711403271099
z8b26ynw,rt,2.944767196414881,2.8492270465208027
zelqv7az,rt,2.8740768244705497,3.004749437920835
zfeorjum,rt,3.032884291635409,2.7536461334528886
zj5uemkt,rt,4.278632893634459,3.828556105302742
zvbewhqx,rt,3.190394864934545,3.1168500068896625
02333qfj,deliberation_time,3.4389920055632928,3.092744614992806
0hrc9vve,deliberation_time,2.2270872195730296,2.280525971688753
0ra11hiv,deliberation_time,3.62752309079274,3.7172754039882765
0yfthc4y,deliberation_time,2.846648657128712,2.858502152646309
154uk6vm,deliberation_time,3.0829867765985832,2.991460714360764
189iqcds,deliberation_time,3.569099436596306,3.3763164980504117
1qt2f29y,deliberation_time,3.265849519748098,3.062420855653496
1r6yodve,deliberation_time,2.208264319536076,3.0530654080785644
23iyreiv,deliberation_time,3.045901963518038,2.797676773499241
27d8totr,deliberation_time,3.5566975262715363,3.5387980408332127
2anyuqd8,deliberation_time,3.40480509598065,3.2442841587040006
2d8q4qkc,deliberation_time,2.467031270218164,2.53761532835858
2j8p9vyz,deliberation_time,3.2973210379638163,3.1345161891017996
2tkm21z6,deliberation_time,3.3713179698694016,3.3847914560244186
2w766g1z,deliberation_time,3.090641327788983,2.9219588191910533
3cc6zm51,deliberation_time,3.4522156360563674,3.333109010951253
3d2as981,deliberation_time,3.583097400593527,3.468004641020937
3irnkhq8,deliberation_time,3.010615882293535,3.0232342961064735
41kp06jx,deliberation_time,3.0803546022287516,3.0733455177806372
44o5xnxe,deliberation_time,3.117423776397914,3.0605727727860965
4j6cy1mk,deliberation_time,2.975250363473384,2.8051299159447574
4s3cm7d8,deliberation_time,3.619307519746493,3.206969041924141
4s9g1cze,deliberation_time,2.69379672039514,2.769933320537057
4wx63ymf,deliberation_time,2.8227702814975957,2.8971135192591677
50nsp39w,deliberation_time,3.0979116201089787,3.1090056307939684
5nrjvc7q,deliberation_time,3.3408381251596606,3.0827457742257596
61zahdh9,deliberation_time,2.9761267645543357,2.731436731747054
648anokh,deliberation_time,2.895138221824955,2.839261695523267
6e5gb0yb,deliberation_time,2.9104764537275223,2.538526865817156
6eyovdd2,deliberation_time,2.863668912310909,2.7439636100998177
72p6pxny,deliberation_time,3.3527156766407415,3.1651565116978304
74l1qvc1,deliberation_time,3.478516251262109,2.0742051339588206
7agy8y3l,deliberation_time,3.4418637565938344,3.1158880736228842
89u58v07,deliberation_time,3.534041246612325,3.476154416416294
8aknstxj,deliberation_time,3.5385566019592543,3.405429051058346
8bgj1tsd,deliberation_time,3.6664648857988418,3.2347172882059207
8d21w3yr,deliberation_time,3.4005107644955883,3.0177006085370977
8jwr3j6t,deliberation_time,2.9331692238848683,2.844041792345636
8oohxrrz,deliberation_time,3.1596251318019655,3.1066409236814545
8psac9uo,deliberation_time,3.31969868762141,3.2973157103179744
8y2nd2sh,deliberation_time,3.3218949275461545,3.1601636467986034
8yhijukj,deliberation_time,3.2403338694160713,3.0751154716913343
904h81sn,deliberation_time,2.9333081913902257,2.8863688409704875
9evwb372,deliberation_time,3.0075558485845892,2.7134993476311586
9ohxtpht,deliberation_time,3.2386665703968984,3.1251563785162118
9pjr0waw,deliberation_time,2.6978437086908897,2.7636875205849076
a0w1xgxf,deliberation_time,2.875108775052693,2.710483121482738
a589fsqz,deliberation_time,2.8492197483258597,2.9473590513844203
a6jpzpek,deliberation_time,3.1632760470329893,2.3456036019354056
a9gvtd1o,deliberation_time,3.297899797251911,3.1320592985089766
aqmjput5,deliberation_time,3.2412974036046935,3.3057077518894853
ascil7wf,deliberation_time,3.314661592273612,3.2548456346427352
aypxap78,deliberation_time,2.9718424381760666,2.864418213400416
bcyhma9y,deliberation_time,3.656427533943023,3.2287321796909723
bmlngyh3,deliberation_time,3.3101003870065444,3.102669865537105
bw2cwy0m,deliberation_time,3.086363402847895,2.9198397625102253
bx44xwzb,deliberation_time,3.0126188146832757,3.0728734383468836
byx9jkxm,deliberation_time,2.7778301578300475,2.7747643139503047
c2lwacqc,deliberation_time,3.3196589943351396,3.014287420545592
c7z6erey,deliberation_time,2.8418705883772017,2.8553782789121778
c9sps7bl,deliberation_time,2.386312015255374,2.44502020137877
cdo2cmtp,deliberation_time,3.059155721947898,2.8472915494565534
ce9qdbyh,deliberation_time,2.7756874493041708,2.5346624982212123
cfclud8z,deliberation_time,3.1369693376264602,3.1036472549495757
cghxa2ie,deliberation_time,3.360855704263784,3.096642197194791
clhkwrie,deliberation_time,3.1950002500439134,3.110867442508347
clucow7d,deliberation_time,3.2812816937169638,3.1270016988586633
cp3b83py,deliberation_time,3.0347559499617214,2.935355918915171
cuybsfwr,deliberation_time,2.7823481008473827,3.051481081496591
cw4tyx7n,deliberation_time,3.1223362853224503,1.0442642098849866
d1vjrjhc,deliberation_time,3.0542453765245514,3.1513870264383304
dmft9d3y,deliberation_time,3.2577616363887305,3.0001987597097934
e0biso3r,deliberation_time,3.261004396420042,3.0862305671833363
e2w81k0i,deliberation_time,3.0482135814620324,2.9684399637480454
ei0ij8ms,deliberation_time,3.0965051812744524,2.8721147264954108
emwp6wq7,deliberation_time,3.178648888876217,3.0848095214208198
ew4oecfi,deliberation_time,3.2658616910675455,3.0383375455879738
eyn3wygc,deliberation_time,3.340424160790963,3.2690736053138685
f0wpo2hr,deliberation_time,3.1916623897529317,3.057377721388983
f1ejz9fy,deliberation_time,2.9106829525108715,2.7173107865347244
f5ktzt2t,deliberation_time,2.734634949776178,2.576985485985495
fgxp8fzz,deliberation_time,3.320497744424371,3.3355018338108335
fkx2gd88,deliberation_time,3.2158676769485703,3.1505484536410813
fl73adm5,deliberation_time,2.6444343815022022,2.679716216127038
g3vslpjv,deliberation_time,3.2482827178850835,3.0464771451020796
g7svteiz,deliberation_time,3.2561780640606837,3.048258920355212
hd5k29qy,deliberation_time,3.490390000034407,3.3185101258994547
hkj9daz7,deliberation_time,3.240692887412034,3.3937871933285275
hpl7jugr,deliberation_time,2.649538909533722,2.5018395651069807
hsm45iwx,deliberation_time,3.3395939010228135,3.1392222065850506
icf7bchs,deliberation_time,3.5259813497716266,2.9583087846102027
idma9086,deliberation_time,2.966938647176911,3.089750328637729
ikfbpugl,deliberation_time,2.5180469923470796,2.0812332703492826
ism64anu,deliberation_time,3.339734156617428,3.014883201792906
j2dvablb,deliberation_time,2.8882362945716586,2.642094703012362
j2pjmr32,deliberation_time,3.244445986348979,3.280727295500717
jayyv6lz,deliberation_time,3.0942057978254915,2.516546216760231
jeq3oy2g,deliberation_time,2.70414215238896,2.534184725565501
jqeesfz7,deliberation_time,3.029731675731815,2.9868193540898322
jx6lhkbi,deliberation_time,3.4798850637830467,3.156135512154226
k8txaw58,deliberation_time,3.05228095922602,2.7941623149547574
kavvl57w,deliberation_time,3.1576865950795945,3.1790755842367022
kck1uue7,deliberation_time,3.3786520874586023,3.159629065300906
kkeej6x5,deliberation_time,3.2929941954367195,3.2116383479612836
kmwiem6m,deliberation_time,2.948573994287841,2.568695198427575
kwy2bqjo,deliberation_time,2.955677371240583,2.787147112585579
l0nln4b2,deliberation_time,3.233753392517664,3.0925574035107712
l5sagbsh,deliberation_time,2.8923799286456267,2.8910885492789697
l9krayds,deliberation_time,2.942865686690772,2.4829405269363343
ldo5smvx,deliberation_time,3.1959895053036758,2.512785017695674
ler5uq42,deliberation_time,2.945350185193975,2.945307078205412
ljwskxcq,deliberation_time,2.538816310262114,2.1822920054308494
lmtka1ev,deliberation_time,2.4011927167371603,2.2597605933775218
m63pxnwq,deliberation_time,2.502933623489542,2.5954529136079154
mhskzwic,deliberation_time,3.0776741718297775,2.878112257022586
mlvcv31l,deliberation_time,2.88054184709451,2.9296171944558016
mpzcivx9,deliberation_time,3.27692063654772,3.100382885359656
mr7lkk46,deliberation_time,3.083775678738187,3.0402007777272346
mrwlcmno,deliberation_time,2.9952290202763767,2.8767375586336206
mrypomny,deliberation_time,3.7298321626851187,3.4282944220355773
mzi8f2hv,deliberation_time,2.7398180171044526,2.587809658043455
n2et79bd,deliberation_time,3.082334277736592,1.6010501536321045
nfbzvhip,deliberation_time,3.330970863250741,2.6032797430607086
nhds6zsd,deliberation_time,3.1980065914482303,3.16152172747735
ni5df01j,deliberation_time,2.9006296674120144,2.9933221079517387
nldu5ge3,deliberation_time,2.725887552357081,2.8084925993710397
npr5bsi2,deliberation_time,3.0853225611114756,3.069836046598009
nqubyvew,deliberation_time,3.284232604948821,2.498517031125052
nrfiw9bx,deliberation_time,3.0811869143768145,2.9145211765727796
nx0vccp8,deliberation_time,3.604490874904276,3.4616517527160915
nze0azo1,deliberation_time,3.1681259519054126,2.8783017035699086
o2ho0580,deliberation_time,2.309380971245347,2.6740001545667327
o4kkkuj9,deliberation_time,3.3510559572072003,3.1948442337928062
o5qropwk,deliberation_time,3.183542860906569,2.9534486533885658
ol9lky1i,deliberation_time,2.7275578339038278,2.690248217762581
om1m73rv,deliberation_time,2.853156877394628,2.6615284636693173
onnumbyy,deliberation_time,3.412991658127272,3.2858053338539155
ovhoesyy,deliberation_time,3.4084426683689024,3.1797497438693365
oxvw1rhx,deliberation_time,3.2209300942385894,2.846720530837879
pad0sufd,deliberation_time,2.7686794421489194,2.649637145877458
pcrxo3zp,deliberation_time,2.7354770470274845,2.815975703068468
phbjwkyw,deliberation_time,2.909595513977829,2.7039082758183985
plfupad7,deliberation_time,3.5058729259499635,3.45157662762833
pz38obzd,deliberation_time,3.071686251348899,2.864697466043773
q04yitea,deliberation_time,3.048652510897779,3.1329420889106285
qazkn1sw,deliberation_time,1.9095712555701303,2.3456350752348696
qfiy90jx,deliberation_time,3.3452513444874876,3.244863364039126
qfsp3ery,deliberation_time,3.2755306199775687,3.0390266745876957
qkiu92kk,deliberation_time,2.928861849111171,2.6299483873728113
qothvfhf,deliberation_time,3.208395690361767,3.1543416898474943
qu0lm98m,deliberation_time,2.912497796328788,2.844316337318982
qv0yh587,deliberation_time,3.0516039007667106,2.006916157415195
r24jdhzg,deliberation_time,3.3211093627230084,3.214026497025117
r2ck84r8,deliberation_time,3.1204281713922373,2.866748940152283
r99uy0qb,deliberation_time,3.4125133709684117,3.31687587913698
rhbgnqhz,deliberation_time,2.9521003461120907,2.8115635708221065
rjanlii9,deliberation_time,3.6167866003376967,3.283831309077472
s03ed531,deliberation_time,2.8627748745677035,2.7441096006633994
sesf1qnx,deliberation_time,3.445581981924763,3.063437448511354
ske58akk,deliberation_time,3.3278286532834187,3.3371679173303055
sn10zd6g,deliberation_time,3.1910669321039284,3.29505414923808
so5k1adg,deliberation_time,3.4619765394707254,3.397478887612265
sp00glmz,deliberation_time,3.3535617291514237,3.2366385274136142
stbyxpx6,deliberation_time,3.0280055422369667,2.858709886628073
szbhlpfr,deliberation_time,3.256448934003451,2.7383125723865276
t2eyvuxq,deliberation_time,3.25850495287109,3.0956872342579373
t3l0if03,deliberation_time,2.633668633608733,2.3552769490324184
tc5wgx8h,deliberation_time,3.2765514665530313,3.239936176274153
uktb326q,deliberation_time,3.255493641406289,3.371919520899815
v6jvgdvg,deliberation_time,3.6661748954363387,3.2674387704810117
vbwguazj,deliberation_time,3.3750004852973805,3.30700526404904
vpxztp7b,deliberation_time,3.1954171530721838,3.1638926773257916
vr20hyge,deliberation_time,3.44157469769152,3.1396934153672076
wcau806y,deliberation_time,3.263902642149433,3.307805885237381
x5id5i5q,deliberation_time,3.7164529129152566,2.5050452137388444
xasfvnb7,deliberation_time,2.988090626972045,2.573335417510827
xeu3j3ki,deliberation_time,3.642279836327986,2.8267880361991122
xklnx39q,deliberation_time,3.193535836011894,2.845220439279695
y32zaw9c,deliberation_time,3.3723178508586584,3.2977835523063965
ya0wv6pm,deliberation_time,3.005219432197631,2.7564772215970064
yebzokh4,deliberation_time,3.614826616064422,3.4036288851019143
yfyhejim,deliberation_time,3.141908976280276,2.9216343049042726
ym49wqbn,deliberation_time,3.3525709812913926,3.2505569402268226
z3die4q3,deliberation_time,3.0133401386632084,2.8191258502033327
z8b26ynw,deliberation_time,2.858604438910614,2.7103352436633608
zelqv7az,deliberation_time,2.809599159474293,2.85580255684791
zfeorjum,deliberation_time,2.863425677686452,2.7402002762866386
zj5uemkt,deliberation_time,3.7281458499070084,3.4733976093793104
zvbewhqx,deliberation_time,3.0709928752096136,3.034716849504776
