problem,task,keyword,group,n_kg,n_k,n_g,n_p,lift,p,bh
26,1b60fb0c,Reverse,26_wrong2,8,27,10,74,2.19,0.003658954166090941,0.001282051282051282
16,0e671a1a,Color,16_wrong1,14,24,26,65,1.46,0.020528649200355496,0.002564102564102564
17,1f0c79e5,Path,17_wrong1,8,42,10,81,1.54,0.056602438464758556,0.003846153846153847
16,0e671a1a,Distance,16_wrong2,5,16,10,65,2.03,0.057271822655497295,0.005128205128205128
26,1b60fb0c,Shape,26_wrong1,7,23,15,74,1.5,0.12644953975317244,0.00641025641025641
07,6a1e5592,Shape,07_wrong1,4,17,5,36,1.69,0.13636363636363633,0.007692307692307694
16,0e671a1a,Direction,16_wrong2,8,39,10,65,1.33,0.1460264908410961,0.008974358974358975
29,0d87d2a6,Contact,29_wrong1,12,34,19,67,1.24,0.15692734201630712,0.010256410256410256
16,0e671a1a,Object,16_wrong1,4,6,26,65,1.67,0.16796353655158522,0.011538461538461539
17,1f0c79e5,Path,17_wrong2,4,42,5,81,1.54,0.20357584281634916,0.01282051282051282
13,5c0a986e,Pattern,13_wrong1,4,14,7,37,1.51,0.22842838094261245,0.014102564102564105
39,12eac192,Pattern,39_wrong1,5,32,8,71,1.39,0.24942371298098515,0.015384615384615387
16,0e671a1a,Pattern,16_wrong1,5,9,26,65,1.39,0.2523254899318529,0.016666666666666666
26,1b60fb0c,Position,26_wrong1,5,18,15,74,1.37,0.2756747374064281,0.01794871794871795
39,12eac192,Color,39_wrong1,8,61,8,71,1.16,0.2767922726589777,0.019230769230769232
29,0d87d2a6,Fill,29_wrong1,14,44,19,67,1.12,0.2832424331762574,0.020512820512820513
16,0e671a1a,Order,16_wrong1,9,19,26,65,1.18,0.306464449916811,0.021794871794871797
29,0d87d2a6,Path,29_wrong1,14,45,19,67,1.1,0.3398492208903536,0.023076923076923078
17,1f0c79e5,Direction,17_wrong1,8,56,10,81,1.16,0.34665519379363113,0.02435897435897436
17,1f0c79e5,Color,17_wrong2,4,51,5,81,1.27,0.38428753618627043,0.02564102564102564
16,0e671a1a,Position,16_wrong1,4,8,26,65,1.25,0.40191785599819013,0.026923076923076925
29,0d87d2a6,Color,29_wrong1,12,39,19,67,1.09,0.4071157753106313,0.02820512820512821
16,0e671a1a,Contact,16_wrong1,6,13,26,65,1.15,0.4200974278168179,0.02948717948717949
26,1b60fb0c,Symmetry,26_wrong1,12,55,15,74,1.08,0.42099466507434774,0.030769230769230774
29,0d87d2a6,Direction,29_wrong1,7,22,19,67,1.12,0.4346081093112945,0.03205128205128205
26,1b60fb0c,Symmetry,26_wrong2,8,55,10,74,1.08,0.4986896769596739,0.03333333333333333
17,1f0c79e5,Direction,17_wrong2,4,56,5,81,1.16,0.5074651087309313,0.03461538461538462
34,4b6b68e5,Fill,34_wrong1,6,33,6,36,1.09,0.5686274509803922,0.0358974358974359
26,1b60fb0c,Color,26_wrong2,4,28,10,74,1.06,0.5700154910674138,0.037179487179487186
16,0e671a1a,Path,16_wrong2,8,51,10,65,1.02,0.6329988120769193,0.038461538461538464
16,0e671a1a,Path,16_wrong1,20,51,26,65,0.98,0.7126083390827856,0.03974358974358975
17,1f0c79e5,Color,17_wrong1,6,51,10,81,0.95,0.7158435911367746,0.041025641025641026
26,1b60fb0c,Pattern,26_wrong1,7,37,15,74,0.93,0.7179197243075129,0.04230769230769231
06,1caeab9d,Position,06_wrong1,5,45,7,57,0.9,0.8463253455075407,0.043589743589743594
34,4b6b68e5,Color,34_wrong1,4,27,6,36,0.89,0.8493617388304295,0.04487179487179487
16,0e671a1a,Direction,16_wrong1,14,39,26,65,0.9,0.8610178971659841,0.046153846153846156
06,1caeab9d,Position,06_wrong2,4,45,6,57,0.84,0.8994601889338731,0.04743589743589744
26,1b60fb0c,Color,26_wrong1,4,28,15,74,0.7,0.9050624094780269,0.04871794871794872
16,0e671a1a,Distance,16_wrong1,4,16,26,65,0.62,0.958780478854189,0.05
