a,b,n,npmi
Direction,Path,229,0.268
Contact,Path,117,0.212
Reverse,Rotation,29,0.169
Number,Order,29,0.137
Reverse,Symmetry,60,0.134
Order,Position,71,0.129
Object,Rotation,16,0.123
Object,Shape,29,0.122
Number,Size,22,0.11
Direction,Distance,86,0.108
Pattern,Symmetry,145,0.097
Order,Pattern,91,0.085
Shape,Size,37,0.079
Rotation,Symmetry,36,0.07
Color,Fill,253,0.065
Fill,Shape,83,0.063
Object,Size,16,0.06
Fill,Number,43,0.06
Shape,Symmetry,65,0.057
Distance,Path,73,0.05
Contact,Object,20,0.047
Contact,Direction,78,0.043
Position,Symmetry,86,0.038
Order,Rotation,20,0.035
Contact,Distance,35,0.032
Pattern,Position,132,0.029
Distance,Object,17,0.027
Pattern,Shape,93,0.025
Object,Position,28,0.023
Number,Object,10,0.021
Distance,Position,52,0.021
Color,Shape,139,0.019
Distance,Size,25,0.019
Position,Shape,61,0.016
Position,Rotation,31,0.012
Object,Symmetry,25,0.01
Contact,Fill,65,0.01
Color,Reverse,96,0.002
Reverse,Shape,29,-0.003
Size,Symmetry,36,-0.006
Fill,Size,46,-0.006
Color,Size,88,-0.008
Color,Number,65,-0.008
Object,Path,32,-0.009
Reverse,Size,19,-0.01
Color,Pattern,278,-0.01
Pattern,Reverse,59,-0.017
Direction,Rotation,36,-0.018
Distance,Rotation,16,-0.019
Color,Order,104,-0.021
Fill,Object,28,-0.022
Order,Symmetry,41,-0.027
Pattern,Rotation,40,-0.028
Fill,Pattern,137,-0.03
Order,Shape,30,-0.031
Fill,Symmetry,84,-0.033
Direction,Object,29,-0.035
Number,Pattern,38,-0.037
Pattern,Size,52,-0.037
Distance,Order,24,-0.04
Contact,Size,21,-0.042
Rotation,Shape,17,-0.045
Color,Symmetry,157,-0.054
Number,Shape,16,-0.055
Distance,Symmetry,37,-0.056
Color,Object,48,-0.058
Order,Path,51,-0.059
Object,Order,11,-0.062
Direction,Position,90,-0.063
Color,Contact,102,-0.064
Distance,Fill,46,-0.067
Color,Direction,212,-0.077
Direction,Order,48,-0.078
Color,Position,158,-0.079
Order,Reverse,17,-0.08
Position,Reverse,30,-0.084
Rotation,Size,9,-0.088
Distance,Number,11,-0.09
Contact,Position,38,-0.09
Fill,Position,75,-0.091
Object,Reverse,8,-0.092
Direction,Pattern,128,-0.093
Distance,Reverse,16,-0.094
Path,Position,81,-0.095
Color,Path,202,-0.096
Fill,Path,96,-0.104
Number,Symmetry,17,-0.106
Distance,Pattern,50,-0.11
Position,Size,25,-0.111
Contact,Rotation,11,-0.111
Fill,Order,38,-0.113
Number,Position,17,-0.12
Color,Rotation,44,-0.123
Distance,Shape,20,-0.124
Contact,Number,10,-0.125
Object,Pattern,22,-0.131
Fill,Reverse,28,-0.145
Color,Distance,71,-0.148
Direction,Number,20,-0.149
Contact,Reverse,13,-0.152
Number,Rotation,4,-0.162
Number,Reverse,6,-0.163
Order,Size,10,-0.166
Direction,Shape,41,-0.171
Contact,Shape,17,-0.175
Direction,Reverse,27,-0.175
Path,Pattern,99,-0.177
Direction,Size,24,-0.184
Direction,Symmetry,54,-0.189
Contact,Pattern,40,-0.189
Path,Symmetry,53,-0.192
Contact,Symmetry,22,-0.193
Contact,Order,12,-0.196
Direction,Fill,70,-0.199
Fill,Rotation,13,-0.211
Path,Shape,33,-0.216
Path,Rotation,14,-0.216
Path,Size,15,-0.266
Number,Path,10,-0.266
Path,Reverse,13,-0.301
