a,b,n_co_assigned,observed,expected,ratio,kw_profile_cos
13,26,12,1,0.86,1.16,0.554
13,27,14,0,0.25,0.0,0.637
13,28,12,0,0.22,0.0,0.611
26,27,30,3,1.09,2.76,0.787
26,28,25,1,0.92,1.09,0.532
26,34,19,1,1.2,0.83,0.453
27,28,19,0,0.18,0.0,0.533
27,34,13,0,0.21,0.0,0.452
28,34,13,0,0.21,0.0,0.478
16,18,20,3,1.51,1.99,0.927
16,20,21,1,0.48,2.06,0.97
16,26,25,7,5.24,1.34,0.385
16,37,18,4,1.95,2.05,0.445
18,20,25,0,0.14,0.0,0.941
18,26,23,2,1.19,1.69,0.502
18,34,12,0,0.27,0.0,0.356
18,37,14,0,0.37,0.0,0.499
20,26,34,0,0.54,0.0,0.374
20,34,17,0,0.12,0.0,0.363
20,37,12,0,0.1,0.0,0.415
26,37,18,1,1.33,0.75,0.618
34,37,10,2,0.33,6.13,0.774
18,28,19,0,0.25,0.0,0.557
18,39,25,0,0.53,0.0,0.575
20,28,25,0,0.1,0.0,0.526
20,39,26,0,0.17,0.0,0.544
28,39,25,0,0.37,0.0,0.603
16,17,26,4,3.2,1.25,0.887
16,29,21,3,3.3,0.91,0.822
17,29,30,6,1.89,3.17,0.798
17,37,15,0,0.65,0.0,0.66
29,37,18,0,1.0,0.0,0.575
16,28,18,1,0.96,1.04,0.555
17,26,32,6,2.69,2.23,0.599
17,28,27,0,0.58,0.0,0.6
06,13,11,0,0.75,0.0,0.569
06,16,20,5,4.01,1.25,0.53
06,19,19,1,0.38,2.62,0.703
06,20,24,1,0.36,2.76,0.469
06,27,21,0,0.73,0.0,0.703
13,16,17,2,1.78,1.12,0.906
13,20,10,0,0.08,0.0,0.933
16,19,19,1,0.58,1.71,0.748
16,27,27,1,1.43,0.7,0.537
19,20,15,0,0.03,0.0,0.765
19,27,22,0,0.12,0.0,0.693
20,27,30,1,0.12,8.34,0.546
04,17,15,0,0.38,0.0,0.628
06,17,20,2,1.61,1.24,0.601
06,26,25,6,3.42,1.75,0.629
17,19,22,0,0.27,0.0,0.855
19,26,15,0,0.32,0.0,0.682
17,27,30,1,0.64,1.56,0.671
26,29,24,4,2.58,1.55,0.432
27,29,23,1,0.63,1.6,0.532
28,29,23,1,0.63,1.58,0.608
08,13,15,0,0.21,0.0,0.569
08,20,19,0,0.06,0.0,0.376
08,26,21,1,0.6,1.67,0.792
08,39,22,0,0.26,0.0,0.804
13,39,14,1,0.41,2.44,0.743
26,39,35,1,2.05,0.49,0.669
06,28,18,2,0.63,3.17,0.632
28,37,14,1,0.27,3.77,0.657
08,29,16,0,0.34,0.0,0.58
19,29,21,0,0.33,0.0,0.68
19,34,10,0,0.09,0.0,0.397
20,29,21,0,0.25,0.0,0.813
29,34,12,1,0.57,1.76,0.719
06,07,14,2,0.7,2.84,0.624
06,08,13,0,0.36,0.0,0.608
07,08,14,0,0.15,0.0,0.896
07,26,11,2,0.58,3.46,0.662
07,27,17,0,0.23,0.0,0.59
08,27,20,0,0.14,0.0,0.594
08,16,16,2,0.67,2.99,0.432
08,37,14,0,0.21,0.0,0.754
17,18,27,0,0.82,0.0,0.91
17,20,32,0,0.3,0.0,0.9
18,27,24,0,0.31,0.0,0.542
07,29,11,0,0.43,0.0,0.765
07,39,13,0,0.28,0.0,0.75
19,39,17,0,0.15,0.0,0.678
29,39,22,1,0.97,1.03,0.682
07,20,11,0,0.06,0.0,0.41
07,28,10,0,0.13,0.0,0.639
07,37,12,0,0.33,0.0,0.71
08,18,23,1,0.24,4.22,0.503
27,39,25,0,0.37,0.0,0.686
08,17,19,0,0.32,0.0,0.67
08,28,15,0,0.11,0.0,0.578
17,34,18,0,0.67,0.0,0.589
17,39,28,0,0.96,0.0,0.745
34,39,12,0,0.31,0.0,0.789
06,18,21,2,1.04,1.93,0.504
13,17,11,0,0.46,0.0,0.966
27,37,15,0,0.28,0.0,0.588
06,29,19,1,1.95,0.51,0.522
06,39,15,1,0.84,1.19,0.604
19,28,16,0,0.09,0.0,0.64
04,29,10,0,0.33,0.0,0.682
37,39,15,0,0.45,0.0,0.927
13,29,12,0,0.64,0.0,0.78
16,39,25,3,2.15,1.4,0.547
18,19,22,0,0.17,0.0,0.894
07,17,13,0,0.4,0.0,0.628
04,18,10,0,0.16,0.0,0.4
18,29,21,0,0.81,0.0,0.774
04,20,10,0,0.05,0.0,0.368
07,18,11,0,0.21,0.0,0.474
