keyword,human_score,gpt_score,gemini_score,gpt_minus_human,gem_minus_human
Color,2.33,4.125,3.025,1.795,0.695
Contact,0.525,0.441,0.0,-0.084,-0.525
Direction,1.195,0.094,0.0,-1.101,-1.195
Distance,0.508,0.0,0.0,-0.508,-0.508
Fill,1.356,0.632,0.105,-0.724,-1.25
Number,0.425,0.941,0.765,0.516,0.34
Object,0.283,0.121,1.242,-0.162,0.96
Order,0.473,0.576,0.121,0.103,-0.352
Path,1.288,0.0,0.0,-1.288,-1.288
Pattern,1.362,1.975,0.7,0.613,-0.662
Position,0.75,3.051,3.462,2.301,2.712
Reverse,0.704,0.0,0.179,-0.704,-0.525
Rotation,0.328,0.133,0.0,-0.195,-0.328
Shape,0.62,0.676,1.265,0.056,0.644
Size,0.533,0.0,0.0,-0.533,-0.533
Symmetry,0.806,0.286,0.314,-0.52,-0.491
