idx,gpt,gem,gpt_gem,task,acc
01,0.6293305761827123,0.13753582128496358,0.34158415841584167,0ca9ddb6,0.9375
02,0.37378782052986703,-0.030374518254468727,0.3193216779030935,5168d44c,0.7894736842105263
03,0.10814761408717503,0.35355339059327373,0.9176629354822471,c8f0f002,0.5
04,0.15856207065821037,0.35076225552433565,0.3193216779030935,1c0d0a4b,0.4230769230769231
05,-0.22773393488463511,0.06846531968814576,0.2440467650459882,d5d6de2d,1.0
06,0.700114991832705,0.5800222742555622,0.6368613138686131,1caeab9d,0.3448275862068966
07,0.5124015919498999,0.43685648788369,0.8438159256945179,6a1e5592,0.4722222222222222
08,0.32650071551073756,0.19319568965132403,0.6357868020304569,1e32b0e9,0.4339622641509434
09,0.34794386717021175,-0.16713027442359885,0.3898846627545848,9ddd00f0,0.6363636363636364
10,0.3160665486900116,-0.030553996717937237,0.7236909710559811,6ea4a07e,0.7777777777777778
11,0.022716844980576852,-0.10540925533894599,0.3831305140884606,a3df8b1e,0.7142857142857143
12,-0.09500782084263672,-0.33159592372528107,0.5452261306532664,2dd70a9a,0.7647058823529411
13,-0.04599295566784194,-0.43437791464072945,0.28102189781021897,5c0a986e,0.5945945945945946
14,0.13145370511171245,0.31124619309328216,0.5557189302262112,d9f24cd1,0.8125
15,0.20755507522021263,0.11529936630361318,0.8438159256945179,bcb3040b,0.75
16,-0.004583492485141056,-0.21128856368212914,0.7050239879106325,0e671a1a,0.18461538461538463
17,0.18255693826184274,-0.11083814108754737,-0.22784810126582278,1f0c79e5,0.13580246913580246
18,0.4580126495742323,0.291876241604176,0.8438159256945179,69889d6e,0.4090909090909091
19,0.6083466357171577,0.03883063632237177,0.2848101265822785,73c3b0d8,0.2962962962962963
20,0.20933630659693375,0.02291746242570528,0.5340388653092569,96a8c0cd,0.2916666666666667
21,0.4531060466509682,-0.11552572417573714,0.39139684383206536,1e0a9b12,0.8
22,0.2590614652706299,0.35836836029103797,0.5822784810126582,93b581b8,0.6428571428571429
23,0.11009360410724896,0.47301616487964016,0.7717436331412897,d511f180,0.8235294117647058
24,-0.11917080461366748,-0.09166984970282113,0.62,6d58a25d,0.75
25,0.6243250537987912,0.5824654968715929,0.8574929257125442,7447852a,0.7647058823529411
26,0.483225696456182,0.2965597956876499,0.7875615306482167,1b60fb0c,0.22972972972972974
27,0.30160712739575457,0.09977884233893372,0.654930538417842,9dfd6313,0.2602739726027397
28,0.2674999391096722,-0.05177418176316236,0.12658227848101267,baf41dbf,0.3709677419354839
29,0.3886091833752991,-0.26100616793863374,0.0850253807106599,0d87d2a6,0.31343283582089554
30,0.21588455439219154,0.06260652077373555,-0.22784810126582278,73251a56,0.19718309859154928
31,0.11180339887498947,-0.13975424859373684,0.7187499999999999,00dbd492,0.5
32,-0.047414139612539735,0.27153769332085226,0.5146502354656655,c0f76784,1.0
33,0.20147552697059407,0.20147552697059407,1.0,0b17323b,0.8947368421052632
34,0.5051520114689849,0.3968583904939179,0.06895084216572825,4b6b68e5,0.6111111111111112
35,0.04525557286846651,0.24607002807249062,0.8511116351580582,e8593010,1.0
36,-0.05751062891092121,0.18157914543117643,-0.09119004404971603,3befdf3e,0.7058823529411765
37,0.3595116942721415,0.3595116942721415,0.9999999999999998,ce9e57f2,0.5217391304347826
38,0.6280089197908012,0.39824955889172764,0.5894160583941606,2bee17df,0.3617021276595745
39,0.34084669660748557,0.42008402520840293,0.6162360225133208,12eac192,0.18309859154929578
40,0.4141934541052989,0.4831879429738433,0.7163059635895684,42a15761,0.40425531914893614
